0,0,0,0,0,0,0,0,0,0,0,0,0,0,0,0,0,0,0,0,0,0,0,0,0,0,0,0,0,0,0,0,0,0,0,0,0,0,0,0,0,0,0,0,0,0,0,0,0,0,0,0,0,0,0,0,0,0,0,0,0,0,0,a
0.643946469,0.70963192,-5.44412046e-07,0.57976228,0.667507291,-0.00214623637,0.547146559,0.610325158,-0.00292067043,0.541984677,0.548245668,-0.00893461797,0.539551497,0.501912951,-0.0124945696,0.578875,0.552797,0.0239339,0.575103,0.503022492,0.00221285527,0.573777616,0.546077967,-0.0129845953,0.577021837,0.579325259,-0.0188862216,0.608489692,0.549996853,0.0157807767,0.604168117,0.497092932,-0.0060852929,0.600317717,0.551765263,-0.0153195122,0.603355348,0.582995474,-0.0153114097,0.638977766,0.552027583,0.00337066082,0.633264184,0.500723,-0.0171230696,0.627194107,0.554842293,-0.0113295866,0.630271733,0.587829173,-0.000535271,0.672164381,0.560145855,-0.00983865745,0.662552714,0.513651669,-0.0173274074,0.653450966,0.550718963,-0.00643481547,0.654402494,0.577736318,0.00536581175,a
0.64134,0.702666223,-6.1889034e-07,0.571356356,0.661613,-0.00355701102,0.535323918,0.599464595,-0.0049884906,0.528243601,0.531887412,-0.0117014796,0.523190618,0.481926799,-0.0154087134,0.56600368,0.535874903,0.0219511483,0.560280383,0.479750186,-0.00230882061,0.562462091,0.528148472,-0.0176696796,0.567346156,0.562972665,-0.0229659341,0.59918344,0.531653464,0.0133829033,0.592353046,0.474719435,-0.010158631,0.592328727,0.535258293,-0.0180579163,0.597124398,0.56670922,-0.0166295785,0.633102655,0.533243239,0.000129295528,0.62485379,0.478497028,-0.021848388,0.622469783,0.537809849,-0.013605467,0.627039969,0.570503533,-0.000865600072,0.669378757,0.541822314,-0.0141664911,0.657429099,0.491780698,-0.0215279702,0.650006592,0.532530069,-0.00846453477,0.652504623,0.560191,0.00492416136,a
0.620617867,0.698781,-6.25303414e-07,0.547723472,0.653062463,-0.00143872655,0.511769354,0.585549295,-0.00171154819,0.50597614,0.514794588,-0.00823838729,0.501540124,0.461695671,-0.0119320406,0.542736471,0.519043684,0.0271267388,0.537393212,0.461610734,0.00255184388,0.537356794,0.511420786,-0.014162452,0.542283952,0.549703121,-0.0204547606,0.576072037,0.513978601,0.0170037877,0.569374442,0.453367263,-0.0068046879,0.566550136,0.516981483,-0.0157637484,0.572259724,0.552529216,-0.0148521336,0.611526191,0.51612854,0.0020420209,0.604072154,0.457937539,-0.019876102,0.597749412,0.5204705,-0.0118242223,0.602416813,0.558384418,0.000912620162,0.649898171,0.525835872,-0.0139875496,0.639563441,0.472736686,-0.0210898034,0.628350914,0.514148891,-0.00801140349,0.629102945,0.544880807,0.00545135187,a
0.57299453,0.701376438,-6.38816118e-07,0.497213632,0.655690551,-0.00246114656,0.459139109,0.585993826,-0.00375201739,0.453124344,0.512981236,-0.0111028673,0.450713903,0.45694381,-0.0158743672,0.491436154,0.51579839,0.0253467821,0.488054752,0.455811858,-0.000299606269,0.486174226,0.504835427,-0.0186007731,0.491082489,0.545347333,-0.026168,0.525492251,0.509358168,0.0148308957,0.520361125,0.444696665,-0.00938166,0.516809344,0.506739,-0.0194261968,0.52294296,0.545620382,-0.0193840638,0.561410904,0.50951463,-0.000584730646,0.555276394,0.448136449,-0.022072928,0.548956,0.510114312,-0.0139657892,0.554417,0.549825311,-0.00167017174,0.600734115,0.518517315,-0.0173467062,0.589433193,0.463169903,-0.0248383135,0.580155,0.506553113,-0.0114758648,0.583571196,0.539416134,0.00203377684,a
0.515520215,0.716108918,-6.69129065e-07,0.44105798,0.672065556,-0.00094384019,0.402905911,0.599528968,-0.00149275991,0.395843595,0.526289105,-0.00869625155,0.391014814,0.468819857,-0.0134850945,0.435674429,0.522262692,0.027208237,0.427580059,0.455963135,0.00306026475,0.420302093,0.503794849,-0.0136292288,0.42545107,0.544210672,-0.02044308,0.468208611,0.515987754,0.0156432837,0.457443148,0.445202589,-0.00776863,0.447923064,0.509539485,-0.0162099451,0.456688702,0.548408,-0.0148789017,0.503812253,0.517588854,-0.000835544895,0.492774308,0.451218516,-0.0226505734,0.482096672,0.516746461,-0.0140943117,0.490507066,0.55706203,-0.00121759495,0.543662488,0.527551353,-0.0184588972,0.529306889,0.467894375,-0.0264469236,0.515936494,0.514171898,-0.0129195396,0.520426095,0.548778355,0.000880730397,a
0.481768847,0.721134126,-6.78411823e-07,0.405886292,0.685319901,-0.000870676769,0.366300464,0.613953829,0.000220136193,0.358309418,0.540238738,-0.00529949879,0.35124436,0.484675497,-0.00794397946,0.399749964,0.538042903,0.0298555791,0.388433546,0.476495326,0.00499747833,0.383400857,0.527928293,-0.00964796823,0.388823152,0.56324923,-0.0143199917,0.431757629,0.530913472,0.018982416,0.419068187,0.47171244,-0.00566430902,0.413372844,0.54199,-0.0127711874,0.423354328,0.569955587,-0.00979783759,0.467194617,0.530976117,0.00284052594,0.452405453,0.474737167,-0.0221328512,0.446823806,0.546747923,-0.0118870232,0.458453029,0.579047501,0.00339877349,0.507496893,0.53753,-0.0142063955,0.488307267,0.484673232,-0.0237705261,0.478699267,0.536277,-0.00904728658,0.487148613,0.566879034,0.00648222025,a
0.473759055,0.722694576,-7.13539748e-07,0.394216567,0.694843352,-0.0034697582,0.350293547,0.626756191,-0.00292278687,0.339501321,0.551228285,-0.00846650172,0.33393532,0.495721102,-0.0102697667,0.383960158,0.548386097,0.0291090365,0.37099275,0.488085777,0.00156481075,0.371175438,0.545386791,-0.0141322305,0.378921211,0.579960465,-0.0188930016,0.418045551,0.540278673,0.0195270199,0.403699726,0.480276704,-0.00899018627,0.404294848,0.555151045,-0.0162042193,0.416064829,0.581384301,-0.0121276211,0.454288363,0.537888885,0.00408867281,0.43767482,0.479761541,-0.0246110689,0.436943024,0.556877613,-0.0133255143,0.450093865,0.588475,0.00408803206,0.495491982,0.540856302,-0.0124274231,0.475571543,0.489571095,-0.0238793585,0.468147248,0.544325054,-0.00892981701,0.47700727,0.573800147,0.00749393366,a
0.512877762,0.707503796,-6.46472074e-07,0.437467545,0.670709968,-0.00184513733,0.395055026,0.60585326,-0.0022922561,0.382570714,0.535854518,-0.00888191909,0.380701303,0.481531203,-0.0125455325,0.423076034,0.533443928,0.026432436,0.411616594,0.481879503,0.00181333546,0.412846863,0.535747,-0.0133733097,0.421401531,0.564346313,-0.0194960274,0.455815315,0.5261181,0.0156037062,0.443071127,0.474924654,-0.00858985633,0.442624748,0.5411098,-0.0155077428,0.452523112,0.563321,-0.0133881057,0.491320133,0.525114,-0.00042712281,0.477884531,0.476861507,-0.0234003607,0.473954022,0.54119575,-0.0132331047,0.483004302,0.566759288,0.000536367763,0.530860543,0.531299889,-0.0176187,0.51247263,0.486699164,-0.0251870397,0.50488764,0.53314662,-0.010737746,0.512509227,0.557881951,0.00350187137,a
0.564388,0.696670532,-6.19641355e-07,0.49356845,0.65587455,-0.00509498455,0.453236312,0.586644232,-0.00766747864,0.443774283,0.519790888,-0.0152902659,0.441741228,0.467890799,-0.0201985,0.479901403,0.516244352,0.0174249262,0.472672552,0.468257844,-0.0091222208,0.472638845,0.520457387,-0.0265936106,0.47886923,0.553060949,-0.0342036895,0.513358951,0.513169706,0.00774144288,0.505997,0.464020312,-0.0165628772,0.504664183,0.525793433,-0.0248595756,0.511053801,0.553166151,-0.0247056913,0.548659325,0.516594768,-0.00674919924,0.540565848,0.468989551,-0.0293821152,0.536138713,0.529208481,-0.0201503206,0.541749,0.559270144,-0.00793730095,0.586780667,0.527353227,-0.0225847904,0.573571742,0.481643975,-0.0310720112,0.566839159,0.524735689,-0.0172707438,0.570974648,0.551227,-0.00381751684,a
0.644467592,0.675705373,-5.57757744e-07,0.577842236,0.630422354,-0.00597282499,0.541756272,0.561218262,-0.00770903146,0.535536468,0.491914362,-0.0141593218,0.541969121,0.440285742,-0.0173886139,0.573936522,0.499174416,0.0207742807,0.572929859,0.448028296,-0.00443555973,0.570016623,0.497680217,-0.0193976182,0.573722363,0.526461482,-0.0251226146,0.608496904,0.500393,0.012453353,0.60711813,0.448238075,-0.0124129727,0.600737393,0.509826303,-0.0196630117,0.604806244,0.53297168,-0.0178829785,0.643376291,0.507284045,-0.00100460707,0.641498089,0.458822131,-0.0252958313,0.631979465,0.518123388,-0.0161397159,0.634301245,0.543957472,-0.00277850032,0.680361211,0.521053135,-0.0156702269,0.672069192,0.475175947,-0.0246092621,0.662248254,0.517205,-0.0110769253,0.664134443,0.541510463,0.00264961366,a
0,0,0,0,0,0,0,0,0,0,0,0,0,0,0,0,0,0,0,0,0,0,0,0,0,0,0,0,0,0,0,0,0,0,0,0,0,0,0,0,0,0,0,0,0,0,0,0,0,0,0,0,0,0,0,0,0,0,0,0,0,0,0,a
0.678148866,0.681012213,-5.91534786e-07,0.608876,0.626525,-0.00373441027,0.574456692,0.556351721,-0.00433586258,0.571506083,0.481736749,-0.0104962904,0.580822229,0.428751945,-0.0131620904,0.610910296,0.496904,0.028925132,0.613096416,0.440717429,0.00339577277,0.609083354,0.489709437,-0.0128399087,0.608403325,0.521507621,-0.0188770387,0.646807849,0.499967098,0.0201819614,0.647484899,0.443130672,-0.00581570854,0.640532255,0.506340384,-0.0150807137,0.640449286,0.532928,-0.0139910905,0.682674587,0.507914245,0.00608028052,0.681774557,0.454096347,-0.0193607882,0.672343135,0.515879512,-0.0110971425,0.672145784,0.544882238,0.00266068778,0.720473588,0.52233541,-0.00900745578,0.714523137,0.4734025,-0.0177422594,0.703068674,0.517034471,-0.00397289358,0.702510357,0.543049037,0.0104190838,a
0.647765696,0.681710958,-5.45218199e-07,0.580450416,0.633513927,-0.00544120511,0.546766639,0.564506412,-0.00753096677,0.543044746,0.494944781,-0.0145547111,0.549086273,0.442984819,-0.018423697,0.581547,0.503489614,0.0218476988,0.58339721,0.447635144,-0.00273744,0.578775585,0.494382173,-0.0186515432,0.579658806,0.528512299,-0.0249280911,0.615578175,0.504406333,0.0136351651,0.616453171,0.448640049,-0.0103841117,0.608666956,0.507722616,-0.018857304,0.610160708,0.538149536,-0.0180517342,0.650123656,0.511347055,0.000453917542,0.649303377,0.460017622,-0.0218274929,0.639242947,0.516654253,-0.0137820803,0.639836907,0.548550963,-0.00154776475,0.68677,0.525689065,-0.0139902858,0.680665,0.477140933,-0.021848524,0.669531107,0.515940964,-0.00912794191,0.669178188,0.542974293,0.00386636681,a
0.596444,0.696655154,-5.40634915e-07,0.528237283,0.65023607,-0.00223474763,0.492263138,0.584092259,-0.00255377218,0.485028684,0.518929601,-0.00859277323,0.488864124,0.467540771,-0.0117542958,0.523522615,0.519281209,0.0280591119,0.519247055,0.468871355,0.00664168224,0.514428794,0.51363194,-0.00797160063,0.517779887,0.543114722,-0.0141229266,0.555284262,0.515590966,0.0187220909,0.550859094,0.463858902,-0.0023032655,0.543288231,0.520171165,-0.0102720484,0.547685,0.546277761,-0.00962568633,0.589236617,0.519146681,0.00451716548,0.583770514,0.470626414,-0.0153777404,0.573827147,0.524694324,-0.00822619069,0.577454031,0.552620113,0.00279810862,0.626113355,0.530224383,-0.0107742501,0.614855528,0.483478159,-0.0169128124,0.603555322,0.521216869,-0.00446642563,0.606110692,0.545783937,0.00796164479,a
0.524269104,0.717760563,-5.78475863e-07,0.452549934,0.680023,-0.000859737745,0.414378315,0.620075941,-0.00109724759,0.406309932,0.557080209,-0.00746463,0.403681517,0.507166326,-0.0112707214,0.442846388,0.554215431,0.0263578743,0.432706445,0.502942145,0.00388186774,0.431075573,0.548542678,-0.0107717738,0.437429726,0.579936206,-0.016284477,0.474249363,0.546566784,0.0159336664,0.465166658,0.491640836,-0.00594547344,0.461244583,0.549644411,-0.0129602505,0.469501346,0.577777088,-0.0110779535,0.508056045,0.545756817,0.000778042071,0.497510016,0.494842768,-0.0193232708,0.491189033,0.552061439,-0.0107510388,0.498785973,0.581346393,0.0015529939,0.545465112,0.552129,-0.0154567398,0.530199707,0.503782749,-0.0214270428,0.52063,0.543767095,-0.00782006,0.52570051,0.570631742,0.00557080144,a
0.476239443,0.739486098,-6.41125894e-07,0.402615905,0.714067757,-0.00312198512,0.360050172,0.656953573,-0.00431872671,0.347548127,0.589163244,-0.0112019815,0.343548864,0.536643326,-0.015202689,0.386481404,0.584445357,0.0236636568,0.373756,0.528423548,-0.000538717955,0.374186784,0.577995837,-0.0147754019,0.382660776,0.609765887,-0.0195640065,0.417867959,0.575012684,0.0144127412,0.404877514,0.517978191,-0.00922883488,0.404401749,0.582143247,-0.0153624648,0.414767683,0.609036267,-0.0124394167,0.451992393,0.570600271,0.000161239324,0.437230766,0.517473757,-0.0231055468,0.435437232,0.58271116,-0.013218293,0.446170747,0.612424612,0.000926980807,0.490547031,0.572248578,-0.0151170231,0.471167892,0.524343193,-0.0233821291,0.464282513,0.571609914,-0.00929991622,0.471948743,0.6000368,0.00500458106,a
0.461600363,0.749080718,-6.59456873e-07,0.386673599,0.730360448,-0.00388095528,0.341225594,0.673112512,-0.00361267617,0.326816738,0.603329182,-0.00895148329,0.321761638,0.551432,-0.0109693091,0.368579507,0.598431349,0.0270296894,0.353506505,0.545185447,0.00151081441,0.357713193,0.597262919,-0.013050423,0.367112547,0.628134489,-0.0174889788,0.401129723,0.587068737,0.0184365977,0.385094583,0.533584654,-0.00815512333,0.390229255,0.601832509,-0.0150666535,0.402171165,0.626139581,-0.0114041893,0.435580075,0.581042886,0.00434031943,0.417517573,0.528284192,-0.0227849409,0.420919955,0.598973155,-0.0128528643,0.433862627,0.628070295,0.00311255059,0.474781811,0.580311298,-0.0107265878,0.453656167,0.534586966,-0.0220199302,0.449602544,0.585664928,-0.00868444797,0.458611161,0.613211036,0.00627425034,a
0.498604834,0.728054047,-6.09050119e-07,0.426294208,0.70035851,-0.00461985637,0.381444812,0.642086148,-0.00701225363,0.368931144,0.576310873,-0.0142357508,0.361463964,0.52561748,-0.0182382334,0.403087169,0.571471393,0.0167253725,0.392968655,0.518860877,-0.0092773,0.396848112,0.567798793,-0.0238299426,0.404668927,0.598546088,-0.0285325572,0.43641147,0.562744439,0.00763836643,0.426716298,0.509847105,-0.0178521741,0.429626673,0.572523892,-0.023529036,0.437783748,0.598418236,-0.0203005429,0.471721411,0.559415519,-0.0062612677,0.460335195,0.509893596,-0.0304299481,0.461151272,0.57214576,-0.0200831611,0.469643146,0.600262463,-0.00577096501,0.51027745,0.562204659,-0.0212521609,0.493689358,0.516464353,-0.0301874168,0.489912152,0.561093211,-0.0161853842,0.496403217,0.586988568,-0.00194124237,a
0.55357635,0.705390453,-6.25005953e-07,0.4834629,0.662573576,-0.0020962453,0.444370359,0.600237727,-0.00422950741,0.434637904,0.534479678,-0.0120810475,0.437126219,0.482955873,-0.0171240121,0.471453935,0.533126056,0.0213599037,0.464764118,0.480748504,-0.0035716407,0.464378834,0.530096292,-0.0193098299,0.47088328,0.56184876,-0.0255562067,0.503559053,0.528563678,0.0110511677,0.495507568,0.476237923,-0.0126378313,0.493356228,0.53572619,-0.0195328407,0.500644326,0.562917829,-0.0178901423,0.537887096,0.529204726,-0.00399427302,0.528972805,0.481456935,-0.0255315378,0.523860574,0.539426,-0.0160586257,0.529943228,0.568130195,-0.00331855216,0.575006664,0.53721559,-0.020144809,0.560260177,0.492468059,-0.0268120281,0.552124679,0.534482181,-0.01281852,0.556674898,0.56021136,0.000734253437,a
0.615822792,0.686720848,-5.7130552e-07,0.548245072,0.636753559,-0.00411670422,0.513790369,0.568102479,-0.00601071585,0.508378088,0.499608427,-0.0129701877,0.513867438,0.447501779,-0.0169370603,0.545217752,0.505960703,0.0213989504,0.546400547,0.454306692,-0.0034043754,0.544072151,0.50369674,-0.0192793105,0.546741962,0.535753071,-0.0257147532,0.578798115,0.506605566,0.0123679023,0.57848835,0.454272866,-0.0116462503,0.573685527,0.514282107,-0.0195786543,0.577225387,0.541075885,-0.0187279582,0.613284349,0.513318717,-0.00144509203,0.611443877,0.465092778,-0.0239414,0.603242397,0.522286057,-0.0151427444,0.60549283,0.551265895,-0.00264739618,0.64985466,0.527189314,-0.0163732972,0.641531408,0.481257051,-0.0238832906,0.632140517,0.521909833,-0.0101756761,0.633817434,0.547154844,0.00333047216,a
0.657340586,0.688340187,-6.10210293e-07,0.590762794,0.627664268,-0.00543686328,0.561070383,0.553050697,-0.00679264544,0.563371956,0.478611767,-0.0134690292,0.572459221,0.425353229,-0.0163809713,0.603638291,0.493043065,0.0265168622,0.607218802,0.438058913,0.000317288534,0.598161876,0.489815772,-0.0148971379,0.597500205,0.521285415,-0.0201468095,0.638364851,0.49856171,0.0179108828,0.641738415,0.443917841,-0.00765784504,0.628737569,0.509348571,-0.0143949846,0.629713476,0.531664133,-0.011729355,0.673631728,0.510634422,0.0035145178,0.675160229,0.458410501,-0.0223802086,0.660607398,0.521787703,-0.0122127095,0.661650658,0.54692471,0.0026660373,0.71072948,0.529865384,-0.0120696686,0.707304716,0.480474949,-0.0214164071,0.691853642,0.524936795,-0.00681861024,0.691635847,0.549210727,0.00824303459,a
0,0,0,0,0,0,0,0,0,0,0,0,0,0,0,0,0,0,0,0,0,0,0,0,0,0,0,0,0,0,0,0,0,0,0,0,0,0,0,0,0,0,0,0,0,0,0,0,0,0,0,0,0,0,0,0,0,0,0,0,0,0,0,a
0.656789422,0.695208371,-6.43946862e-07,0.590284169,0.629487216,-0.00575762335,0.5624125,0.551316381,-0.00745711476,0.567659676,0.476253,-0.0145405158,0.578189909,0.4227947,-0.0179200042,0.60873419,0.492287457,0.0251082219,0.616266966,0.436148345,-0.00251883524,0.604760706,0.489654809,-0.0184627175,0.602633238,0.522531867,-0.0239039548,0.643515825,0.499807894,0.0163849797,0.650276542,0.444322109,-0.0108053805,0.635662377,0.510539651,-0.0177820493,0.636389136,0.534244657,-0.0149504915,0.678647459,0.512240767,0.00184645283,0.681343198,0.461223245,-0.0246681906,0.665537655,0.525197506,-0.0141252093,0.665923119,0.550726,0.0010654052,0.715336,0.531321943,-0.0139699224,0.711513758,0.481554031,-0.0232117772,0.696033,0.527290523,-0.0078969663,0.695691645,0.552670956,0.00768182846,a
0.609249413,0.700483203,-6.45824059e-07,0.542075872,0.642882288,0.000681174,0.51293987,0.568003178,0.000909744645,0.512659848,0.498420715,-0.00566308387,0.519828141,0.445533663,-0.0100551462,0.555086076,0.504412711,0.0278414078,0.548598,0.450732201,0.00500204973,0.538782775,0.499930382,-0.0102433525,0.543338299,0.533869743,-0.0167059414,0.586095452,0.506270707,0.0158498567,0.579010189,0.450368762,-0.00678145839,0.567813575,0.512631238,-0.0142153157,0.575847507,0.544357896,-0.0125612384,0.619773209,0.515052855,-0.00078631792,0.610817134,0.462946,-0.0212539751,0.597410381,0.522919,-0.0115293739,0.603581488,0.55522269,0.00131111441,0.65667963,0.532550573,-0.0184921399,0.643363893,0.484146476,-0.0246552397,0.62877357,0.52619952,-0.0102806408,0.632939816,0.553973198,0.0035022588,a
0.56036365,0.710989714,-6.28022462e-07,0.485803664,0.673138,-0.00550198089,0.441847086,0.611037254,-0.007548152,0.428708911,0.538674533,-0.0147616267,0.429658592,0.484213114,-0.0182781201,0.466364264,0.542543054,0.0231973212,0.459733218,0.483352542,-0.00249050744,0.463590175,0.535163879,-0.0175224114,0.469776392,0.565033376,-0.0228602104,0.50052923,0.534977853,0.014895102,0.493946016,0.479251206,-0.00962772314,0.496300101,0.543039203,-0.0159234088,0.502407193,0.566498876,-0.0134669701,0.536389828,0.532904,0.00110912696,0.527726,0.482446432,-0.0229994059,0.527190447,0.544384062,-0.0130461734,0.533014357,0.571109653,0.000938189041,0.574850559,0.537783861,-0.0139546841,0.560820699,0.490448117,-0.0221140739,0.555765688,0.53558439,-0.00779067213,0.560611606,0.561600089,0.00653133355,a
0.518403232,0.710879326,-5.50587686e-07,0.450446904,0.704832911,-0.0207693707,0.396821171,0.640664816,-0.0238393433,0.37463361,0.559683323,-0.0277035087,0.366957963,0.503171682,-0.0248820577,0.411443204,0.564839482,0.0184725691,0.409647077,0.504817247,-0.0112407068,0.422942907,0.562332213,-0.0250966027,0.424355596,0.586763322,-0.0286109429,0.44818306,0.55246377,0.0180761162,0.447003067,0.499187618,-0.0117103271,0.457392275,0.568602383,-0.0172117874,0.453278273,0.581759632,-0.0120469611,0.482606113,0.546491742,0.00970662,0.481644869,0.502801061,-0.0217392072,0.489220738,0.567303419,-0.0128384782,0.486468673,0.582389176,0.00280324183,0.518834233,0.543177664,-0.000932983705,0.515592,0.505954206,-0.0142012909,0.518238127,0.552201211,-0.0030647011,0.51841867,0.569571733,0.010282713,a
0.495164126,0.730826855,-5.93280561e-07,0.424872816,0.719718277,-0.0207948219,0.369480044,0.657565057,-0.0252104867,0.346897423,0.575986385,-0.0309532806,0.340858728,0.514878511,-0.0305166394,0.381593913,0.57438755,0.0190419462,0.380681098,0.514815211,-0.0135108465,0.394845098,0.568972766,-0.0305526797,0.397317767,0.594463825,-0.0358016603,0.41918245,0.562905,0.0174832679,0.418921411,0.509114683,-0.0158994403,0.43101874,0.580196142,-0.024866078,0.427333504,0.595300198,-0.0214598477,0.455028981,0.557198048,0.0079916995,0.455721289,0.513102591,-0.0281810239,0.463681281,0.582336485,-0.0211787559,0.45967,0.59865737,-0.00551982,0.492292196,0.554948628,-0.00340062263,0.489000201,0.513725102,-0.0196097214,0.491167963,0.566023469,-0.00792076252,0.489790261,0.586924434,0.00671632029,a
0.486599058,0.740522385,-5.89993931e-07,0.416284382,0.731939793,-0.0271520987,0.357678711,0.671088517,-0.0335169137,0.331871122,0.588035703,-0.0398787,0.324290246,0.525016248,-0.0387263261,0.366110325,0.584676147,0.0170086324,0.364943,0.52181083,-0.0180292856,0.381465882,0.582385421,-0.035791833,0.382346898,0.607495368,-0.0413221531,0.404332101,0.572164357,0.0181533489,0.404193491,0.514708221,-0.0192581639,0.418122381,0.590277731,-0.0292395316,0.41101566,0.604403138,-0.0254438799,0.440235019,0.565448284,0.0104063405,0.441239208,0.518829286,-0.0293746367,0.450492024,0.59164995,-0.0227399599,0.443052471,0.605732441,-0.0063597085,0.477118015,0.561354101,0.000252256112,0.474999189,0.520906627,-0.0182153843,0.47853139,0.575259149,-0.00753005408,0.475311071,0.594148576,0.00691400561,a
0.500249565,0.729844749,-6.04218258e-07,0.430266261,0.711137354,-0.0215503331,0.376118481,0.646611273,-0.0274976734,0.354159743,0.564103484,-0.0347230397,0.351662606,0.500941098,-0.0357729718,0.388576746,0.565295041,0.015916191,0.38729018,0.504842043,-0.0165254511,0.399427474,0.562027574,-0.0329472832,0.401174456,0.587728262,-0.0382291935,0.425301492,0.554781,0.0143446205,0.424937755,0.502225518,-0.0180795379,0.434478045,0.573784,-0.0254110042,0.431055367,0.588378668,-0.0216549374,0.461222947,0.550250828,0.00480011338,0.460884631,0.507054329,-0.0298879,0.466641188,0.576170206,-0.021401437,0.463654846,0.592117906,-0.00576888,0.498939246,0.550524414,-0.00694938283,0.494814128,0.511646569,-0.022764435,0.495486379,0.564102769,-0.0111528784,0.495062202,0.584435701,0.0028758077,a
0.547370851,0.711997032,-6.63416188e-07,0.479100406,0.669409871,-0.0154506247,0.438108027,0.591916919,-0.0203908179,0.429921746,0.510324597,-0.0280875135,0.433965415,0.451190084,-0.0307224058,0.463283,0.519478917,0.0151343662,0.468874454,0.46183458,-0.0170006286,0.46921134,0.522538,-0.0341157466,0.468894571,0.547612071,-0.0406609848,0.500463307,0.520657301,0.0094848685,0.505283,0.468310416,-0.0221875086,0.500477612,0.539234519,-0.0289285947,0.497878283,0.553125,-0.0258234143,0.536735415,0.526647687,-0.00332777784,0.541462421,0.483941317,-0.0341200344,0.53307271,0.550092161,-0.023650635,0.529175639,0.562828362,-0.00892481301,0.574629545,0.538354397,-0.0184117574,0.574174285,0.500947535,-0.0307008289,0.565625846,0.551448822,-0.0172520429,0.56351161,0.568995178,-0.00350016193,a
0.611114264,0.704893,-6.54192831e-07,0.550299227,0.649483681,-0.0193703547,0.522132933,0.559628665,-0.0252782796,0.528652966,0.474408209,-0.0329425037,0.544961154,0.417027473,-0.0351708047,0.564154506,0.494413942,0.0116089182,0.573540449,0.43926096,-0.0210227892,0.56338805,0.501042426,-0.0363731608,0.560313344,0.523653865,-0.0416074656,0.60008651,0.506126106,0.00766404066,0.607695,0.458450705,-0.0248354357,0.592381477,0.53079021,-0.0297926068,0.589632392,0.539962649,-0.0249797907,0.634700954,0.522973657,-0.00397527963,0.640755236,0.48563844,-0.038105987,0.623935819,0.553987801,-0.0268158615,0.620888352,0.561991572,-0.010552818,0.671221137,0.544751048,-0.0179038644,0.670173764,0.514399409,-0.0330065116,0.655782759,0.565694213,-0.0201187246,0.654482603,0.578141809,-0.00622388953,a
0.658677,0.712732732,-6.80048061e-07,0.598028839,0.649439752,-0.0206724275,0.573688686,0.554621875,-0.0243828017,0.59023869,0.467972249,-0.0291868914,0.609253764,0.411392897,-0.0276279859,0.622240961,0.492463857,0.0181587208,0.640882194,0.446253955,-0.0135797337,0.626300395,0.506349385,-0.0290514193,0.617586136,0.522069156,-0.0340329707,0.658969402,0.512165248,0.016472267,0.675654471,0.472952276,-0.0159957707,0.654256284,0.545033395,-0.0223644823,0.646029711,0.545274734,-0.0182170086,0.692752182,0.533927739,0.0065154531,0.707363307,0.501012444,-0.0301230662,0.684569478,0.569859922,-0.0217832066,0.677181184,0.570515752,-0.00636889413,0.727768421,0.557866931,-0.00543210749,0.737219512,0.526876926,-0.0223221,0.717552543,0.580011487,-0.0105959764,0.710553646,0.59160161,0.00328464573,a
0,0,0,0,0,0,0,0,0,0,0,0,0,0,0,0,0,0,0,0,0,0,0,0,0,0,0,0,0,0,0,0,0,0,0,0,0,0,0,0,0,0,0,0,0,0,0,0,0,0,0,0,0,0,0,0,0,0,0,0,0,0,0,a
0.668092608,0.71313405,-7.41172869e-07,0.608172536,0.647467256,-0.0216661189,0.581258476,0.5535,-0.0281008948,0.597977877,0.467897713,-0.0357662663,0.625389218,0.41738233,-0.0367006771,0.634415627,0.494010627,0.0130790332,0.652375281,0.446014583,-0.0199138205,0.637289703,0.513417125,-0.0355189703,0.63176316,0.528305173,-0.0410831273,0.67254746,0.5151456,0.0111572249,0.687988043,0.474375665,-0.0226645116,0.665400267,0.549190938,-0.0280661564,0.659812689,0.547486961,-0.0236150902,0.707756817,0.53741616,0.00116742565,0.722034752,0.497197151,-0.0356112383,0.697096348,0.566669047,-0.0243291184,0.691713274,0.567388773,-0.00732044689,0.74332881,0.56282413,-0.0109858187,0.75214088,0.523182452,-0.0271195322,0.731105566,0.57513839,-0.0130742872,0.725656688,0.587606311,0.00211471715,a
0.650909,0.724641442,-7.1041336e-07,0.588194,0.651849151,-0.00819617,0.564301372,0.56546694,-0.00950164255,0.579185128,0.486885071,-0.0154035958,0.604175568,0.43898052,-0.0171199534,0.620452,0.517734349,0.025049556,0.628553927,0.46856004,-0.00121108082,0.613542855,0.524413526,-0.0149527499,0.613335,0.547908664,-0.0197370052,0.65674144,0.533509851,0.0178524423,0.662733078,0.488011628,-0.00921602361,0.642730951,0.556325197,-0.0137047237,0.645307362,0.570593834,-0.00915242452,0.691635251,0.552962422,0.00420908257,0.696531177,0.506720185,-0.0251472667,0.673858404,0.572120667,-0.0139322253,0.674725175,0.588335037,0.00224106107,0.727876425,0.578703225,-0.0106653478,0.727021575,0.531874776,-0.021780163,0.706232548,0.58036,-0.00651530595,0.705571592,0.602761,0.00910622068,a
0.611623764,0.745709062,-7.19268371e-07,0.55088973,0.668267071,-0.0130370772,0.53370285,0.575326681,-0.0155589618,0.552615047,0.496520758,-0.0215660464,0.57790482,0.446656168,-0.0223327186,0.594826281,0.524872243,0.0204745214,0.595504045,0.481279671,-0.00792899635,0.576340437,0.540713847,-0.0204927903,0.580637097,0.554281056,-0.025038708,0.630989373,0.545475543,0.013836463,0.627374053,0.505124152,-0.0181896482,0.60270226,0.577953935,-0.0211706795,0.613184094,0.584076166,-0.0142354984,0.665271103,0.571585834,-5.83612e-05,0.659798503,0.534974158,-0.0339194275,0.632145584,0.602042,-0.0207963865,0.641120791,0.60702908,-0.00238785101,0.700703502,0.602291524,-0.0157433115,0.689742386,0.567788661,-0.0294754282,0.666830838,0.61252588,-0.0149360253,0.675382435,0.623198867,0.00058308203,a
0.55352366,0.784842193,-7.12779354e-07,0.490735054,0.710708261,-0.0129581839,0.466127753,0.617193699,-0.0172082279,0.48140946,0.535920143,-0.0250498764,0.505822361,0.481548309,-0.0280954242,0.523190677,0.562914,0.0171137303,0.525165915,0.517021894,-0.0119937155,0.508823156,0.576901197,-0.0249638669,0.510209322,0.597522259,-0.0293895416,0.561153948,0.580926657,0.0102584939,0.558466554,0.542449594,-0.0204880871,0.537712216,0.613951147,-0.0231028162,0.544359446,0.623941898,-0.0171163473,0.596948802,0.604871452,-0.00372888823,0.59178406,0.570932806,-0.0375085957,0.568063915,0.638123035,-0.0248521268,0.572472811,0.648138702,-0.00747036887,0.633587658,0.635083675,-0.0192986075,0.62272495,0.599571466,-0.0340297595,0.601810753,0.647796452,-0.019777013,0.605219245,0.663511157,-0.00472638663,a
0.509109259,0.822013259,-7.77571245e-07,0.439640462,0.759018421,-0.0107393302,0.406571627,0.668187,-0.0139199952,0.411757469,0.583471894,-0.0214903727,0.43274653,0.525310934,-0.0246767309,0.46055159,0.597635031,0.0184867922,0.450881034,0.552012324,-0.0114836385,0.44007495,0.618345737,-0.0251117758,0.446167052,0.64030093,-0.0297906548,0.49954313,0.607662261,0.00984655228,0.487322569,0.569106638,-0.0219019651,0.472706974,0.648497939,-0.0245290603,0.481651276,0.662608624,-0.0176856276,0.537697494,0.625548244,-0.00574900676,0.523110449,0.593227863,-0.0398186743,0.505089939,0.668194771,-0.0265122242,0.512358904,0.681052,-0.00816823449,0.577769816,0.650569737,-0.0228038523,0.558533192,0.618662298,-0.0371380821,0.541435122,0.672455609,-0.0219323132,0.548320949,0.68806529,-0.00587036554,a
0.467164904,0.850734711,-7.95242e-07,0.382041216,0.819670498,-0.00956349,0.331011415,0.742211461,-0.0100815725,0.320914507,0.652869701,-0.0154807288,0.332087457,0.588931799,-0.0153192701,0.371909231,0.656181574,0.028193146,0.357525408,0.603418469,0.000344822474,0.361380786,0.673749208,-0.0129165044,0.371667027,0.691851377,-0.0177985467,0.410455316,0.647255,0.0203329306,0.392886907,0.602983117,-0.0105408728,0.396211833,0.686931551,-0.0136166355,0.410942048,0.692452,-0.00665591937,0.450370073,0.646073103,0.00504392432,0.431680441,0.60185343,-0.0268695951,0.429203093,0.682604551,-0.0120889945,0.442183703,0.692478657,0.00737041468,0.495141059,0.650219798,-0.0121676866,0.474226028,0.610039234,-0.0243701544,0.464697242,0.670334041,-0.00816223398,0.474795043,0.688730538,0.00872370228,a
0.459402502,0.842143416,-8.12060591e-07,0.374618083,0.820044637,-0.00536334328,0.324493915,0.750771821,-0.00395163288,0.312886417,0.666160941,-0.00854944438,0.318367481,0.604237199,-0.00888929144,0.359947801,0.666080236,0.0327441804,0.346161455,0.610817313,0.00574058108,0.351591021,0.675847828,-0.0102857053,0.362873942,0.705625415,-0.0163499843,0.396940649,0.654115796,0.0240910389,0.380341679,0.601202965,-0.00463979226,0.386779606,0.682034373,-0.0117020672,0.400250137,0.703641713,-0.00788105745,0.434434444,0.647697508,0.00892414339,0.416331142,0.591622651,-0.0207808297,0.41762957,0.672776759,-0.0086434558,0.431223363,0.702036,0.00916258153,0.477532208,0.645758331,-0.00765806343,0.456696153,0.592127621,-0.0195346884,0.450235099,0.651185572,-0.00394725613,0.458420962,0.681031406,0.0127301179,a
0.482713968,0.811294258,-7.37445646e-07,0.407093763,0.784836888,-0.00383758708,0.358840764,0.717437744,-0.0047225086,0.348951042,0.641855896,-0.0115342643,0.35645166,0.584528267,-0.0150796091,0.390805364,0.638164759,0.0216223728,0.377729714,0.581314564,-0.00378023507,0.377901077,0.640841424,-0.0175054502,0.387279272,0.67231518,-0.0223033074,0.424963683,0.628705,0.0117807928,0.411669254,0.574023902,-0.0145279439,0.411090136,0.647298217,-0.01932377,0.422483385,0.673875332,-0.0149652436,0.4619084,0.624807417,-0.00334496843,0.447083801,0.571299613,-0.0293506775,0.443362147,0.643795133,-0.0176683683,0.45372647,0.675004244,-0.00182680041,0.502945721,0.627092838,-0.0195956677,0.483579755,0.572247565,-0.0298728943,0.47590977,0.62245971,-0.0151857436,0.484527528,0.652399898,-5.63547947e-05,a
0.536734283,0.780406356,-7.28835e-07,0.464202255,0.727790534,0.00287729735,0.430942416,0.654638231,0.0039316169,0.431543231,0.586175919,-0.00220333575,0.441622704,0.536489248,-0.00609252276,0.467017829,0.588899195,0.0264391024,0.458700895,0.534325361,0.00303192111,0.454553396,0.588316321,-0.0120685846,0.46059221,0.624655068,-0.0179791,0.499952972,0.586010456,0.0139779085,0.492205054,0.536629379,-0.00902013201,0.48691684,0.60046,-0.0164105594,0.494008422,0.631274462,-0.0150183355,0.535748065,0.588847876,-0.00279718474,0.527000785,0.541513145,-0.0235944036,0.518059373,0.603108466,-0.0147519903,0.523414075,0.635281682,-0.00258028926,0.574499369,0.599602818,-0.0203169081,0.562185884,0.548876584,-0.027198324,0.550824821,0.59243,-0.0134125147,0.554767847,0.621681094,9.15688506e-05,a
0.599770367,0.747533798,-6.75172203e-07,0.527640879,0.697638273,0.00286182668,0.492311209,0.633363426,0.00366512476,0.492142349,0.567799151,-0.00215952494,0.508835137,0.524970949,-0.0060841497,0.530443609,0.569160581,0.0234231111,0.523209751,0.51556468,0.00259733154,0.519314706,0.563236594,-0.012246253,0.524583638,0.603506744,-0.0183434598,0.563048065,0.567509651,0.0125733074,0.557082176,0.515767574,-0.007686364,0.552274108,0.571741283,-0.0154192867,0.557694554,0.610294282,-0.0152662434,0.597557485,0.570830464,-0.00192946882,0.590657532,0.520585775,-0.0192581937,0.581622362,0.574514031,-0.0126061067,0.585028887,0.613606811,-0.00286106719,0.63471365,0.581555843,-0.0171160977,0.625208676,0.530809164,-0.0224351939,0.612880409,0.566276,-0.0111530898,0.612846434,0.598888159,-6.58415374e-05,a
0,0,0,0,0,0,0,0,0,0,0,0,0,0,0,0,0,0,0,0,0,0,0,0,0,0,0,0,0,0,0,0,0,0,0,0,0,0,0,0,0,0,0,0,0,0,0,0,0,0,0,0,0,0,0,0,0,0,0,0,0,0,0,a
0.632029712,0.726942599,-6.95000892e-07,0.565728366,0.664450109,0.00586727308,0.540381,0.595526218,0.00945918821,0.547470868,0.527797878,0.00495889923,0.566850245,0.486086398,0.00188783591,0.587962031,0.542488813,0.0382288322,0.591098487,0.488220304,0.0188917387,0.57961303,0.53475976,0.00473056128,0.577460885,0.575492442,-0.000173117107,0.619920313,0.5465042,0.0266353823,0.621540666,0.490805775,0.00603325851,0.605899453,0.549583435,-0.00309074833,0.605364799,0.588213,-0.00221919664,0.653416812,0.554694772,0.0108197266,0.651677132,0.499219954,-0.00952353142,0.634901881,0.55828625,-0.00422482425,0.634875834,0.598457336,0.00698452024,0.689600825,0.569672227,-0.00505132135,0.68204236,0.515497684,-0.0114885587,0.6656425,0.555257559,0.000801671587,0.665221155,0.58869046,0.0138408206,a
0.630372941,0.728213847,-6.74753949e-07,0.56504,0.666896164,-0.00793736894,0.536751211,0.584919751,-0.00943039823,0.544584095,0.504698694,-0.0157281794,0.559800088,0.450743496,-0.0179619621,0.583392,0.522574,0.0238183681,0.589498,0.468987,-0.00357376901,0.579990625,0.526519179,-0.0183898155,0.580218256,0.555948138,-0.0235285107,0.618692696,0.530151427,0.0159868523,0.624024272,0.477833807,-0.0114026945,0.610568762,0.549245715,-0.0169778597,0.612826049,0.569314539,-0.0132273594,0.654456079,0.54382962,0.0019347273,0.658659697,0.492014945,-0.0271799788,0.641659081,0.561870396,-0.0158013236,0.642263293,0.586510777,0.000544591865,0.691844881,0.565121949,-0.013435835,0.69097054,0.51483804,-0.0256713815,0.673385561,0.564016283,-0.011165685,0.671844363,0.589424491,0.0042861281,a
0.589430273,0.747687221,-7.06419826e-07,0.523323298,0.676999509,-0.00565529894,0.498295546,0.589699149,-0.00677960692,0.507547617,0.510649502,-0.0134723661,0.521598458,0.455017567,-0.0166133568,0.546552062,0.529022932,0.0258403365,0.546920717,0.477506,-0.00123503583,0.536720753,0.534359097,-0.0162270498,0.538874269,0.563475728,-0.0216070972,0.582032681,0.536705792,0.016076427,0.582122266,0.485140234,-0.0115890931,0.568780661,0.555759728,-0.0172568318,0.573569179,0.578136384,-0.0130187524,0.617960691,0.551544249,0.000265967159,0.614712,0.504717827,-0.0277293902,0.599425852,0.572906256,-0.0157577731,0.603551149,0.59572345,0.000813453633,0.655753613,0.57456249,-0.0168907363,0.646814048,0.528253078,-0.0270810556,0.63091439,0.577136278,-0.0110026235,0.633667827,0.600304842,0.00529059628,a
0.548296869,0.749457777,-7.04969636e-07,0.480435073,0.682270646,-0.00441178586,0.453101575,0.598399937,-0.0050837,0.459872454,0.519329965,-0.0115714362,0.4759835,0.464997113,-0.0144512989,0.501561,0.536958575,0.027980851,0.50292182,0.480170935,0.00288166758,0.492374659,0.537724137,-0.0116888415,0.494517058,0.56898278,-0.0172076486,0.535581946,0.542265832,0.0183908679,0.53548044,0.48722288,-0.00748144602,0.522022188,0.557793856,-0.0130069293,0.528174698,0.582896411,-0.00901716761,0.570480227,0.555188775,0.0029179235,0.568130195,0.502769828,-0.0229261741,0.551965296,0.570292115,-0.0111543629,0.556666851,0.597517431,0.00485582044,0.607615411,0.576840401,-0.013901501,0.600251913,0.527484477,-0.0230554827,0.582497954,0.575214386,-0.00765262451,0.584858954,0.601545453,0.00792021211,a
0.513069034,0.75697422,-7.38063761e-07,0.440855563,0.695391357,-0.00424646353,0.409345567,0.616041362,-0.00509069,0.412601948,0.536483467,-0.0123968255,0.42467317,0.479149461,-0.0160229187,0.452690661,0.546810389,0.0322133191,0.447534055,0.488419,0.00560876355,0.440438658,0.548017919,-0.0102438312,0.446000844,0.579834342,-0.0160805,0.486495525,0.548529208,0.022232959,0.480735302,0.492557973,-0.00564132258,0.470394582,0.565208077,-0.0126694348,0.478040874,0.590351641,-0.00899002422,0.521865,0.557408392,0.00588197727,0.515297711,0.504465818,-0.021714408,0.501683414,0.574877381,-0.0110447463,0.50768286,0.602367878,0.00500056567,0.560448706,0.574108541,-0.0118807042,0.549530506,0.523651183,-0.0216068868,0.533623934,0.574037373,-0.00638613105,0.537490189,0.601289213,0.00950082671,a
0.50508064,0.749626696,-7.41966687e-07,0.430687636,0.703928471,-0.00558823347,0.393325,0.630188107,-0.00671228813,0.392635792,0.549503803,-0.01371169,0.402119935,0.492271155,-0.0164913312,0.432163894,0.557881832,0.0290785283,0.428146958,0.498089552,0.000120059223,0.424473614,0.558404446,-0.0158025976,0.429275721,0.590003252,-0.0206725542,0.466418296,0.556948662,0.0202868618,0.460054338,0.50057286,-0.0102485958,0.454880387,0.576517582,-0.0171274021,0.463228285,0.598398387,-0.012379609,0.502087772,0.560446799,0.00507061975,0.493849814,0.507299185,-0.0260976963,0.485262811,0.582505226,-0.0154501041,0.493132085,0.608129144,0.00216708402,0.541286647,0.569630742,-0.0113050742,0.528033614,0.518571317,-0.0231969766,0.515511632,0.572570443,-0.007923319,0.520949483,0.600118697,0.00897360127,a
0.536899567,0.732632756,-6.81785878e-07,0.463914663,0.688053489,-0.00300965179,0.425949305,0.618703663,-0.00484754052,0.420591086,0.549069703,-0.0121588102,0.425329894,0.497478545,-0.0162417013,0.456109911,0.550666034,0.0189146809,0.45135051,0.495199114,-0.00723332865,0.45173046,0.5491817,-0.0221775323,0.45696488,0.579883277,-0.0275605787,0.48961255,0.548146188,0.00894976687,0.485185683,0.496383846,-0.0165192038,0.482518256,0.560049355,-0.022644531,0.48746261,0.58443,-0.0201402158,0.525327802,0.550328553,-0.00582304411,0.518920183,0.504207551,-0.0298954081,0.513420284,0.566460848,-0.0198323969,0.517582119,0.592304885,-0.00615222193,0.56312269,0.559070766,-0.0216534715,0.550496399,0.51533705,-0.0297261719,0.542606771,0.559688687,-0.0153221488,0.54618907,0.583757579,-0.00117177772,a
0.58837235,0.721046269,-6.08562516e-07,0.525400758,0.647792339,0.00122635032,0.499579906,0.571828902,0.00111054548,0.504059076,0.504301846,-0.00586513942,0.518925309,0.456051767,-0.0108589614,0.54315263,0.517989814,0.0278610159,0.546719074,0.465498269,0.00464942819,0.536046326,0.51172787,-0.0125460075,0.534881,0.549328506,-0.0201511793,0.574567914,0.525862,0.0163091701,0.577770531,0.473127514,-0.00515604718,0.564620733,0.529335916,-0.0140989162,0.564442515,0.564786375,-0.0145754702,0.607023478,0.539663434,0.00024853248,0.608047724,0.489406437,-0.0190759972,0.592857778,0.543345809,-0.0115016624,0.591637,0.579022348,-0.000625065353,0.641429,0.562254608,-0.0167277679,0.637380719,0.510474145,-0.0222396888,0.6225155,0.548191667,-0.00863598567,0.620787263,0.577860355,0.00433045812,a
0.625680566,0.70570755,-6.47303921e-07,0.569904745,0.626810312,0.00124347885,0.55645436,0.546437442,0.00266418629,0.573056102,0.48029539,-0.00279472466,0.592233241,0.435868263,-0.006458316,0.609849632,0.505663276,0.0283913817,0.618559539,0.455554903,0.00638500974,0.598568738,0.499275863,-0.007892753,0.592929542,0.535695434,-0.0131516587,0.640979,0.519395,0.0172761474,0.648680031,0.465241,-0.00419675373,0.625395179,0.520747423,-0.0105853518,0.623690307,0.554061651,-0.00840110052,0.672621548,0.539594293,0.00157530571,0.677827358,0.486371458,-0.0189524237,0.653910697,0.540066123,-0.00981804077,0.651477695,0.574441254,0.00298519456,0.705699503,0.568039656,-0.0148983663,0.706893682,0.513556,-0.0217587855,0.685604,0.549062431,-0.0079809688,0.681830287,0.578752577,0.00568401627,a
0.65011555,0.711606205,-6.39903192e-07,0.59161818,0.630851686,-0.0026728143,0.573208809,0.549224794,-0.00193027989,0.590188503,0.479386032,-0.00737807853,0.610611856,0.435436904,-0.00955636892,0.62553221,0.508265257,0.0318169892,0.640476584,0.454151601,0.00738398451,0.623781085,0.501841366,-0.00838265475,0.615456,0.535918236,-0.0137738511,0.659861445,0.522977054,0.0232938584,0.672838151,0.468055367,-0.00119014946,0.651027918,0.526786268,-0.00922077801,0.645312488,0.555081308,-0.00716962107,0.693288684,0.542551816,0.00912325,0.704684794,0.485899091,-0.0151489982,0.681246519,0.543031096,-0.00723077357,0.674017131,0.574937522,0.00632497668,0.725996614,0.569710374,-0.0060070511,0.732549787,0.516243398,-0.0149047049,0.711248755,0.554088891,-0.0020081,0.704118311,0.583083272,0.0119425114,a
0,0,0,0,0,0,0,0,0,0,0,0,0,0,0,0,0,0,0,0,0,0,0,0,0,0,0,0,0,0,0,0,0,0,0,0,0,0,0,0,0,0,0,0,0,0,0,0,0,0,0,0,0,0,0,0,0,0,0,0,0,0,0,a
0.624831676,0.707757771,-5.92751576e-07,0.56567049,0.64542222,0.000692694797,0.545045435,0.56779027,0.001983647,0.553073645,0.503088236,-0.00319209858,0.569106281,0.45602107,-0.00656252354,0.59260422,0.512012,0.0288113,0.591552556,0.464669585,0.00951813068,0.575967,0.507243872,-0.00496809697,0.574719906,0.541825414,-0.0115829771,0.62134254,0.517208397,0.0181431379,0.619144797,0.464955866,-0.000949590874,0.601009965,0.519344032,-0.00883088354,0.602866411,0.555551589,-0.00826788,0.652244627,0.530623913,0.00316107902,0.647866249,0.479613,-0.0145543497,0.627909303,0.531690836,-0.00756296376,0.62837261,0.568087339,0.00289568165,0.685832441,0.553529501,-0.0127965352,0.678463042,0.50286895,-0.0186486337,0.658513725,0.538348,-0.00675445842,0.65610981,0.569397092,0.00511498097,a
0.583058357,0.71241188,-5.54119708e-07,0.530594945,0.65699017,0.00309291738,0.517458081,0.584560275,0.00673835771,0.525895357,0.52419585,0.00346791651,0.533432,0.478419185,0.00239902013,0.554585457,0.536794722,0.0357167833,0.550757647,0.486721,0.0182690974,0.538346887,0.529947937,0.00596270803,0.541376829,0.563653052,0.00129597774,0.576983869,0.537490606,0.0254702326,0.568597794,0.483408868,0.00636146078,0.55389595,0.537526488,-0.00138279842,0.560161352,0.572318673,0.00066251168,0.602750361,0.543834627,0.0107530355,0.588324368,0.493134558,-0.00675839419,0.572816908,0.546434283,-0.000574800477,0.579470754,0.581424594,0.0106261419,0.632247746,0.558256149,-0.0048583895,0.614218056,0.513805449,-0.0108567495,0.597952425,0.548625648,-0.000954433752,0.602641582,0.577437,0.0102804657,a
0.55317,0.718360066,-6.02737259e-07,0.507722318,0.65389508,0.00933162216,0.502845883,0.583044648,0.0140574938,0.514436424,0.529485404,0.0100481622,0.524114251,0.485928297,0.00770198554,0.540165722,0.546686649,0.0388551801,0.528740108,0.488149881,0.0191789959,0.515854776,0.532908857,0.0080142,0.523536205,0.567036,0.00485468842,0.556376815,0.547756732,0.025222864,0.535875082,0.4886522,0.000952769944,0.52328074,0.547749519,-0.00698991539,0.537569344,0.578705311,-0.00315278163,0.577587724,0.551595926,0.00738799758,0.547993898,0.499421299,-0.0171299465,0.536303818,0.560677826,-0.0116505465,0.552311659,0.591596723,0.00156193646,0.602777898,0.560927272,-0.0103721265,0.568784356,0.519341171,-0.0227783527,0.556993365,0.56114459,-0.0145705733,0.571719348,0.58921361,-0.00294375466,a
0.555475295,0.728794098,-6.87936279e-07,0.494873613,0.661804736,0.00336694461,0.476481467,0.588788748,0.00500355,0.483927,0.524713755,-0.0015702981,0.491275162,0.474146962,-0.00571695203,0.518986,0.534479678,0.036280565,0.505692,0.482833654,0.0119442986,0.497000813,0.538106918,-0.00230201404,0.505913,0.567912638,-0.00692901202,0.545030177,0.536298633,0.0232583508,0.53056407,0.482648909,-0.00274636177,0.518812299,0.54923588,-0.00908774,0.531859398,0.57442379,-0.00460713962,0.574951947,0.544178188,0.00471156742,0.556354,0.492609173,-0.0216260627,0.542862058,0.558955371,-0.0121683031,0.555134177,0.588022053,0.00346121099,0.608852,0.560798645,-0.0145546533,0.586841047,0.509675682,-0.0254257862,0.571813166,0.555390298,-0.0120946448,0.581017315,0.586059153,0.00305346935,a
0.55616349,0.719858885,-6.69599217e-07,0.484766036,0.676323831,-0.00303628063,0.446196556,0.609445393,-0.0037732732,0.440209448,0.536166966,-0.010476,0.448058754,0.48173666,-0.0140286544,0.481258273,0.544152081,0.0260969158,0.475521445,0.489004761,0.00190855132,0.474241227,0.542823613,-0.0122629907,0.480182528,0.570705593,-0.0177388433,0.513803184,0.53980273,0.0165493749,0.506176353,0.48765415,-0.00881125126,0.503696799,0.554326475,-0.0154364128,0.512223661,0.575785279,-0.0128331874,0.54808414,0.540882587,0.00178586144,0.539090157,0.490474463,-0.0229723901,0.533904374,0.556464553,-0.0123435194,0.541680694,0.582573,0.00244392944,0.585795283,0.548753202,-0.0141257895,0.572143,0.500020444,-0.0231197067,0.563630342,0.547803223,-0.00867788,0.56947124,0.574043751,0.00595170818,a
0.532274365,0.70360136,-6.3179408e-07,0.462009072,0.699542224,-0.0133377099,0.404902577,0.649961829,-0.0174015462,0.377474636,0.578629494,-0.0243216939,0.370252,0.521940708,-0.0265783109,0.418406427,0.569821239,0.0140047166,0.406536967,0.51356113,-0.0131822564,0.419305772,0.56648463,-0.0268169846,0.426085979,0.590961695,-0.0315672643,0.451976538,0.5526492,0.00896531064,0.440451831,0.501487374,-0.0180793591,0.45320636,0.566463113,-0.023274513,0.457962185,0.583674669,-0.0198699348,0.48627612,0.541635454,-0.00213035615,0.474122256,0.493742526,-0.0299162,0.484122366,0.556691945,-0.0189389251,0.489483833,0.577336,-0.00378486165,0.524067283,0.535678267,-0.0149521967,0.508237123,0.490246803,-0.0266388506,0.512072563,0.537036121,-0.0133846831,0.517820656,0.560169876,0.000498313166,a
0.496000707,0.69964397,-6.50728e-07,0.426145017,0.704309583,-0.0186831877,0.364520937,0.656037271,-0.0238334965,0.333678722,0.583827555,-0.0306830592,0.323231101,0.52656424,-0.0315193273,0.372951895,0.573264301,0.0118832421,0.358956665,0.517127812,-0.0192638673,0.377275527,0.575354099,-0.0328295976,0.384850204,0.596698642,-0.036452096,0.407939196,0.552910447,0.00933359563,0.395028353,0.50299263,-0.0223866459,0.412710041,0.575639,-0.0265693199,0.415507019,0.5875054,-0.0208341312,0.443267107,0.538804054,-0.000434204907,0.430212,0.492041767,-0.0334347636,0.444332182,0.561523736,-0.0211891569,0.448888,0.576802611,-0.00332662137,0.481521785,0.528413832,-0.0122308061,0.465619206,0.486640215,-0.0264751017,0.471735835,0.536624,-0.0132559435,0.47747153,0.555526853,0.00164065813,a
0.431631088,0.680259466,-6.68098892e-07,0.358959794,0.683817863,-0.0142185,0.295811206,0.638350427,-0.0179184955,0.263819546,0.567566395,-0.0245586,0.252593815,0.51115346,-0.0258213282,0.305964738,0.556022465,0.0142973606,0.287825406,0.499658406,-0.0164968781,0.307181954,0.556885839,-0.0304861087,0.317559868,0.579737723,-0.0344767794,0.341859,0.533754051,0.00936018769,0.324622601,0.484186649,-0.0215490609,0.343332201,0.555512667,-0.0260151438,0.349452496,0.568939,-0.020867696,0.378585607,0.517998874,-0.0023427757,0.361560285,0.46929732,-0.0339112692,0.376496136,0.538685679,-0.0212133508,0.383765459,0.557243288,-0.00350570935,0.418908149,0.506486416,-0.0157851,0.400183856,0.46213156,-0.0289359745,0.405863345,0.511488259,-0.0150922444,0.412395,0.532475293,-8.54603131e-05,a
0.402359,0.674415708,-6.93131938e-07,0.324097425,0.67407161,-0.0100420117,0.263525099,0.623136461,-0.0103086513,0.234806657,0.548655629,-0.0145965023,0.223609626,0.491206497,-0.0136570148,0.278632313,0.538083494,0.0268564802,0.260095239,0.4829005,-0.00168033096,0.277129859,0.539249718,-0.0167734437,0.289130867,0.565899849,-0.0213796459,0.315651685,0.518068373,0.0210814569,0.296268,0.466353565,-0.00891112164,0.314511567,0.540193319,-0.015966991,0.324389309,0.558733106,-0.0117027825,0.353253901,0.505401134,0.00861643907,0.334195554,0.453355432,-0.0231473669,0.347800463,0.526911855,-0.0121496953,0.358626097,0.550487518,0.00565163139,0.395514488,0.495890975,-0.00514785806,0.375102788,0.449090093,-0.0183544196,0.377705753,0.503629506,-0.00434228266,0.384836435,0.528506458,0.011541375,a
0.430120617,0.632811069,-6.87305715e-07,0.354362369,0.61890018,-0.0108690625,0.295586139,0.560046554,-0.0133424336,0.270740956,0.483502299,-0.0198193658,0.266097486,0.422850877,-0.0213913769,0.315051854,0.480927765,0.0184962898,0.301061094,0.420513034,-0.0112674152,0.311553478,0.479844153,-0.0254474953,0.321524143,0.508014262,-0.0295177121,0.352111667,0.464976639,0.0122321947,0.338033557,0.408559829,-0.017835984,0.348855257,0.485002488,-0.0222915504,0.358670175,0.505680799,-0.0168236699,0.390520692,0.455569148,-0.000510279322,0.37691161,0.400698572,-0.0317120552,0.383296669,0.475986481,-0.0195426289,0.392852515,0.504265487,-0.00160307344,0.433478206,0.451493263,-0.0146442447,0.415685028,0.399861246,-0.0279275607,0.413947374,0.452020079,-0.0142947342,0.420201182,0.479576468,0.000938855286,a
0,0,0,0,0,0,0,0,0,0,0,0,0,0,0,0,0,0,0,0,0,0,0,0,0,0,0,0,0,0,0,0,0,0,0,0,0,0,0,0,0,0,0,0,0,0,0,0,0,0,0,0,0,0,0,0,0,0,0,0,0,0,0,a
0.460868716,0.623058259,-6.55406438e-07,0.383617133,0.610729337,-0.0162695982,0.325173914,0.540865123,-0.0185033046,0.303807765,0.45419693,-0.0235303752,0.294896126,0.390068829,-0.0223509669,0.349393189,0.45281437,0.0225575157,0.33836621,0.389934212,-0.00859849248,0.347575,0.454136819,-0.0229288582,0.355485559,0.481686324,-0.0266679041,0.38873288,0.438683689,0.0185548496,0.378410429,0.379289806,-0.0126267085,0.385386288,0.461081535,-0.0169231221,0.391303182,0.476052254,-0.0104131112,0.428771019,0.43386206,0.0066047404,0.419603854,0.375079036,-0.0278876722,0.42352888,0.454223037,-0.0150046172,0.430749059,0.476651251,0.00449479092,0.474436641,0.433351338,-0.00727751199,0.461743683,0.37950784,-0.0237449277,0.459762305,0.436752141,-0.00993144419,0.465205103,0.462968916,0.00641015265,a
0.505437613,0.620286822,-7.00159603e-07,0.424716085,0.606226444,-0.0184700843,0.364090949,0.527479053,-0.0218650233,0.344624698,0.437735677,-0.0276361387,0.339118958,0.372003227,-0.0271821283,0.390665203,0.43735835,0.0158512089,0.382636398,0.373536706,-0.0177372564,0.391236693,0.441078305,-0.0325833037,0.397430807,0.467868149,-0.0365841463,0.43346563,0.425007373,0.0114768343,0.426566929,0.365162879,-0.0219743364,0.431888312,0.451683223,-0.0258154683,0.435352504,0.467118442,-0.0189046394,0.475991,0.421926737,-0.000853717385,0.470303327,0.365901858,-0.0374604873,0.472841889,0.449269474,-0.0237037912,0.477536,0.47160092,-0.00350291887,0.522341,0.424234062,-0.0152341,0.512373269,0.37034148,-0.0323760882,0.509467661,0.429781288,-0.0173359811,0.513157785,0.45687744,-0.000129560198,a
0.554704726,0.619212389,-7.37416769e-07,0.470864117,0.584641218,-0.0162937827,0.413437128,0.505636096,-0.0205078069,0.395598,0.412720621,-0.0283404775,0.396372914,0.343172669,-0.0300108586,0.444465369,0.417042196,0.0231460929,0.440392464,0.347533464,-0.0106227715,0.447353721,0.416128397,-0.0279315636,0.452189207,0.449692041,-0.0333693624,0.488436729,0.407699138,0.0177685507,0.484595478,0.344599247,-0.0155730117,0.488995343,0.429421127,-0.022155989,0.491822511,0.450780034,-0.0172238797,0.532308042,0.407118499,0.0043692193,0.528161645,0.348205298,-0.0304815695,0.529134,0.428347647,-0.0177053977,0.532164931,0.453817427,0.00154271105,0.579020619,0.413742661,-0.0110304626,0.569070101,0.355539799,-0.0254488569,0.564366162,0.413709074,-0.00916903559,0.567368925,0.44192338,0.008672731,a
0.606854498,0.609649181,-6.77998059e-07,0.526891887,0.565767229,-0.0166743957,0.477117598,0.478429556,-0.0198657978,0.46591413,0.384435058,-0.0263415668,0.472933978,0.317785889,-0.026253,0.514653385,0.399125695,0.0246540196,0.51929009,0.331030577,-0.0072221593,0.519085586,0.400076032,-0.0236116648,0.519331634,0.432380706,-0.0290673766,0.558381259,0.397071928,0.0199970528,0.562371612,0.333002925,-0.0121839009,0.558337212,0.416643113,-0.0185535699,0.557762146,0.439052165,-0.0138489828,0.600259602,0.40400207,0.00737148244,0.604326665,0.343188822,-0.0256717,0.598175466,0.420641214,-0.0131205684,0.597692251,0.449034393,0.00537826307,0.644872189,0.418340772,-0.00744029135,0.644132137,0.361355,-0.0209953263,0.634541273,0.41410625,-0.00599692622,0.633281112,0.441896528,0.0103784651,a
0.640645921,0.614377379,-6.87001091e-07,0.564566672,0.559314489,-0.0168928355,0.521553516,0.469986409,-0.0196699984,0.516664922,0.37433809,-0.0262267683,0.527520835,0.308271706,-0.0262186658,0.561902523,0.393034846,0.0311404821,0.571296,0.328005642,-0.00332172681,0.568823516,0.396422178,-0.0224981271,0.566605031,0.429044157,-0.02892025,0.60589385,0.396713525,0.0265942626,0.613741279,0.334101588,-0.00943518709,0.605612576,0.419078082,-0.0194955319,0.600949407,0.440654397,-0.0158762913,0.647086,0.407888293,0.0134587111,0.656226695,0.350221545,-0.0237109791,0.644569874,0.428788066,-0.0141667407,0.639077902,0.454397202,0.0040968745,0.690382421,0.42551741,-0.00169488648,0.694573283,0.368777394,-0.0168090891,0.682414472,0.421962202,-0.00239075255,0.678059518,0.448364288,0.014595327,a
0.637236357,0.604846716,-6.17356477e-07,0.561458349,0.555396378,-0.0160305388,0.516893089,0.465541333,-0.0179339945,0.512832522,0.372880906,-0.0230443142,0.52436173,0.3110089,-0.0221896861,0.555462658,0.394465029,0.026100697,0.565811694,0.332299024,-0.00407184847,0.566209197,0.394753397,-0.0210524164,0.56480062,0.4277547,-0.0270079412,0.599952459,0.395750195,0.0218010396,0.610598922,0.335272,-0.00947114825,0.606587589,0.412573397,-0.0172465909,0.602909207,0.439566284,-0.0133555168,0.640664,0.405796051,0.00974903349,0.651753247,0.349224389,-0.0226174947,0.644900739,0.419475824,-0.0129395351,0.640590668,0.45010218,0.00374728907,0.6823228,0.423577696,-0.00430205325,0.688865483,0.369686931,-0.0184211563,0.679734766,0.417088211,-0.00522094732,0.67486316,0.444883406,0.0100876493,a
0.559511065,0.613173187,-6.27699649e-07,0.481381118,0.573040426,-0.0124690132,0.434785903,0.492092818,-0.0150485989,0.425614476,0.406404793,-0.0213769414,0.432882428,0.343216419,-0.0227113366,0.46961996,0.414602935,0.0233633798,0.471781194,0.351470172,-0.00571241695,0.469794124,0.411886752,-0.0226255432,0.471826017,0.445303619,-0.0290657543,0.510341585,0.411117882,0.0171962976,0.511536837,0.350309432,-0.0106694419,0.505976498,0.42309013,-0.0182208121,0.508169293,0.447550654,-0.0158944819,0.550307333,0.415925056,0.00424258644,0.551025569,0.35791406,-0.0237875357,0.542999089,0.427138835,-0.0128721595,0.544448197,0.455036551,0.00252346834,0.593326569,0.428003341,-0.0106180208,0.588700473,0.375105888,-0.0213524438,0.578938663,0.425232828,-0.00641023088,0.57909447,0.451906651,0.00875355303,a
0.476480603,0.637168884,-6.22783659e-07,0.398542047,0.615174592,-0.0117205735,0.343111306,0.54246521,-0.0127555663,0.324964285,0.458331406,-0.0174777489,0.32390973,0.395092547,-0.0167901237,0.370308638,0.461591244,0.0243764911,0.364512682,0.398096591,-0.00261431444,0.370461047,0.458556384,-0.0163891502,0.375773609,0.488708943,-0.0209276676,0.410521239,0.449122667,0.0187439807,0.405342937,0.388732135,-0.00724399835,0.409122586,0.465205699,-0.0112485131,0.414212,0.486768126,-0.00625942089,0.451262981,0.445937365,0.00613655429,0.445639849,0.385391116,-0.0221238714,0.445223033,0.458983123,-0.0100045549,0.449894875,0.488152385,0.00685384311,0.496233225,0.449541748,-0.0082101617,0.486169338,0.395417154,-0.0211872719,0.479659498,0.448531,-0.00775411399,0.481588602,0.479149163,0.00702867424,a
0.43698293,0.661477089,-6.85813177e-07,0.351329237,0.643101215,-0.0104216794,0.291448146,0.581991315,-0.0104863765,0.267948151,0.497683674,-0.0150061864,0.264825523,0.434333682,-0.0135388272,0.313495636,0.498501927,0.0332972258,0.302630782,0.433653831,0.00355253438,0.315168649,0.493139654,-0.0134374034,0.322752953,0.523618102,-0.0192323346,0.355103374,0.481520891,0.0276436247,0.343113661,0.41994226,-0.00357768591,0.35557431,0.498779118,-0.0124942083,0.361399829,0.522246957,-0.0092606945,0.396065533,0.472636282,0.0147203887,0.384466618,0.411370933,-0.0180477295,0.392346472,0.489116043,-0.00755541306,0.399933189,0.519906044,0.0104518011,0.441677064,0.468807966,0.000337052858,0.426969647,0.41534847,-0.0130692059,0.425588906,0.470186532,0.000977112,0.430207402,0.497781247,0.0172337983,a
0.439067125,0.65378803,-6.86915484e-07,0.358529478,0.63572526,-0.0113394773,0.298737705,0.571937561,-0.0133870374,0.276523411,0.489819884,-0.0196721219,0.27456525,0.42584461,-0.0209109467,0.320672572,0.490170777,0.0233765431,0.310060918,0.426906347,-0.00568590267,0.319464266,0.485461861,-0.0202381443,0.326913953,0.514583111,-0.0247329734,0.360403597,0.474546939,0.0170861855,0.349660397,0.415433556,-0.0133413877,0.358968019,0.493420929,-0.019535901,0.365871072,0.516750693,-0.0149058932,0.40086323,0.466887593,0.004112917,0.390704423,0.410549432,-0.0284371246,0.396588236,0.488328874,-0.0170896631,0.404122353,0.518584371,0.000980648096,0.445877343,0.464931041,-0.0102130603,0.430456877,0.41043207,-0.0241323765,0.428850174,0.46466282,-0.00981946476,0.43381983,0.493424505,0.00631940225,a
0,0,0,0,0,0,0,0,0,0,0,0,0,0,0,0,0,0,0,0,0,0,0,0,0,0,0,0,0,0,0,0,0,0,0,0,0,0,0,0,0,0,0,0,0,0,0,0,0,0,0,0,0,0,0,0,0,0,0,0,0,0,0,a
0.482875288,0.634276509,-6.11731593e-07,0.406309724,0.605684459,-0.0122802658,0.354385227,0.535458207,-0.0144479973,0.338685036,0.455340117,-0.0202223677,0.337996542,0.394109368,-0.0207826328,0.381798804,0.458001405,0.0223963503,0.374997,0.398920447,-0.00528459,0.378867388,0.458713412,-0.0198378712,0.385281771,0.488183737,-0.0247178115,0.420452446,0.448453397,0.0168763,0.413537294,0.390241176,-0.0103699649,0.415115535,0.465373784,-0.0152385151,0.421494246,0.488059342,-0.0106262239,0.459502816,0.447990954,0.00453395117,0.452962101,0.390795738,-0.0236831419,0.450943768,0.462359786,-0.0117916688,0.457166404,0.491228044,0.00502317492,0.50292325,0.454423636,-0.0095963534,0.491977036,0.399975181,-0.0212473329,0.484508932,0.449503809,-0.00730959047,0.48737213,0.477814108,0.0076719746,a
0.548702359,0.632128119,-6.71000635e-07,0.470400631,0.583350122,-0.00948458537,0.424339622,0.505972385,-0.0117133837,0.414664865,0.420165241,-0.0187533535,0.423465967,0.356259167,-0.0211569667,0.460131615,0.432495713,0.0273944661,0.459099114,0.370693028,-0.000889219053,0.458485156,0.431168586,-0.0178653225,0.462854087,0.464336157,-0.0244046766,0.499924481,0.429523379,0.0199591182,0.497700721,0.368513882,-0.00836690702,0.494862109,0.443248719,-0.0160880536,0.500311673,0.470683873,-0.0132747842,0.539421201,0.434269071,0.00588241871,0.536411762,0.377454758,-0.0219616219,0.529457808,0.44683376,-0.0111635989,0.533673108,0.478018641,0.00477871,0.582213044,0.446520209,-0.00990687218,0.573163807,0.391124934,-0.0198662654,0.563113511,0.439705402,-0.00480238069,0.565688133,0.46865803,0.0107869888,a
0.592634201,0.631563902,-6.64861886e-07,0.518549323,0.577673554,-0.0122030992,0.476630628,0.495032549,-0.0141336853,0.471605957,0.405120611,-0.0205506086,0.482064962,0.341893733,-0.0215102173,0.516322613,0.421528578,0.0308960043,0.521182716,0.359076113,0.000509219128,0.518170059,0.422403395,-0.0168387573,0.519040763,0.454932809,-0.0228085965,0.55711025,0.423377454,0.0248875711,0.561741,0.362237453,-0.00661689509,0.553373516,0.441121906,-0.0154670104,0.553114,0.464914,-0.0122027816,0.59598577,0.432923317,0.0114050647,0.601169765,0.375229359,-0.0209994856,0.589711726,0.449566722,-0.011395826,0.58840704,0.477839053,0.00554757612,0.637279689,0.449623019,-0.00373436324,0.637048483,0.393573672,-0.0165472254,0.62450242,0.444799304,-0.00228065625,0.622950315,0.472456187,0.0138492696,a
0.598904252,0.633603692,-6.55797521e-07,0.523738086,0.581143856,-0.0155033106,0.480916142,0.495839775,-0.0177602619,0.476226777,0.404141694,-0.0237115175,0.487254709,0.341666758,-0.0233628899,0.520066738,0.423563123,0.0300464127,0.528712034,0.359530151,-0.00160564017,0.526851237,0.424137115,-0.0192232337,0.524516463,0.453132898,-0.0254079737,0.561677039,0.42557016,0.0255834926,0.569551706,0.364413023,-0.00736713456,0.562447548,0.443029016,-0.0166156646,0.557693601,0.461802036,-0.0136946309,0.600816965,0.434030175,0.0130680753,0.608917713,0.376274496,-0.0206297878,0.599446833,0.449704468,-0.0111362068,0.595048308,0.473686665,0.00567775173,0.641866207,0.448945642,-0.00146507879,0.645230353,0.395225704,-0.0150198052,0.634446919,0.445533663,-0.00141669868,0.630858898,0.470348448,0.0141520202,a
0.552669168,0.638352334,-6.47117588e-07,0.476214945,0.596950591,-0.0115048746,0.428916693,0.519677043,-0.0140164327,0.417718321,0.432773203,-0.0206739269,0.426636368,0.369860649,-0.0222288668,0.462695837,0.446269482,0.0246284287,0.463868231,0.378332853,-0.00437552156,0.462849081,0.436519,-0.0204669759,0.463823259,0.46732372,-0.0263239406,0.50284481,0.441295415,0.018287,0.503218293,0.378715634,-0.0106605692,0.499159157,0.450997919,-0.0179898795,0.500133872,0.472867846,-0.0150560876,0.54208082,0.44386965,0.00515043736,0.54158026,0.38620615,-0.0236863904,0.535577059,0.454838246,-0.0128258979,0.536883652,0.480424,0.00313107576,0.584016681,0.453878969,-0.00980808,0.579001665,0.399340391,-0.0206612926,0.570631444,0.447347701,-0.00623342115,0.571836412,0.472981244,0.00885647442,a
0.489332467,0.651933432,-6.31436194e-07,0.410397947,0.627373219,-0.0115350503,0.357500136,0.556192219,-0.0131525444,0.341549218,0.473196238,-0.0184848718,0.340892166,0.41234991,-0.0185100213,0.384567827,0.478822976,0.0219390448,0.37966311,0.41383934,-0.00664662616,0.383509725,0.472762674,-0.021259198,0.387442917,0.502222419,-0.025882639,0.424031556,0.467729151,0.0162363276,0.419192255,0.406445384,-0.0119612105,0.420418173,0.480977893,-0.0173517875,0.42336002,0.501749098,-0.013119122,0.463443756,0.464722872,0.00390211027,0.45783639,0.405486286,-0.0251049213,0.457462788,0.477122277,-0.0131741017,0.462105602,0.503982246,0.00372900232,0.506321132,0.468230814,-0.0101262173,0.497261763,0.41283524,-0.0216727164,0.492253542,0.462118566,-0.00736787869,0.495729417,0.488276392,0.00785242952,a
0.452945709,0.667675316,-7.08730568e-07,0.369549453,0.649339616,-0.0106536727,0.31155473,0.58466965,-0.0111272484,0.290070802,0.501084447,-0.0157621019,0.289350659,0.438514531,-0.0145004177,0.336334169,0.501719,0.0285550915,0.326816797,0.43780148,-0.00172556192,0.338106483,0.498997629,-0.0182664618,0.345611,0.529505551,-0.0237473045,0.377460659,0.488225758,0.0224682186,0.366351187,0.426860094,-0.00927969441,0.37719655,0.505555212,-0.0171600487,0.383026123,0.528207302,-0.0133313127,0.417467386,0.482099921,0.00938094128,0.406763822,0.42192027,-0.0233983025,0.412963212,0.499765486,-0.0113976169,0.420062482,0.528359652,0.00719220331,0.461959809,0.480409026,-0.00523578189,0.448311746,0.426511109,-0.0181042179,0.44561553,0.482269645,-0.00280174124,0.449022532,0.50968945,0.0139678717,a
0.459834933,0.658220172,-6.48451874e-07,0.381853729,0.639106393,-0.0139039578,0.325535089,0.572626531,-0.0170996916,0.306439847,0.491226137,-0.0236866828,0.305285513,0.42783618,-0.0249290932,0.349717,0.488649398,0.0213360824,0.341333121,0.428360522,-0.00861508586,0.348656565,0.487609148,-0.0240102354,0.355828911,0.517422676,-0.0289567243,0.389083564,0.477019638,0.0160942692,0.380417973,0.418759048,-0.0140345097,0.386383653,0.497042626,-0.0200301036,0.391911894,0.519175351,-0.0154632311,0.42932573,0.473505586,0.00381226116,0.421362132,0.41653,-0.0287492424,0.423716843,0.494054943,-0.0171105023,0.429727912,0.522525787,0.000927398738,0.473938525,0.475490749,-0.010093634,0.461301148,0.423205018,-0.0246476009,0.457371831,0.477749825,-0.0105379904,0.46078071,0.505029917,0.00548489,a
0.507698298,0.650339842,-6.30350712e-07,0.428939819,0.610090435,-0.011640979,0.378921419,0.538903832,-0.0147024,0.365633667,0.45617792,-0.022178486,0.369138598,0.393315405,-0.0242751818,0.408707798,0.461662859,0.0264918022,0.404051423,0.398970693,-0.00337848952,0.406945586,0.458250672,-0.019991124,0.411720812,0.48768115,-0.0258145779,0.449224532,0.454883903,0.0200467184,0.444449216,0.39547053,-0.00959409494,0.44429642,0.469301045,-0.0168435,0.448165298,0.489091545,-0.0135426875,0.490243852,0.455834568,0.00644198433,0.484406918,0.398667842,-0.0237890389,0.481392682,0.469784141,-0.0125942919,0.485889316,0.495498776,0.00436214963,0.533669114,0.463536769,-0.00897184759,0.522463918,0.410182208,-0.020623995,0.51472348,0.459549665,-0.00589758437,0.518254817,0.485020816,0.0100272465,a
0.564372778,0.643252075,-6.64446304e-07,0.48753196,0.590907514,-0.0109237917,0.444282949,0.511265218,-0.0133112976,0.436807901,0.425814182,-0.0205005426,0.446608484,0.362942547,-0.0226848163,0.48018685,0.439076,0.0279956404,0.482833505,0.376138926,-0.00250420836,0.481469512,0.438474894,-0.0202174168,0.483948708,0.47104463,-0.026596766,0.520756066,0.439063817,0.0210484788,0.522837281,0.377526075,-0.0101399468,0.517160594,0.454372436,-0.0190108567,0.519172847,0.478188038,-0.0162510891,0.560373127,0.446067303,0.00711213,0.562145472,0.388128757,-0.0239888579,0.553315699,0.460479468,-0.0136203822,0.554957271,0.489388406,0.00314244372,0.602613,0.46020329,-0.00849671,0.598522305,0.403340966,-0.0200182516,0.588090181,0.452697724,-0.00476086326,0.588996947,0.480460703,0.0116583006,a
0,0,0,0,0,0,0,0,0,0,0,0,0,0,0,0,0,0,0,0,0,0,0,0,0,0,0,0,0,0,0,0,0,0,0,0,0,0,0,0,0,0,0,0,0,0,0,0,0,0,0,0,0,0,0,0,0,0,0,0,0,0,0,a
0.666892529,1.00667107,-4.5599657e-07,0.622098505,1.00533867,-0.0179875921,0.573934376,0.981442213,-0.025774695,0.53996551,0.947938144,-0.0336784497,0.516846895,0.917482555,-0.0370864794,0.586650133,0.907798529,-0.00226231385,0.575741351,0.867341697,-0.0259367656,0.58868438,0.91100961,-0.03683763,0.5964064,0.933838844,-0.0403391384,0.615536153,0.892901599,-0.00349738495,0.605655,0.853404,-0.0279981811,0.616696715,0.908941031,-0.0313765705,0.620502114,0.925901413,-0.0275489446,0.643478274,0.887136161,-0.00970662106,0.635469615,0.85090816,-0.0338131525,0.642380834,0.901574254,-0.024562126,0.645816565,0.919318914,-0.0116541302,0.672540188,0.888096511,-0.0175871216,0.663490236,0.85393852,-0.0297435783,0.664929807,0.889566243,-0.0201375689,0.666937888,0.907011807,-0.0091509,a
0.592170656,0.646723449,-6.54840562e-07,0.518029928,0.592159569,-0.0130428169,0.477281749,0.508136451,-0.0137507794,0.47535193,0.418332547,-0.0187240802,0.484351069,0.356255621,-0.0173893403,0.519123197,0.432900846,0.0364438072,0.525465965,0.370670646,0.00438131765,0.520860553,0.434832871,-0.0147124846,0.519012392,0.466692179,-0.021395022,0.55988735,0.435892195,0.0312600844,0.564914584,0.375730872,-0.00155683153,0.555263281,0.455463111,-0.0124450894,0.551964521,0.474108487,-0.0101339035,0.59918946,0.44626528,0.0179085471,0.603859305,0.388346374,-0.0161321424,0.592396855,0.463388115,-0.00752727082,0.589901388,0.486081302,0.0093116723,0.640295744,0.462597042,0.00277305651,0.64058888,0.410403,-0.010854343,0.627049744,0.46216774,0.00303721917,0.624471605,0.485305429,0.0193450842,a
0.649538,0.880216241,-4.48517739e-07,0.599674,0.873924,-0.0121565294,0.554082036,0.835475683,-0.0149033591,0.528078139,0.792449117,-0.0188870989,0.508958042,0.765255213,-0.0193120595,0.578784108,0.771883905,0.00513628079,0.574774921,0.730082214,-0.015469091,0.58220309,0.770910919,-0.0257938113,0.584049225,0.79168427,-0.0293539204,0.607464373,0.764969707,0.00245474721,0.604608953,0.727714062,-0.01866078,0.609325349,0.778650701,-0.022733653,0.608181417,0.792592466,-0.0199665297,0.634215474,0.761836171,-0.00472263945,0.632423878,0.729141116,-0.0264357664,0.635076761,0.776712716,-0.0197819062,0.634148777,0.792036951,-0.00907613523,0.661645114,0.763390243,-0.0130952047,0.659227133,0.730831146,-0.0235525202,0.659233868,0.763506532,-0.01523495,0.658993185,0.778917372,-0.00558076,a
0.642401755,0.774834156,-4.11618743e-07,0.590319157,0.760037601,-0.00804765243,0.553133965,0.714812875,-0.00799249578,0.538178,0.667255461,-0.00983984768,0.52621007,0.638898253,-0.00808312,0.580785751,0.661198616,0.0105095189,0.584199905,0.619411588,-0.00688159792,0.587593853,0.659967542,-0.0154882269,0.586750925,0.679681182,-0.0182455126,0.609842837,0.657309473,0.00703359861,0.612740576,0.618409157,-0.0110686924,0.613733351,0.667431056,-0.0146491975,0.611608803,0.680725,-0.0121088848,0.636006951,0.657863915,-0.000399611308,0.638810873,0.624701858,-0.0187569913,0.637872934,0.668881595,-0.0121693974,0.635575473,0.684252203,-0.00231301365,0.661793172,0.663074493,-0.0087815905,0.663674176,0.631029308,-0.0154871531,0.660606563,0.660108507,-0.00650125602,0.658295393,0.674199224,0.00280762161,a
0.633143127,0.722992659,-3.52933483e-07,0.58216691,0.707033873,-0.00825014,0.546895623,0.664313853,-0.00857127,0.537046969,0.61066854,-0.0109404987,0.539100766,0.573161781,-0.00984228123,0.568727791,0.615186453,0.0158850495,0.568558216,0.573941052,-0.00158759521,0.573941469,0.6106565,-0.0112421466,0.577179074,0.633879483,-0.0144447219,0.596254349,0.609543443,0.0128150843,0.596034,0.569369614,-0.005996319,0.600365579,0.616299331,-0.011023405,0.600998521,0.635660887,-0.00868937559,0.621503234,0.610782146,0.00542477658,0.622261941,0.574709356,-0.0141163506,0.623534739,0.618100703,-0.00797253475,0.623250067,0.638347,0.00259758509,0.648082614,0.617115438,-0.00294341496,0.646176815,0.583646357,-0.0112954229,0.644998074,0.612861,-0.00260874233,0.643955886,0.629578352,0.00725962408,a
0.626236,0.701280236,-3.40909907e-07,0.576166034,0.685575426,-0.00939661544,0.543267548,0.637503743,-0.0104704564,0.536251485,0.58335048,-0.0131906914,0.538847387,0.547225237,-0.0122820511,0.565509439,0.589879274,0.0117599899,0.567432225,0.547584891,-0.00633942708,0.571872592,0.586207271,-0.0156847741,0.573013,0.608967,-0.0186441876,0.593171299,0.58684957,0.00912412815,0.595496535,0.545746386,-0.0099208327,0.597313464,0.593952298,-0.0144912787,0.594984591,0.611531556,-0.0120935198,0.618399262,0.590460598,0.00228828564,0.621509135,0.553152919,-0.0175102074,0.620708883,0.598070502,-0.0114766536,0.618027031,0.617758095,-0.00127615908,0.644165397,0.5988276,-0.00557702594,0.64563632,0.564841926,-0.0145104835,0.642995358,0.59450984,-0.00666177645,0.639890432,0.611378849,0.00247686543,a
0.628324509,0.689797342,-3.48298983e-07,0.578903258,0.666759789,-0.00639869971,0.547687888,0.620503068,-0.00681364816,0.542051,0.568134129,-0.00968976412,0.546367,0.531523705,-0.00951597653,0.571213961,0.573068321,0.0149798766,0.572927833,0.533614278,-0.00215412979,0.574207306,0.570516586,-0.0118217412,0.575260401,0.593657196,-0.015257963,0.598927915,0.570970356,0.0108080357,0.601083,0.530861199,-0.0080680605,0.599461138,0.578621089,-0.0134956595,0.598329425,0.597890198,-0.0116491644,0.624643,0.575641036,0.00280146278,0.626738369,0.539468229,-0.0166966934,0.622469068,0.584762514,-0.0110671651,0.620515764,0.605155349,-0.00100881222,0.651493609,0.585582435,-0.00594017934,0.650382638,0.551450789,-0.0144661749,0.645413458,0.581683874,-0.00597953284,0.642967224,0.599035621,0.00371193886,a
0.639887273,0.689448357,-3.83097444e-07,0.587592363,0.660588384,-0.00836045761,0.556232333,0.607987225,-0.0100548146,0.552496672,0.552350283,-0.0141251376,0.556791902,0.513403654,-0.0148279238,0.583399534,0.558141947,0.0148752201,0.586880267,0.517827868,-0.00501922844,0.585836589,0.556608856,-0.0165689215,0.585326791,0.579758883,-0.0206684358,0.611735404,0.558840096,0.0110502476,0.614853382,0.517992914,-0.00891132094,0.610915959,0.5676983,-0.0144668641,0.609671772,0.585910738,-0.0125280349,0.638572,0.563640058,0.0027797753,0.64087522,0.526306629,-0.0179860666,0.635334611,0.573998213,-0.0117270434,0.633990049,0.594424605,-0.000942273822,0.666031778,0.572743714,-0.00649730861,0.665094733,0.538254082,-0.0154080335,0.65859592,0.570255518,-0.00617848895,0.657221377,0.587860763,0.00425501307,a
0.642876923,0.688365817,-3.97008819e-07,0.590673685,0.658593416,-0.00823876727,0.561810434,0.604290724,-0.00979090668,0.559029222,0.547353387,-0.0138222119,0.559890389,0.506849229,-0.0145622361,0.588419735,0.551879346,0.01594631,0.591567516,0.509316862,-0.00357280136,0.590757668,0.549220443,-0.0158021078,0.590929747,0.576672196,-0.0205687061,0.616709173,0.551855505,0.0117705222,0.619851828,0.508287847,-0.00836365297,0.615572,0.559895396,-0.0150076635,0.614420772,0.583248615,-0.0138234543,0.643482327,0.558482826,0.00320166955,0.646427393,0.517777801,-0.0173187759,0.639678478,0.566485226,-0.0114334133,0.637847304,0.590173662,-0.0010554929,0.671523094,0.570644319,-0.00641911663,0.671189368,0.535837948,-0.0157717187,0.663004458,0.568242729,-0.00699813152,0.659717321,0.586589634,0.00305042719,a
0.641104519,0.69294256,-4.13031245e-07,0.589147806,0.652041614,-0.00410719356,0.564584374,0.595446587,-0.00551209552,0.564028382,0.541404366,-0.0110366074,0.564984858,0.500486791,-0.0140346587,0.594847381,0.547859371,0.0177234653,0.59703362,0.502414,-0.0019479628,0.592975855,0.53986454,-0.0149140358,0.592798829,0.571117878,-0.0197204761,0.621922493,0.550051332,0.0112685822,0.624387085,0.501163542,-0.00839702599,0.616168201,0.549935281,-0.0156348571,0.615593314,0.578569293,-0.0147411469,0.648794591,0.557764173,0.000923230429,0.650796831,0.50972414,-0.0176692605,0.640484929,0.55683279,-0.0121179959,0.638903618,0.586376667,-0.00211806013,0.676929176,0.571197271,-0.010328508,0.67637527,0.528872252,-0.018429555,0.664627671,0.55742985,-0.0097683724,0.660450518,0.580212176,0.000252255239,a
0.634907961,0.710591733,-4.27323243e-07,0.579356,0.67462492,-0.00426469138,0.55033803,0.620550931,-0.00551660452,0.545555055,0.564279377,-0.0108953435,0.542377234,0.521504164,-0.0136626018,0.576995075,0.567608476,0.0189726967,0.576659858,0.518397689,-0.000747679034,0.574210823,0.55516088,-0.0141240098,0.575160503,0.586453676,-0.0194101483,0.604746878,0.565863967,0.0125282556,0.604058385,0.515144527,-0.00758127,0.598828793,0.564841747,-0.0157583114,0.5996539,0.593586683,-0.0156132374,0.632750809,0.56987381,0.00211398746,0.631789088,0.520327508,-0.0171395764,0.624640763,0.56891036,-0.0118704978,0.625225306,0.599228144,-0.0020018518,0.662590623,0.57972604,-0.00919880718,0.658977509,0.53663981,-0.0174318813,0.649452329,0.56797564,-0.0084787216,0.64740026,0.591406763,0.00168162293,a
0.562924325,0.823526919,4.44555383e-07,0.497005492,0.805274844,-0.0179882832,0.449945211,0.731238484,-0.0155007336,0.4655599,0.667805374,-0.0127073331,0.501771331,0.664009333,-0.0087140277,0.465162754,0.644130111,0.0260623321,0.45042783,0.573933184,0.0335796066,0.444145858,0.532902062,0.0298679378,0.440184146,0.497840583,0.024231825,0.495118499,0.627286911,0.0287964437,0.477503538,0.552267492,0.0417454913,0.467775494,0.505372405,0.0406252332,0.461863428,0.469339252,0.0381656438,0.524295747,0.626318038,0.0261066295,0.509473264,0.559928477,0.0370616727,0.497733325,0.517545,0.0353947394,0.490267962,0.487298,0.0319826715,0.557722628,0.632395387,0.0191263109,0.545301676,0.576534271,0.0263318438,0.53508234,0.546320736,0.028763663,0.526979387,0.52221781,0.0291074757,b
0.510357916,0.784526,3.41162377e-07,0.442531973,0.754740119,-0.017136151,0.392003477,0.677353859,-0.0219577644,0.395617694,0.610692382,-0.0272142459,0.434984,0.607465327,-0.0326566137,0.433283895,0.548688889,0.00580262486,0.428451747,0.46897763,-0.0037879108,0.431006402,0.419760704,-0.0188972708,0.435094148,0.378564715,-0.0322177298,0.465625525,0.538037,0.00182141515,0.458923429,0.450771034,-0.00387389096,0.459366202,0.397754878,-0.0143236462,0.461212,0.353117377,-0.0229952466,0.497098416,0.545234799,-0.00660672085,0.489536852,0.46118623,-0.0130322762,0.486348152,0.41118443,-0.0199776236,0.486548185,0.370280385,-0.0256517306,0.531812489,0.568055928,-0.0184120294,0.52775979,0.502949178,-0.0236758832,0.525131166,0.462932855,-0.0253099333,0.524354339,0.428075552,-0.0272538606,b
0.597284317,0.767146,4.3732166e-07,0.530688286,0.726623178,-0.017135432,0.490376443,0.640288353,-0.0226439,0.507851303,0.57898128,-0.0283382609,0.549080372,0.584518492,-0.0344303027,0.538874805,0.519327223,0.00166197342,0.541989684,0.43537879,-0.0076944395,0.54738903,0.384500444,-0.0218826514,0.554149568,0.341843247,-0.0344528221,0.575993657,0.514747322,-0.00261803344,0.578244209,0.422198415,-0.00770544214,0.58190757,0.364419699,-0.0177347176,0.586355746,0.317040622,-0.0262728091,0.610121071,0.528556168,-0.0110214502,0.611217082,0.441065341,-0.0161570273,0.611865163,0.387294352,-0.023265155,0.614028692,0.344535381,-0.0294471979,0.645443141,0.558407,-0.0226465091,0.646975338,0.488672704,-0.0271277241,0.645932794,0.446115702,-0.028291937,0.644997358,0.410995752,-0.0299545843,b
0.647367418,0.787360668,4.02598403e-07,0.578082383,0.734110594,-0.017929865,0.539041,0.641713321,-0.0212608,0.565584421,0.576957762,-0.024446791,0.612398148,0.58451587,-0.027102001,0.591710508,0.523355424,0.00971537735,0.597443044,0.437079132,0.00425157789,0.603500247,0.385200083,-0.00899323821,0.60976845,0.340001523,-0.021879632,0.630962074,0.520114481,0.00655186549,0.633585691,0.423047245,0.00534017663,0.638090789,0.363782883,-0.00414284458,0.641804397,0.314988077,-0.0131424144,0.663763881,0.537129581,-0.00131631829,0.667976558,0.447841316,-0.00404834701,0.669088542,0.391815901,-0.0115309283,0.670605958,0.348703414,-0.0185236558,0.699792147,0.570702136,-0.0127970362,0.703009,0.497308195,-0.0171768963,0.701631725,0.452961415,-0.0191265959,0.699734,0.415249288,-0.0214797202,b
0.669810653,0.797309518,4.51302895e-07,0.599642336,0.743577242,-0.016647581,0.563738823,0.643023074,-0.0175838526,0.595160544,0.582731545,-0.0184154324,0.641634643,0.598018,-0.0187973175,0.6164518,0.5291484,0.0137368487,0.621783614,0.441330433,0.0105421981,0.627914,0.388786912,-0.00140799349,0.634342492,0.342695534,-0.0137128439,0.657858491,0.526393235,0.0106438017,0.661603332,0.427724689,0.0119070988,0.666405737,0.368175685,0.00320229447,0.669644713,0.316879153,-0.00552546186,0.692159891,0.544512153,0.0027110572,0.697346926,0.454169512,0.00244505587,0.698472142,0.398770094,-0.00500112679,0.698882818,0.355289519,-0.0126229115,0.729170918,0.578700781,-0.00882147253,0.733523,0.502779126,-0.0114674382,0.733087242,0.458695859,-0.0132980822,0.731113791,0.420376658,-0.0160812717,b
0.660667717,0.798162222,4.21197626e-07,0.590561867,0.743439674,-0.0184223857,0.554526031,0.647627771,-0.0207589585,0.588337183,0.587892652,-0.0227556713,0.636353493,0.59676367,-0.0243913028,0.606086493,0.534193397,0.0100095961,0.611894488,0.446717083,0.0045743729,0.617909729,0.39364326,-0.00858964212,0.623615205,0.347616851,-0.0213586446,0.647371113,0.530645549,0.007406021,0.650899708,0.430245399,0.00616958737,0.654695451,0.370175809,-0.0036313748,0.656619668,0.320154,-0.0127858864,0.680920362,0.54718703,-3.76687167e-05,0.686595201,0.456399351,-0.00219284208,0.686365843,0.399476767,-0.0099402247,0.685618043,0.355978072,-0.0174062233,0.717684269,0.580283582,-0.0111698983,0.722141445,0.505506337,-0.0150322122,0.720262408,0.461314857,-0.0171243455,0.716816962,0.42421031,-0.0198381674,b
0.635370672,0.793799639,4.02134617e-07,0.565422893,0.749232113,-0.0208374541,0.52447021,0.653871775,-0.0246776044,0.553508461,0.585757911,-0.0278250873,0.601606429,0.592625,-0.0304241534,0.571721256,0.536105096,0.00642792415,0.575104713,0.447874099,0.00130546431,0.580605388,0.394974589,-0.011208,0.586325943,0.349876612,-0.0234980546,0.611870885,0.529720068,0.00524719106,0.612196386,0.432503313,0.00509789446,0.615841746,0.374362826,-0.00309365802,0.619057119,0.326747239,-0.0111575481,0.646209598,0.543619633,-0.000750432257,0.647018433,0.453567147,-0.0020599491,0.646403134,0.398447335,-0.00874752831,0.647049487,0.356820077,-0.0154580725,0.682600558,0.573402464,-0.0107120043,0.683542,0.501549363,-0.0138683347,0.680405378,0.45859167,-0.0155671416,0.67753458,0.422978222,-0.0179514363,b
0.598915577,0.795470238,4.4072425e-07,0.527651787,0.755247653,-0.018335918,0.486420333,0.664779544,-0.0218511801,0.511087,0.598931372,-0.0251242127,0.556891322,0.605600238,-0.028297605,0.532742083,0.545243859,0.00720246,0.535158098,0.458004981,0.00189740339,0.539128602,0.406011343,-0.0104887011,0.543896377,0.361418,-0.0227115359,0.572137356,0.537433207,0.00416533882,0.572251,0.440160334,0.00284059532,0.574210644,0.380116761,-0.00590863032,0.575883865,0.332116544,-0.0142708151,0.606791437,0.550918937,-0.00359800039,0.606677592,0.460329205,-0.0063161226,0.604513049,0.404248297,-0.014432339,0.603321314,0.361035049,-0.0220370553,0.643810689,0.580336332,-0.0149047878,0.644701302,0.506716,-0.0197493732,0.64127773,0.462545335,-0.022937227,0.637366176,0.42559731,-0.0264148228,b
0.569274306,0.799602926,4.59685708e-07,0.497259915,0.766384,-0.0193412825,0.453453839,0.677903533,-0.0237280969,0.476561904,0.611141443,-0.0275715217,0.522804677,0.616101444,-0.0314174332,0.499093533,0.558648825,0.0038328534,0.498544633,0.471486419,-0.00371666858,0.503033876,0.418415487,-0.0179862529,0.509364843,0.373234451,-0.0310504269,0.53866446,0.548475266,0.0014586813,0.535480797,0.45283854,-0.00171282177,0.536479414,0.3918145,-0.0121153323,0.538810909,0.342607915,-0.0212231819,0.573952317,0.559525549,-0.00543831056,0.570908427,0.470231,-0.00907213,0.568241656,0.41498518,-0.0173785612,0.568062186,0.372447044,-0.0246398859,0.611567199,0.585953474,-0.0158593338,0.608970344,0.511107326,-0.0200419575,0.605169237,0.468644828,-0.0220436435,0.601955533,0.433379561,-0.0244194604,b
0.539247811,0.798546433,4.77703395e-07,0.467650592,0.769457757,-0.0174695868,0.424266219,0.68566674,-0.0210229736,0.443348259,0.621277273,-0.0240890831,0.488310039,0.6244151,-0.0271071065,0.46833095,0.562869728,0.00570263388,0.467786,0.477508187,0.000349541078,0.470501751,0.426134855,-0.0117559936,0.474164635,0.382237196,-0.0236114152,0.507695198,0.552163064,0.0024824813,0.50535804,0.457918942,0.000775779132,0.505793333,0.399186313,-0.00828728452,0.50670433,0.352147162,-0.0163569823,0.543391049,0.563002825,-0.00503297243,0.540495336,0.473759294,-0.00850292388,0.536712468,0.418449908,-0.0169429686,0.534095585,0.373989344,-0.0243388321,0.581398308,0.590573072,-0.015680857,0.578836799,0.516791701,-0.0212000161,0.574345291,0.473880082,-0.0242525339,0.56944716,0.436552167,-0.0272210296,b
0.529673,0.820464611,4.38240761e-07,0.456763655,0.790107667,-0.021026941,0.407158464,0.703071237,-0.0263415277,0.421895117,0.629775584,-0.0311379377,0.468787789,0.631735325,-0.0354194082,0.450205505,0.575699747,0.00665585,0.447785407,0.487349451,0.000604145869,0.450126201,0.435264498,-0.0129688028,0.453781277,0.389020264,-0.0260924399,0.489205182,0.564753771,0.00461625028,0.483754,0.468186677,0.00259267702,0.483104259,0.407885134,-0.00739898346,0.482948929,0.357665122,-0.0165816639,0.524727225,0.575218439,-0.0023294494,0.519514322,0.484469235,-0.005460463,0.514718592,0.428529024,-0.013531805,0.511868298,0.384222388,-0.0208592899,0.563213944,0.600239217,-0.0131154135,0.558529377,0.525650501,-0.0164765343,0.553450942,0.482025623,-0.0182716362,0.549321711,0.443909734,-0.0208358616,b
0.565099359,0.822611868,4.72747018e-07,0.497683,0.801446199,-0.0183519758,0.45250234,0.728366613,-0.0159670562,0.470321059,0.66579175,-0.0135221435,0.505299449,0.659920633,-0.00975636393,0.467333704,0.642260075,0.029318789,0.453142643,0.5712412,0.0375686176,0.44672972,0.528833389,0.0344039574,0.442872107,0.493117809,0.029110413,0.498442352,0.626188,0.0315358527,0.480864972,0.550306499,0.0452901535,0.470682591,0.502255619,0.0447986685,0.464704424,0.465475649,0.0429496877,0.528020799,0.625168681,0.0277430192,0.513181746,0.557636678,0.038748581,0.500823677,0.514101803,0.0374007709,0.491976708,0.481724232,0.0342479199,0.561947525,0.630175471,0.019429801,0.549721718,0.573093653,0.0256231949,0.53893739,0.542677939,0.0273723565,0.528954148,0.517487,0.0273554698,b
0.497935504,0.832859397,4.68695163e-07,0.424635142,0.812563717,-0.0201529264,0.372995496,0.730674446,-0.0256623477,0.386594564,0.658813953,-0.0304891709,0.432947904,0.655405283,-0.035307005,0.411285281,0.600509346,0.0018338674,0.406441301,0.512378871,-0.00643872377,0.40810746,0.45862183,-0.02064275,0.411896288,0.412904561,-0.0335208476,0.450753689,0.585659623,-0.0004798749,0.443735868,0.488228023,-0.00458146073,0.44179216,0.426907361,-0.0148295136,0.441889405,0.376535714,-0.0235527661,0.48785463,0.592310071,-0.00724973436,0.481274068,0.501108348,-0.0121898856,0.476620883,0.445826232,-0.0202056952,0.474652767,0.402020454,-0.0268766731,0.527891219,0.614802,-0.0174852181,0.521736622,0.539391935,-0.0224501938,0.515766859,0.495935,-0.0242604706,0.510407329,0.459057331,-0.0262858141,b
0.47300756,0.846848726,4.88675312e-07,0.40003565,0.832461596,-0.0196686704,0.34586668,0.755933821,-0.0253883023,0.356027424,0.685245693,-0.0306067634,0.402851582,0.678493738,-0.035622783,0.381264269,0.616915166,0.00320996158,0.374511182,0.529517353,-0.00374652632,0.374772787,0.477546811,-0.0168638285,0.377549589,0.433463275,-0.0290635955,0.419815689,0.599877477,0.000778822869,0.409837186,0.502912402,-0.00184000086,0.406475335,0.44279927,-0.0106907161,0.406208724,0.394414127,-0.0184305254,0.457467437,0.6047225,-0.0061256364,0.447739691,0.51305306,-0.00998601411,0.441756338,0.458584189,-0.0169720184,0.439035743,0.415873,-0.0230314024,0.498464972,0.626282752,-0.0164699834,0.490842342,0.550654948,-0.0210048016,0.484129429,0.507953644,-0.0223275516,0.478182435,0.472235739,-0.0239183381,b
0.448293269,0.866999507,5.06267497e-07,0.37290448,0.858140111,-0.0206267834,0.314709306,0.783999562,-0.0259342231,0.32271874,0.710557401,-0.030419236,0.370278716,0.700693667,-0.0347083583,0.346823305,0.643184781,0.00453743432,0.335772812,0.555383,-0.001927807,0.333445,0.501827478,-0.0156056089,0.333556682,0.455825984,-0.0286000129,0.385581166,0.622085154,0.00243026507,0.371167868,0.526470959,-0.000114217291,0.364594311,0.465660632,-0.0104623958,0.359890819,0.415369391,-0.0195402801,0.423223525,0.62388432,-0.00432031229,0.410696328,0.534278572,-0.00864922162,0.402363807,0.479246616,-0.0173644498,0.396464378,0.435408533,-0.0247365013,0.465393066,0.641908407,-0.0145461727,0.453947484,0.566758871,-0.0197438337,0.445307314,0.523736775,-0.0220836177,0.43698144,0.486175537,-0.0245821439,b
0.435354888,0.854866505,5.73236548e-07,0.358090758,0.850135505,-0.0207607988,0.301459372,0.779297709,-0.0256958529,0.307692885,0.710068047,-0.0292883683,0.356124878,0.703124762,-0.0327383727,0.337080777,0.647062302,0.000876785605,0.32735163,0.559326768,-0.00753688347,0.324831963,0.504186094,-0.0211845618,0.325356811,0.456627876,-0.0338681713,0.37496236,0.62681365,-0.00122270221,0.362088,0.530738235,-0.00701758731,0.356717229,0.467717707,-0.018951619,0.352397054,0.412891209,-0.028573487,0.41197747,0.628981352,-0.00777284475,0.399881393,0.538184643,-0.0160105918,0.390962601,0.482306838,-0.0275428724,0.384631485,0.435371757,-0.0360932611,0.453837395,0.645773411,-0.0173162706,0.441411078,0.569604635,-0.0262128096,0.433894396,0.525910556,-0.031435553,0.426435053,0.485455871,-0.0356868804,b
0.433948874,0.844763637,5.45030275e-07,0.364101171,0.831991553,-0.0185784176,0.312092185,0.756693721,-0.0255648233,0.314088255,0.688696384,-0.0323901065,0.357994,0.686538696,-0.0392067693,0.349116594,0.623416662,0.000139150841,0.346482038,0.536011,-0.00871337764,0.347826779,0.48320362,-0.0221189726,0.351189613,0.438470721,-0.0343225487,0.385691643,0.608255,-0.00371609372,0.379038692,0.511365116,-0.0092407316,0.377246112,0.450478435,-0.0186308362,0.376531303,0.399977565,-0.0263828374,0.422378212,0.612865031,-0.0117584374,0.414445549,0.520290792,-0.0181779396,0.410180956,0.465955734,-0.0256034713,0.407427758,0.422138482,-0.0315342844,0.461413205,0.632840633,-0.0229485873,0.454431236,0.556470275,-0.0289459042,0.44925338,0.512092054,-0.0311116148,0.443911552,0.473746836,-0.0332955047,b
0.445664883,0.823068678,4.57186189e-07,0.381777614,0.803776503,-0.0169494934,0.337719738,0.727827251,-0.0238359086,0.337918222,0.661691546,-0.0312945135,0.373202652,0.660966277,-0.0389321707,0.379861981,0.59550494,0.0010797719,0.381436229,0.512759566,-0.00930108,0.385956347,0.462276459,-0.0237367731,0.392220855,0.419787884,-0.0363442339,0.413249016,0.585148752,-0.004442723,0.411944568,0.491411626,-0.0117185535,0.413449615,0.430588245,-0.0219144374,0.416838765,0.381068915,-0.0302047376,0.445866644,0.593397796,-0.0140940072,0.443163335,0.503063738,-0.0219156332,0.442385316,0.447531879,-0.0291100051,0.444095641,0.401985228,-0.0348876975,0.479628265,0.617161214,-0.0268645305,0.477719188,0.544394791,-0.033097636,0.475960314,0.499650419,-0.03479895,0.475102484,0.460990846,-0.0367978886,b
0.461001843,0.816665709,4.54848958e-07,0.395359069,0.789153814,-0.0111965556,0.354693,0.708233893,-0.0148602491,0.355215907,0.641264796,-0.021226272,0.388446033,0.642780364,-0.0279330313,0.40281561,0.582670629,0.0154339187,0.404099554,0.499491036,0.00864263,0.409507364,0.448983,-0.00510509359,0.416889757,0.405371904,-0.01776875,0.433230847,0.573616743,0.0062199505,0.432984471,0.480834305,0.00226589735,0.436187536,0.418256223,-0.00846004672,0.440606415,0.367529452,-0.0177071933,0.462323934,0.582900703,-0.00753054069,0.461064756,0.493969858,-0.0121578155,0.462207139,0.436660469,-0.0197484028,0.465310603,0.390126348,-0.0266416632,0.492521,0.605954587,-0.0244785976,0.489928126,0.532731175,-0.0274983812,0.489698052,0.487351239,-0.0284025222,0.491186827,0.447820812,-0.0306795966,b
0.474145055,0.822648883,4.30393754e-07,0.406834304,0.792350352,0.00980404951,0.371036023,0.713251114,0.0162661523,0.367442191,0.6490134,0.0140762841,0.391091287,0.646689,0.0104763154,0.41218549,0.592828453,0.0488758087,0.411662638,0.512987196,0.0514711179,0.414818555,0.461714119,0.0426771082,0.420358151,0.41750437,0.0324709453,0.4385539,0.582184613,0.0278599989,0.435679078,0.489851475,0.0320241414,0.436331719,0.424967051,0.0226698201,0.439506173,0.373250663,0.0135298036,0.464134604,0.588297606,0.00260358676,0.459628344,0.499615371,0.00336884684,0.458677,0.440965652,-0.00348858396,0.460579902,0.392192632,-0.010961025,0.48878777,0.606891334,-0.024699565,0.48121959,0.532105148,-0.0249886382,0.479333758,0.48655194,-0.0253557395,0.480119884,0.445668578,-0.0280236341,b
0.478736043,0.819603443,4.78599475e-07,0.418583184,0.79260844,-0.00167957938,0.385127395,0.715803504,-0.00235928968,0.380611867,0.652133524,-0.00911572855,0.403073251,0.645609736,-0.0168868527,0.422248751,0.594505548,0.0288841594,0.423496187,0.516603529,0.0237005129,0.429425,0.463093281,0.0116781741,0.438880146,0.418236613,0.000448753679,0.445686221,0.582036138,0.0128839808,0.444647372,0.490401953,0.00945445,0.447904229,0.42490381,-0.0011765979,0.453252256,0.370760083,-0.00992373377,0.470987469,0.587964952,-0.00758531364,0.467095226,0.49770242,-0.0129885897,0.467800677,0.437731326,-0.0209140088,0.470613956,0.387321293,-0.0279125515,0.49726522,0.60860306,-0.0306768976,0.491618931,0.53269136,-0.0353311,0.491163373,0.483894229,-0.0373599455,0.493031979,0.440343022,-0.040398214,b
0.488812864,0.817148328,4.74250214e-07,0.426211894,0.793017149,-0.0040740557,0.388158679,0.715008616,-0.00478422828,0.382944524,0.649831533,-0.0105477488,0.411292583,0.644461274,-0.0169070382,0.428902596,0.59074086,0.0270219315,0.428814977,0.510877252,0.0231879354,0.432850182,0.460122347,0.0118819689,0.439420432,0.416653425,0.000890238443,0.454501718,0.578249276,0.0134592839,0.453746796,0.485552847,0.0122248242,0.45514825,0.422400415,0.00272133923,0.457586199,0.370180905,-0.00561625417,0.48068428,0.583284259,-0.00458511,0.476965785,0.493715584,-0.00753987767,0.475941122,0.435129642,-0.0147542618,0.47668612,0.386242688,-0.0214968547,0.506971538,0.602486551,-0.0254866425,0.500711083,0.528045058,-0.0279944818,0.498898208,0.480968833,-0.0291413851,0.499245077,0.440334439,-0.0316934846,b
0.554470837,0.810414195,3.75360656e-07,0.490278,0.793653905,-0.0148168076,0.443952143,0.718583643,-0.0144073,0.458993912,0.656699836,-0.013840613,0.497548074,0.657506287,-0.0132202441,0.463701755,0.628652155,0.00978679,0.452645749,0.554925859,0.00729443273,0.450292617,0.51068747,-0.00158478192,0.450295299,0.471984357,-0.0105718412,0.494899094,0.611385822,0.0086072376,0.481500596,0.532999873,0.00934922788,0.476060539,0.483189464,0.00287068868,0.473112792,0.442818284,-0.00307112304,0.525681674,0.612513125,0.00337626738,0.513881624,0.540377,0.00241816672,0.505408227,0.496675372,-0.00393374264,0.500449121,0.463666856,-0.00953437109,0.560132504,0.624045849,-0.00481966138,0.550074577,0.564343631,-0.00767859537,0.542298496,0.529473066,-0.00985032879,0.535999715,0.500445247,-0.012230468,b
0.490940422,0.814217508,4.44758939e-07,0.421487212,0.792868435,-0.0108285826,0.37640515,0.713924289,-0.0115673412,0.378443241,0.648681,-0.014256102,0.413136572,0.646980524,-0.0171872247,0.418928862,0.590090036,0.0162679404,0.417135328,0.507509887,0.0111859217,0.419816792,0.457447171,-0.00109113695,0.424417168,0.413717091,-0.0128122643,0.452083349,0.576580405,0.00872683618,0.447360903,0.483861923,0.00611322373,0.446997523,0.422247618,-0.00378414337,0.448129416,0.371863723,-0.0123253511,0.484297335,0.582007229,-0.00321608502,0.478349775,0.493871152,-0.00753447693,0.475634754,0.438156188,-0.0155007076,0.475044608,0.391565919,-0.0224387385,0.519254,0.600970089,-0.0180240981,0.512394369,0.52725184,-0.0224103704,0.508457601,0.482937634,-0.0244693924,0.505584,0.443189323,-0.0272149928,b
0.490327537,0.811376393,5.10993914e-07,0.418997258,0.788764536,-0.0158498138,0.372515172,0.707807183,-0.0190296024,0.38044256,0.643335104,-0.0222898852,0.420718759,0.64630419,-0.0255789142,0.41770649,0.584048033,0.00742621068,0.416721553,0.497636765,0.00152125699,0.42011562,0.445827603,-0.0106699131,0.4253847,0.401062429,-0.0222806036,0.455019,0.57189095,0.00307668163,0.451175183,0.475568056,0.000154111287,0.451648742,0.413795292,-0.00897334144,0.453086138,0.363402486,-0.0168751813,0.489627182,0.580577135,-0.00562794507,0.486096621,0.490487844,-0.010181264,0.48427406,0.435220718,-0.0182352215,0.483963549,0.390816301,-0.0250933785,0.526568294,0.60376,-0.0173465721,0.522347033,0.529082835,-0.0228289049,0.518805623,0.485061,-0.0256677289,0.515050173,0.445911467,-0.0286992099,b
0.48977989,0.81047368,5.01868897e-07,0.419606835,0.785491824,-0.0208302718,0.372135162,0.700018167,-0.0267805476,0.391910762,0.630556881,-0.0318539105,0.439268231,0.634575069,-0.0375070348,0.415065318,0.576594532,-0.00100921444,0.414570451,0.48928076,-0.00977298804,0.417966068,0.436946273,-0.0244195946,0.423530042,0.391333938,-0.038060952,0.454218268,0.564283311,-0.00346106454,0.450863838,0.470015138,-0.00843346398,0.450904697,0.409814507,-0.0198950805,0.451342434,0.358951896,-0.0298694614,0.4903934,0.574639559,-0.0103259254,0.487999678,0.485758483,-0.0167769864,0.485867381,0.429108322,-0.0273544211,0.484402776,0.384572595,-0.0360449553,0.527972877,0.600744307,-0.0204723533,0.523931563,0.525497377,-0.0286837798,0.519205511,0.480269432,-0.0335936099,0.513861299,0.441146553,-0.037955422,b
0.498814791,0.815814,5.00547344e-07,0.428100556,0.785239279,-0.0254995544,0.38084048,0.695483088,-0.0316551514,0.40755102,0.626016796,-0.0363705941,0.453981519,0.628749728,-0.0409702398,0.420820624,0.574453,0.00285174232,0.417143196,0.484274864,-0.00293033663,0.418233275,0.429897964,-0.0171892513,0.420007825,0.382525027,-0.0308840983,0.460577548,0.56383127,0.00348400837,0.4533678,0.467574775,0.00289062643,0.450468689,0.405611396,-0.00768338284,0.448854446,0.353988856,-0.0176699329,0.495943248,0.574036539,-0.00104830414,0.491848707,0.484863281,-0.00189715205,0.486112833,0.427500188,-0.00992582366,0.482608438,0.383260816,-0.0177887827,0.533348501,0.597765,-0.0100014154,0.528952181,0.525184333,-0.0124242557,0.521900833,0.481712908,-0.014217427,0.515398741,0.444325686,-0.0169902779,b
0.506144702,0.811069727,4.17729979e-07,0.44261241,0.771631718,-0.0255967285,0.405505389,0.682717681,-0.0323585346,0.439415544,0.619804859,-0.038085524,0.488830298,0.624355078,-0.043495331,0.431204468,0.564335823,0.00050541485,0.427366406,0.472892106,-0.00705396,0.425795764,0.417615354,-0.0211438574,0.423581779,0.369578481,-0.0340955518,0.467982978,0.554632664,0.0006768147,0.461777925,0.456885815,-0.00191552797,0.457297117,0.395428538,-0.0127884308,0.45257014,0.345154107,-0.0224159397,0.501595199,0.56455785,-0.00424203,0.498457313,0.474095881,-0.00685497746,0.491691083,0.417675257,-0.0169942845,0.484788716,0.37427932,-0.0257693715,0.53567946,0.587881923,-0.0135919107,0.534888804,0.517899632,-0.0167130791,0.527494609,0.476248443,-0.0199737716,0.519191504,0.441683292,-0.0235629249,b
0.512039,0.805712104,3.85290264e-07,0.449018478,0.760628,-0.0236070193,0.416853905,0.660765588,-0.0269426927,0.45447877,0.599473417,-0.0295592807,0.501444221,0.609743595,-0.0318505093,0.440460324,0.55835712,0.00606297376,0.435822725,0.467259228,0.00012168027,0.433603823,0.411650568,-0.0121603915,0.431288719,0.36392498,-0.0238298029,0.475813955,0.549540222,0.006185445,0.469298482,0.452688903,0.00408332143,0.463821709,0.390771866,-0.00633568037,0.457534671,0.339591414,-0.0154323829,0.507924616,0.560998559,0.000949992565,0.504494965,0.472145438,-0.00193805038,0.495764852,0.414518356,-0.0133143449,0.486021787,0.369283736,-0.0228887051,0.540521383,0.584476471,-0.00850381423,0.539002776,0.515345812,-0.0125433961,0.530113816,0.4739573,-0.0174406879,0.51937747,0.439286828,-0.0223981235,b
0.525678635,0.787603438,3.233028e-07,0.468704909,0.745919108,-0.0276097227,0.439868122,0.655626774,-0.0328642838,0.477045804,0.598373234,-0.0353078432,0.525442541,0.596707642,-0.0368804671,0.454237372,0.557165444,-0.00519042369,0.446975291,0.465097159,-0.0137144225,0.441945821,0.408774614,-0.0265622605,0.436914176,0.361660421,-0.03780929,0.487957478,0.546650171,-0.00205019792,0.478219151,0.449859321,-0.00564832846,0.468614072,0.388523787,-0.0167686865,0.458412349,0.337891698,-0.0262268912,0.518113,0.555000842,-0.00368938246,0.511714339,0.469761,-0.00718910107,0.501088738,0.412990123,-0.0186667126,0.489290953,0.367724329,-0.0282541271,0.549015701,0.575070798,-0.00947319809,0.544716954,0.507955313,-0.0134033393,0.535397947,0.4680852,-0.0173740964,0.524659038,0.436970949,-0.0213122014,b
0.534333,0.789305091,4.07401785e-07,0.476125717,0.735834122,-0.0389815271,0.450270236,0.642305851,-0.0451346152,0.48969388,0.587060392,-0.0466975309,0.535297096,0.58924377,-0.0462746136,0.466968566,0.551641464,-0.00196077744,0.462273121,0.459995627,-0.00774921058,0.458959281,0.403693616,-0.0187898558,0.455563575,0.357546449,-0.0282902587,0.501246452,0.544637859,0.00650678063,0.494132876,0.445608318,0.00789652765,0.485586256,0.382900029,-0.000801658607,0.476838768,0.331781149,-0.00847490504,0.531334519,0.554559469,0.00766469026,0.527584851,0.46865046,0.00590340281,0.517927051,0.409961224,-0.0073942584,0.506857157,0.361782104,-0.0176738556,0.562067747,0.573953509,0.00320761767,0.559287846,0.507364452,0.000495559652,0.551509082,0.468549281,-0.00489046192,0.541920424,0.439134,-0.0099116452,b
0.541244,0.794129133,3.34596564e-07,0.476015121,0.7506212,-0.0247381516,0.442826629,0.654750764,-0.029013874,0.47994855,0.590687633,-0.0320402458,0.526921034,0.590225816,-0.0342675447,0.470650852,0.546125174,0.00495140627,0.467775971,0.459653139,-0.00164526398,0.466977894,0.406400412,-0.0147705339,0.465870321,0.361279935,-0.0270654727,0.50787735,0.538968801,0.00536892517,0.502845407,0.44379127,0.00256869849,0.498972327,0.384170294,-0.00842102896,0.494247675,0.335972548,-0.0180279128,0.540546954,0.551659286,0.000438815856,0.540198326,0.464512,-0.00377277634,0.535118222,0.408400416,-0.0141902855,0.529047132,0.36383909,-0.0231837481,0.574159861,0.576979697,-0.00863655191,0.572773516,0.509649932,-0.0138354078,0.566112,0.46922484,-0.0175224598,0.559304178,0.434174836,-0.021382248,b
0.541536868,0.792794347,3.87964576e-07,0.471266299,0.74760592,-0.0216571596,0.431612551,0.648587465,-0.0235573929,0.463226736,0.579726458,-0.0245749075,0.509925723,0.587229311,-0.0248455126,0.47511214,0.539018691,0.0119307693,0.476884454,0.452777535,0.0108788097,0.480766386,0.402846158,0.000346481247,0.4838413,0.3597,-0.0109179756,0.514224589,0.533563435,0.0123776598,0.513778329,0.438573807,0.0159760099,0.514616251,0.381479383,0.00837062299,0.514513552,0.335429341,0.000376161333,0.547419488,0.547632575,0.00768801663,0.549188495,0.460527211,0.00927692279,0.547294736,0.405559659,0.00209178729,0.545603514,0.364432096,-0.00534984,0.582985818,0.575733542,-0.00112378376,0.583851576,0.505530298,-0.0020599782,0.579211235,0.4639,-0.00344281737,0.574534059,0.428730875,-0.00605335,b
0.539336741,0.79281354,4.71588152e-07,0.475387812,0.775084257,-0.0178399161,0.429665476,0.702785671,-0.0233198423,0.44538188,0.643731594,-0.0283102412,0.488476515,0.650012553,-0.0341356471,0.460078,0.589341938,-0.00296486774,0.456839889,0.511870086,-0.0121495072,0.457489789,0.464176238,-0.0251234807,0.460913062,0.423770249,-0.0367822908,0.493232697,0.576374888,-0.00622791518,0.487276703,0.489586502,-0.0121758701,0.485388517,0.433099419,-0.022164559,0.485779226,0.387145281,-0.0303631797,0.525579393,0.583686471,-0.0133470288,0.521147907,0.502643585,-0.0207283627,0.518938124,0.451116055,-0.0307478048,0.51863718,0.410185039,-0.0382569879,0.559110045,0.605887532,-0.0232252963,0.555481672,0.538804412,-0.0313204676,0.552210748,0.497611046,-0.0360017531,0.550122142,0.462539732,-0.0398055241,b
0.543085098,0.78272748,3.3434992e-07,0.474737406,0.740645409,-0.015404583,0.435094655,0.647425652,-0.0150760897,0.457473159,0.579566061,-0.0147685912,0.500932038,0.583302557,-0.0138963452,0.483802974,0.538926244,0.0154041359,0.488015413,0.456117272,0.014234649,0.494450301,0.409235835,0.00459811883,0.500366926,0.368935,-0.00570580596,0.523010194,0.532603681,0.0133573571,0.525486,0.440251887,0.0159900971,0.529396236,0.387236118,0.00948195066,0.531259537,0.34400475,0.00278899726,0.555992603,0.546335638,0.00683084549,0.557122,0.460802913,0.00724039366,0.556576967,0.409240603,0.00252954918,0.556719601,0.370046139,-0.00260110828,0.592431366,0.574942291,-0.00304460386,0.592270851,0.504891276,-0.00394553365,0.589294,0.464346498,-0.00341511308,0.585821569,0.429437578,-0.00430611568,b
0.542955041,0.791386604,3.2509422e-07,0.474568874,0.736857891,-0.00983694941,0.439878017,0.646201611,-0.00619606255,0.457315713,0.573227704,-0.00436831405,0.498386204,0.577321053,-0.0015686336,0.499289244,0.541068494,0.0361824781,0.508112967,0.460639447,0.0414817221,0.517106712,0.41854912,0.0338403173,0.524617553,0.381496072,0.024129577,0.537198901,0.536583781,0.0320169441,0.546459734,0.44551909,0.0406935513,0.554867268,0.396445334,0.0350239761,0.56035,0.355203509,0.0282027647,0.567437232,0.55121994,0.0228281077,0.575673163,0.468613535,0.0286776442,0.579998493,0.419450551,0.0270938929,0.584899426,0.38122654,0.0232122801,0.602423,0.582023323,0.0101854485,0.606693,0.513587236,0.0157974083,0.608514905,0.475839347,0.0209963229,0.610429406,0.443325609,0.0225297399,b
0.540677726,0.79355073,2.53380023e-07,0.471185774,0.736139655,-8.74211255e-05,0.441970408,0.646347821,0.0117505826,0.457536846,0.578494191,0.0204934608,0.494028,0.583363116,0.0299747922,0.502710879,0.555494666,0.0519781522,0.511999488,0.480188727,0.0632321835,0.521229684,0.441983461,0.0596529767,0.530269682,0.408327907,0.0527641214,0.539050281,0.549612,0.0459643938,0.547991276,0.462827027,0.0593462475,0.556394696,0.418004692,0.0554466769,0.562006712,0.378881186,0.0498878509,0.56837374,0.561547518,0.0352824144,0.576384544,0.482766569,0.0442185923,0.580572605,0.437293589,0.043386545,0.586391747,0.400725245,0.0399757214,0.602974176,0.587735951,0.0221170038,0.605805,0.519152522,0.0293034445,0.609234571,0.483603805,0.034680631,0.612934053,0.453076035,0.0363183208,b
0.537929833,0.801037669,1.80383537e-07,0.468397141,0.74073565,0.0141867865,0.442825168,0.660952449,0.037628226,0.452528328,0.595210612,0.0553783141,0.481372237,0.591618896,0.0745050311,0.502211571,0.576173604,0.0861878768,0.511756,0.508115947,0.112173013,0.520491064,0.473838985,0.118259989,0.529710054,0.447606325,0.118408166,0.536556304,0.568618417,0.0787155107,0.544115543,0.488719821,0.108597659,0.552142918,0.450377345,0.113683514,0.558764577,0.41916123,0.114472561,0.566723049,0.575402141,0.0662948638,0.57298696,0.501566231,0.090170376,0.576477766,0.461169213,0.0967126787,0.582787573,0.429770589,0.0974167585,0.602480888,0.595606,0.051905673,0.606144905,0.533716619,0.071278125,0.608925581,0.502307236,0.082030274,0.612449408,0.478173673,0.0870860517,b
0.527171314,0.80126065,1.42229595e-07,0.461421788,0.745875239,0.0113777453,0.439055,0.666716337,0.0302773323,0.448218673,0.600595713,0.0439760536,0.475271106,0.594769716,0.0586811416,0.499809355,0.575914502,0.0703834295,0.510920286,0.508723617,0.0885660127,0.52093184,0.47322166,0.090242289,0.531814098,0.444784433,0.0877826437,0.5339818,0.568254292,0.0616489276,0.544467032,0.488047302,0.0833313391,0.554263473,0.448101461,0.0851434916,0.561547101,0.41400966,0.0837863907,0.563248873,0.575513601,0.0485236,0.572604716,0.500443816,0.0644656792,0.577506125,0.458729386,0.0682203323,0.584638178,0.425696909,0.0676884204,0.597414315,0.595782161,0.0336370505,0.602061689,0.532565176,0.0471883453,0.60684669,0.499512255,0.0560217202,0.612148702,0.47323963,0.0600535907,b
0.523552597,0.811236739,1.92052198e-07,0.459054917,0.788128674,-0.00563282,0.414386809,0.718908906,-0.00176927622,0.408299148,0.650285423,-0.000497814,0.438886702,0.629259765,0.00187215745,0.448269665,0.588876426,0.0326801091,0.442313671,0.516368151,0.0324409902,0.445985824,0.474273622,0.0222934801,0.452299416,0.438812673,0.0121108936,0.480014294,0.574215412,0.0259564035,0.46973592,0.492772669,0.0284355134,0.469152123,0.445679337,0.0206197351,0.469484866,0.406004429,0.0132827787,0.509856284,0.576607883,0.0148123773,0.500308454,0.497301459,0.0142758358,0.495472103,0.451668,0.0120077366,0.495175,0.41292575,0.00903504,0.54816103,0.592135131,0.000982725294,0.539383948,0.526038468,0.00229058,0.534889638,0.489492834,0.00612846855,0.531354606,0.456646204,0.00756196864,b
0.514579952,0.809343576,7.73610793e-07,0.430562854,0.797875762,-0.0254443474,0.375800371,0.72977066,-0.0300085973,0.380368263,0.666998208,-0.034486603,0.418878049,0.658881247,-0.0384611189,0.409032434,0.609886,0.0279304311,0.395028025,0.522422791,0.0306809526,0.388418555,0.464500308,0.0189156421,0.385684073,0.418196768,0.00576705672,0.4475061,0.589088321,0.0266331416,0.427873462,0.491723776,0.0316812322,0.416751206,0.426252425,0.0165258627,0.407424778,0.372353405,0.00285393465,0.482275277,0.584979475,0.018421052,0.464398563,0.495005906,0.0212644543,0.451395541,0.44036752,0.00730864704,0.439583689,0.39382571,-0.00583142601,0.522779465,0.592145264,0.00539480057,0.506030083,0.518128216,0.00656447094,0.49309805,0.476958752,0.00174465135,0.477947444,0.435708225,-0.00525520742,b
0.502018452,0.802212894,6.70921281e-07,0.422197253,0.793570101,-0.0221100207,0.366030395,0.726234436,-0.0299683753,0.365892142,0.662435174,-0.0375851057,0.408340424,0.659432769,-0.0457309932,0.403632671,0.600022674,0.00152177946,0.391682416,0.508173943,-0.00867933,0.387777448,0.44993782,-0.024903262,0.385882378,0.398771822,-0.0400359854,0.44109714,0.579851747,-0.00332169258,0.42540887,0.478567302,-0.0132442797,0.417551607,0.40997389,-0.0310899392,0.409775108,0.351083279,-0.0453399457,0.477731973,0.581804752,-0.0128413877,0.463364571,0.486685723,-0.0239575729,0.453244418,0.427856714,-0.0400190949,0.443782568,0.378101468,-0.052286651,0.518778205,0.597263396,-0.0255216826,0.50608325,0.519891858,-0.0360450484,0.495541036,0.473387063,-0.0441490375,0.4838368,0.42802316,-0.0514201187,b
0.486054778,0.797659874,7.52132e-07,0.412369281,0.795229495,-0.032644894,0.358266205,0.73665911,-0.0533930585,0.347242028,0.672872066,-0.0726588145,0.383677363,0.663370132,-0.0930415168,0.390894294,0.596693218,-0.0262019876,0.379970908,0.503440082,-0.0486835912,0.377854913,0.442654371,-0.0713112131,0.377524495,0.39026767,-0.0900991485,0.426230878,0.5827021,-0.0308424868,0.41469273,0.478871942,-0.0536775365,0.408414274,0.406755328,-0.0763239563,0.402899563,0.344088107,-0.0933565497,0.46192646,0.588452458,-0.0400283635,0.449956924,0.490317166,-0.0609073378,0.442743212,0.428727627,-0.0784360841,0.435949236,0.375883937,-0.0908211395,0.500647306,0.606960714,-0.0529645458,0.490529358,0.528602183,-0.0703312084,0.481466115,0.478303075,-0.0805154294,0.471853673,0.43119663,-0.0886866823,b
0.474761635,0.794083297,9.20612877e-07,0.399001479,0.789998651,-0.0394631699,0.348141521,0.728972912,-0.0656024963,0.339894921,0.665545702,-0.0905167684,0.371817499,0.654015839,-0.116599023,0.381185472,0.589203298,-0.0248278603,0.372941285,0.497415811,-0.0468652,0.372085541,0.435956568,-0.0706379339,0.374245942,0.384805739,-0.0908555388,0.418101341,0.578978896,-0.0297190715,0.408970773,0.474846721,-0.0527200624,0.403309017,0.401898742,-0.0772328377,0.399671823,0.339794785,-0.0959204286,0.453978211,0.585061848,-0.0406258926,0.443290919,0.48754254,-0.0618558414,0.437102526,0.425725132,-0.0808782876,0.431370795,0.373854697,-0.0950774103,0.491939902,0.601456702,-0.0564566553,0.48371315,0.524150372,-0.0739239231,0.474718511,0.474084198,-0.0852844939,0.465303719,0.426741451,-0.0953229144,b
0.524044693,0.796881,5.04099717e-07,0.456092447,0.773183405,-0.0215117708,0.408337831,0.694611073,-0.0301495362,0.424550951,0.633389175,-0.0380124785,0.470566332,0.645441115,-0.0469438732,0.447067112,0.572439492,-0.00777213275,0.445400059,0.488295257,-0.0193617716,0.447937965,0.436951756,-0.035368342,0.452222556,0.392662585,-0.0497790948,0.482379198,0.560327888,-0.011342979,0.479167163,0.46722579,-0.0188954379,0.479539394,0.406572938,-0.0311575569,0.481085896,0.356134832,-0.0415286347,0.516368687,0.57039547,-0.0188861303,0.513907313,0.483473957,-0.0269947443,0.512984,0.427743495,-0.0377541892,0.513348401,0.38253063,-0.0463066138,0.552070141,0.597386718,-0.0296738185,0.549590826,0.527042687,-0.038067475,0.547866225,0.48225823,-0.0423605628,0.547269464,0.443730235,-0.0461895503,b
0.463145912,0.803781271,5.57798444e-07,0.39644593,0.780766189,-0.0228552409,0.350956678,0.708929062,-0.0375711806,0.345217437,0.643570602,-0.0521020703,0.377690136,0.64133811,-0.0674674064,0.395371407,0.572798312,-0.0157368686,0.396746844,0.47822693,-0.0343493558,0.402792603,0.420698285,-0.0537452772,0.410372883,0.371169209,-0.0694674253,0.43168354,0.565001607,-0.0221541151,0.432720512,0.461853027,-0.0377763659,0.435243309,0.393069744,-0.0534501635,0.438225508,0.33444348,-0.0654608086,0.466961712,0.576822937,-0.0324655063,0.466955692,0.478754222,-0.0477363616,0.468114734,0.416841209,-0.0591720305,0.46974054,0.365133703,-0.0672852546,0.502823532,0.604604661,-0.0459261946,0.503020942,0.527233243,-0.0586936101,0.501765728,0.475886762,-0.0638542399,0.50037,0.43058157,-0.0678516552,b
0.475981683,0.806326,4.91880087e-07,0.408875138,0.766950846,-0.0210120529,0.369745523,0.67909205,-0.0314628556,0.375205964,0.612496793,-0.0420324355,0.411212474,0.624461055,-0.0533141457,0.431315303,0.556938648,-0.00711683463,0.442317605,0.467688382,-0.020693833,0.452921093,0.413721859,-0.0375222825,0.463845521,0.367390335,-0.0522153527,0.468446881,0.5540483,-0.0129855424,0.480311602,0.453065723,-0.0233801,0.489588171,0.387257725,-0.0365931503,0.498310596,0.3319031,-0.0473578088,0.502383411,0.571784139,-0.0229498968,0.512153089,0.475746363,-0.0334473215,0.518656731,0.414385259,-0.0434838645,0.524746299,0.36265105,-0.0513269,0.535246253,0.606118619,-0.0362488069,0.543584704,0.529869437,-0.0449700728,0.547185183,0.479433864,-0.0486580841,0.549890101,0.43524611,-0.0521738604,b
0.478436768,0.797799766,4.868823e-07,0.417164922,0.749914885,-0.0172341242,0.388115197,0.654356122,-0.0241524484,0.398877591,0.589906394,-0.0318625,0.430749357,0.605876446,-0.0404307134,0.457115233,0.547164738,4.58897703e-05,0.475361973,0.462955832,-0.0106534073,0.491166711,0.413232505,-0.0255406071,0.507114172,0.370850146,-0.0388030522,0.495676696,0.548857927,-0.00666394271,0.515465915,0.454257965,-0.0139652994,0.531443536,0.392677128,-0.0254800096,0.546008885,0.342344284,-0.0351770669,0.528735876,0.570830643,-0.0174872931,0.545915306,0.481384754,-0.0251356792,0.558504164,0.424774528,-0.0337380581,0.569520295,0.377656162,-0.0409150757,0.558352411,0.608060598,-0.0314316154,0.57108438,0.534353,-0.0373439156,0.57948333,0.48750183,-0.0393626131,0.586755395,0.446423471,-0.0420303419,b
0.49498,0.799816132,4.06463585e-07,0.432315797,0.746398926,-0.010770821,0.405350268,0.655117333,-0.0116998972,0.415370256,0.585171402,-0.0145579362,0.444127262,0.592781067,-0.0173354391,0.478501946,0.544053137,0.0210866202,0.498418927,0.464104205,0.0179866757,0.51495266,0.41974318,0.00624543522,0.531072438,0.381374955,-0.00573181966,0.515889943,0.545605958,0.0132537037,0.536894858,0.456549883,0.0132583277,0.553997338,0.401387185,0.00483047077,0.568944514,0.356652081,-0.00366159412,0.545693278,0.566470087,0.000621075917,0.564513147,0.480750024,-0.00169273966,0.577994764,0.428863645,-0.00667704409,0.590657175,0.385333419,-0.0124948118,0.575250566,0.602947056,-0.0151542267,0.587952197,0.53228426,-0.0174768381,0.596616149,0.49108845,-0.0171728525,0.604618788,0.454057366,-0.0188434366,b
0.508184195,0.796620309,3.19372077e-07,0.442754239,0.735644698,0.00881100073,0.422878414,0.656690121,0.0247705113,0.431572407,0.598088503,0.0367108881,0.452651024,0.59199965,0.0497072,0.486909807,0.553087771,0.0623246133,0.502662838,0.478099346,0.0745273605,0.518368125,0.435815334,0.0688218698,0.533157229,0.399372697,0.0605464876,0.524641871,0.554229498,0.0516707189,0.540130079,0.465476632,0.0678365156,0.555602729,0.413657546,0.0619702153,0.567891896,0.37221697,0.0536841117,0.552684069,0.569223166,0.0366047658,0.566797,0.487429351,0.0478538461,0.576305449,0.439031541,0.0450435206,0.588063121,0.397814453,0.0388547815,0.584586084,0.597143292,0.0196730942,0.592635274,0.527065,0.0280806031,0.598964214,0.489884287,0.0319047384,0.60504365,0.453977287,0.0314748287,b
0.512396038,0.800873518,2.13976151e-07,0.448729575,0.75816685,0.00660986034,0.422581375,0.687067926,0.0190576166,0.423110276,0.626225114,0.0270487908,0.442837894,0.612472,0.0360326096,0.4756006,0.574926496,0.0530044362,0.482101262,0.501863301,0.0596472248,0.491632938,0.457955867,0.0528196245,0.502316058,0.42211467,0.0449375324,0.509446502,0.565634668,0.0426633619,0.514015138,0.479836375,0.0522714928,0.522497118,0.429190874,0.0467761308,0.530314088,0.388866663,0.0404597372,0.537882447,0.572326064,0.0281212125,0.542485952,0.490098327,0.0341354534,0.545527816,0.441736877,0.0330072,0.552163243,0.401554883,0.0296297763,0.571893156,0.593312621,0.0116745364,0.573368371,0.524737239,0.0174100045,0.575042546,0.487150788,0.0221844316,0.576981366,0.453445107,0.0235964283,b
0.516760945,0.809097886,1.83936095e-07,0.449484617,0.787044764,0.0069859107,0.413774163,0.722492874,0.020696478,0.406025976,0.661984861,0.0300938264,0.420386761,0.647253215,0.0407175608,0.451833814,0.597822487,0.056015607,0.447618872,0.526426613,0.0649226159,0.450667769,0.482796818,0.0589638,0.455665648,0.445516944,0.0514092818,0.483028203,0.580013514,0.0463391729,0.474814951,0.496323198,0.0586400293,0.47573,0.446288377,0.0539852343,0.477088302,0.405495733,0.0477832481,0.510878265,0.578729093,0.0324037969,0.503362954,0.498871624,0.0407749936,0.499537259,0.452432543,0.0400319584,0.500873148,0.412475586,0.0364544354,0.545943081,0.58916,0.0164580084,0.537823856,0.523288071,0.02417247,0.534554362,0.487897217,0.0293489881,0.53249377,0.455477506,0.0307050832,b
0.511771679,0.809747815,2.56247148e-07,0.442694575,0.805744231,0.00634565111,0.399842799,0.743825793,0.0221741609,0.386762559,0.6855492,0.0339330845,0.404309094,0.6697914,0.047262229,0.426940709,0.621742785,0.0595487058,0.414207429,0.549605727,0.0704350397,0.4125655,0.502484798,0.0648672879,0.413867831,0.461708575,0.0575683787,0.456174463,0.598425329,0.0515925288,0.438769,0.516089,0.0672935247,0.434096873,0.464470208,0.0624086112,0.430511832,0.420980066,0.0556807443,0.482605934,0.590886354,0.0392888226,0.466399431,0.511816,0.0514198057,0.45615828,0.465831578,0.0500760823,0.452364773,0.425499171,0.0454734638,0.516862273,0.594400406,0.0247234516,0.501625955,0.528869629,0.03485322,0.493399501,0.492143899,0.0394323431,0.486079782,0.457079858,0.0399966,b
0.504515767,0.811916411,3.23792904e-07,0.437677026,0.818681538,-6.1597957e-06,0.387437195,0.761029422,0.00932308193,0.370503336,0.702872038,0.0153766293,0.390993744,0.687011778,0.0225743428,0.404028177,0.631746888,0.0451503135,0.385023,0.560233057,0.0514089316,0.378734499,0.512677252,0.0436928943,0.375165462,0.471875668,0.0345498733,0.431276262,0.604598,0.0372954234,0.407408714,0.524523139,0.0470691435,0.397282839,0.471903145,0.0395439342,0.388934672,0.428646624,0.0312590227,0.457998425,0.595549226,0.0252105538,0.434790581,0.516486585,0.0316358283,0.420383543,0.469743192,0.0273230132,0.411915183,0.42948252,0.0211113952,0.493567348,0.597669959,0.0106614707,0.472422302,0.53224951,0.0153620858,0.46040687,0.494900644,0.016815573,0.448954761,0.459142208,0.0154291317,b
0.498931348,0.820068955,4.72487358e-07,0.421631724,0.824104607,-0.00604858343,0.368575811,0.768990815,-0.000978118158,0.352432162,0.710289299,0.0017854363,0.377758831,0.692093134,0.0058217831,0.385624379,0.637381852,0.0450211801,0.362311929,0.558272183,0.0527753569,0.353965223,0.506926894,0.0437667929,0.347755373,0.463005632,0.0326004289,0.416861564,0.609428346,0.0387960337,0.389415115,0.524672806,0.0499661341,0.376019448,0.467149198,0.0384512469,0.364988685,0.418993413,0.0261330605,0.445735514,0.601128697,0.0278519671,0.420931756,0.519092917,0.0365327746,0.404204607,0.470580459,0.0298052318,0.392789781,0.427678883,0.0206596833,0.486765,0.603752077,0.0138564287,0.462737769,0.533455968,0.0214351714,0.44910562,0.495267391,0.0235672556,0.434280843,0.457467258,0.0215195436,b
0.502947092,0.807639778,5.40107237e-07,0.434140742,0.785208404,-0.0220263246,0.384022981,0.706187725,-0.0311884563,0.400468498,0.643053532,-0.0396113433,0.448549598,0.65176487,-0.0490504615,0.42076695,0.577378213,-0.00764041441,0.418283075,0.488387883,-0.0198599026,0.42109409,0.434551209,-0.036522232,0.426082551,0.388171345,-0.0514795408,0.45721367,0.56481564,-0.0113089876,0.452589959,0.468684077,-0.0197363924,0.452424973,0.405680984,-0.0327956229,0.453583866,0.353084862,-0.0437058,0.492564261,0.574621379,-0.0191643201,0.488625646,0.483793437,-0.0281374827,0.486959487,0.426222324,-0.0395590626,0.486612111,0.379487157,-0.0485029072,0.529582918,0.601279259,-0.0303384308,0.52558291,0.527515233,-0.0402681,0.521895289,0.479874372,-0.0458331145,0.519171774,0.437935054,-0.0504632182,b
0.486966431,0.825534821,5.48087655e-07,0.410791457,0.831149,-0.0211808365,0.348681957,0.771961093,-0.0265650228,0.332903862,0.704414427,-0.0312118605,0.368808925,0.689067483,-0.0344029963,0.367120266,0.631653607,0.01843624,0.346945882,0.547492385,0.0183020122,0.341021389,0.49543494,0.00658030529,0.33668834,0.450374901,-0.00628864206,0.403007984,0.603731155,0.0172313433,0.378273934,0.514086664,0.0196917821,0.36701414,0.454951942,0.00873990729,0.356375843,0.405564904,-0.00209231512,0.437576473,0.599213243,0.0108712623,0.415856034,0.513941705,0.0116680916,0.402044654,0.46213609,0.00538744079,0.391354531,0.419369936,-0.00184655527,0.48235473,0.606930196,0.00056172366,0.459559977,0.535309851,0.00162179663,0.446324885,0.495328546,0.0025465386,0.432591438,0.456662834,0.000768708705,b
0.488001466,0.820454717,3.98770226e-07,0.415997863,0.814033866,-0.0191736557,0.358472526,0.750448227,-0.0239374675,0.355633646,0.682427168,-0.028273385,0.394244611,0.662914574,-0.0316107422,0.384644836,0.609213769,0.00866661686,0.371020943,0.526066899,0.00247999164,0.367676288,0.474928975,-0.0108773457,0.366207719,0.431444705,-0.0232313462,0.423615187,0.587906182,0.00662605697,0.406114757,0.496501505,0.00432833796,0.398130238,0.439257085,-0.00542902527,0.391929775,0.392513543,-0.0142374495,0.460349739,0.587032139,-0.00010471412,0.444409549,0.501137614,-0.00362750422,0.432874978,0.450613678,-0.00946885813,0.4253892,0.411088049,-0.0148725444,0.502558649,0.599305689,-0.0103766387,0.487226039,0.528612494,-0.0133273993,0.475272894,0.489959598,-0.0132058915,0.464065969,0.457487166,-0.0140076466,b
0.51839453,0.820438921,4.43121962e-07,0.442717314,0.797344,-0.023084471,0.386353433,0.720121801,-0.0281002484,0.3940925,0.647524476,-0.0325774923,0.436733216,0.642073154,-0.0359002128,0.419246525,0.58434242,0.0160452984,0.408201039,0.49742046,0.0150345825,0.406071067,0.447067946,0.00261990889,0.403160036,0.401986301,-0.0106797796,0.458079159,0.568006575,0.0156240705,0.44409883,0.47482276,0.0189950503,0.438032478,0.417427838,0.00929899607,0.432213426,0.370123386,-0.000615487341,0.493003696,0.573566735,0.00978033245,0.481529444,0.486477971,0.0119902417,0.471951902,0.434561461,0.00691829668,0.4651016,0.394675612,0.000705263345,0.534282446,0.593600929,-0.0006335582,0.523456335,0.523640811,0.00100298459,0.51307869,0.48430866,0.00271792826,0.503207147,0.44985202,0.00203984394,b
0.560517,0.807911694,2.7358513e-07,0.488792896,0.770899236,-0.0189110897,0.442060739,0.69083339,-0.0232667755,0.459007859,0.621412754,-0.0279546399,0.498454571,0.615375,-0.0318225622,0.478251368,0.55937463,0.0113924555,0.472144216,0.473718017,0.00485314894,0.471131891,0.422823131,-0.00964186527,0.469178557,0.379541397,-0.0232991334,0.514681,0.548631191,0.00855617598,0.505549,0.455601275,0.00544926,0.500679374,0.400115103,-0.00576250162,0.494989097,0.354788065,-0.0157307088,0.5484429,0.557122529,0.000755616522,0.540309727,0.467479408,-0.0039022814,0.532713711,0.415680766,-0.0121504823,0.525863469,0.376211733,-0.0193357971,0.587486744,0.581634521,-0.0108017251,0.582681954,0.511362314,-0.0158751253,0.572441936,0.473399401,-0.0180372857,0.560733318,0.443249315,-0.020506354,b
0.615960956,0.802353621,3.36776878e-07,0.545209467,0.75153023,-0.0212026,0.504158914,0.658409,-0.0254578013,0.530115128,0.59065789,-0.0292687584,0.570697904,0.59259063,-0.0322102942,0.552824318,0.539822519,0.00868329126,0.552814901,0.448242366,0.00285758078,0.555287242,0.396259308,-0.0106334025,0.556350648,0.351500899,-0.0231097788,0.58975637,0.534803212,0.00790510513,0.588062704,0.436170071,0.00670117233,0.587465703,0.378694415,-0.0025787293,0.585762918,0.332903951,-0.0109800305,0.622202814,0.548550427,0.0020425308,0.622790277,0.458215654,0.000397656171,0.620124221,0.403818369,-0.00624978,0.617593825,0.363851398,-0.012344229,0.657817483,0.57724458,-0.00794789381,0.659461856,0.505088449,-0.00932666659,0.653711081,0.464340508,-0.0094507616,0.646578431,0.43238607,-0.0105780903,b
0.656824589,0.802364111,4.03415243e-07,0.586150706,0.743506253,-0.0231410526,0.547069967,0.646070361,-0.023992233,0.579274595,0.580808818,-0.0239358507,0.624835312,0.585053086,-0.0226184502,0.599906802,0.534092844,0.0192657951,0.601842821,0.443908632,0.0202511307,0.605774939,0.391450167,0.00961325876,0.608038843,0.346961737,-0.00175881619,0.638867855,0.53203994,0.0207956322,0.640404105,0.432046205,0.0263835751,0.641378641,0.371688128,0.0172912665,0.640950859,0.3246077,0.00812025461,0.670914471,0.548235357,0.0163656734,0.676266193,0.457776368,0.0192598086,0.674708,0.400372386,0.0094660921,0.672076285,0.357762337,0.000253296137,0.706064343,0.578934491,0.00754537899,0.710753202,0.504392207,0.00728346,0.70537132,0.462833136,0.00459830277,0.698307157,0.428997695,0.00106752187,b
0.668511808,0.804216325,4.92285949e-07,0.597235441,0.743393242,-0.0255727954,0.56060493,0.644060254,-0.0254359953,0.596671522,0.583772719,-0.0231781267,0.641645491,0.58878535,-0.0190476812,0.613205969,0.530498087,0.0201713387,0.617219746,0.441415727,0.0248171408,0.62152797,0.388444722,0.0172675774,0.625407457,0.3438164,0.00820967,0.653915107,0.531976223,0.0244270973,0.655069947,0.433554441,0.0350123942,0.655714,0.373389244,0.0304375254,0.656174541,0.326097667,0.0246358551,0.686483324,0.550167501,0.0222467966,0.691290915,0.462492079,0.0300256293,0.689324617,0.405075431,0.0244854968,0.687079608,0.36153844,0.0180924479,0.722227395,0.581074655,0.0150765758,0.726600051,0.507206559,0.0177693125,0.722314,0.466194808,0.0169924609,0.716779172,0.431351632,0.015137339,b
0.644310892,0.799883,3.77314478e-07,0.570479393,0.745366156,-0.0183778424,0.529756904,0.649166107,-0.0162745602,0.55562073,0.579612851,-0.0136986254,0.598053217,0.586607516,-0.00993855949,0.582581103,0.541488707,0.0251172036,0.585170507,0.451880872,0.0280876271,0.590213299,0.401770771,0.0186274312,0.593815148,0.358247,0.00777212624,0.622536182,0.536614835,0.0256675761,0.623966932,0.439952642,0.0323163271,0.626577854,0.383909762,0.0242431369,0.62730366,0.338657409,0.0158256348,0.655096948,0.551041722,0.0208436921,0.658376932,0.463967651,0.0251328256,0.657413483,0.40982458,0.0186901372,0.657029748,0.370236456,0.0118697807,0.691892147,0.581250727,0.0120138638,0.693725288,0.509929478,0.014238338,0.68900913,0.469480067,0.0145615283,0.68308872,0.43697378,0.0131399063,b
0.592547894,0.802914,3.04366978e-07,0.519230604,0.753546834,-0.0126814842,0.47587049,0.669110298,-0.0113672148,0.489212662,0.597125173,-0.0112216901,0.530568242,0.593215883,-0.00969686732,0.531073093,0.545530379,0.0300028622,0.534505844,0.462266266,0.0328404829,0.540588915,0.416850507,0.0234241355,0.545392215,0.37646839,0.012571577,0.570786357,0.539692,0.0264281873,0.57308048,0.447105199,0.033224009,0.576871634,0.396015316,0.026308991,0.578583837,0.35318464,0.0182188451,0.603433549,0.551735044,0.0177017804,0.606681764,0.465797603,0.0222252794,0.605762303,0.41588819,0.0187596176,0.605944335,0.376880646,0.013162653,0.6410743,0.579948962,0.00531286513,0.642641485,0.512261868,0.00832417794,0.639706731,0.473486185,0.0107039148,0.636519194,0.439170659,0.010314282,b
0.542535484,0.800312757,3.20939193e-07,0.470806479,0.759619176,-0.0102546941,0.42754975,0.683398366,-0.00851086061,0.430733651,0.6120314,-0.00841501355,0.465378702,0.603059947,-0.00697547803,0.479278594,0.555966139,0.0336531848,0.482697785,0.475116968,0.0361426212,0.489974827,0.428774565,0.0257366318,0.495292664,0.38882795,0.0145249097,0.518162966,0.545916677,0.0291013941,0.521271,0.454477876,0.0359159485,0.526574969,0.402805775,0.0284639467,0.529039323,0.359727114,0.0203338023,0.549373627,0.555093467,0.0197211672,0.551784933,0.469616,0.0248296969,0.551369369,0.420398355,0.0243109558,0.553398788,0.382388026,0.0211363584,0.587854862,0.58184576,0.00682970649,0.587701082,0.512488723,0.0128733143,0.586137,0.474274039,0.0196770467,0.584688485,0.440649688,0.0225608721,b
0.492227554,0.810192287,5.77295225e-07,0.421704799,0.786232471,-0.0211512093,0.371272266,0.703870773,-0.028682597,0.390951484,0.638507485,-0.0357083529,0.439482331,0.647425175,-0.0440584198,0.409979761,0.578379333,-0.00393657712,0.407748729,0.490022093,-0.0147942854,0.410405517,0.435703337,-0.0314892642,0.414953858,0.387527853,-0.0469063185,0.447046638,0.565032423,-0.00775613263,0.442543268,0.469548225,-0.0150717851,0.441627681,0.406326473,-0.0290187057,0.440747291,0.351765841,-0.0408507399,0.482876956,0.574925065,-0.0159004964,0.478963643,0.485344768,-0.024315903,0.476224,0.426725268,-0.037317425,0.473359883,0.378929257,-0.0476007,0.52012229,0.601012886,-0.027281845,0.515481949,0.525150716,-0.0373613834,0.511272848,0.477311,-0.0440848917,0.506923079,0.434740484,-0.0498255603,b
0.491547585,0.804916263,3.40850249e-07,0.420996815,0.771209359,-0.00810622144,0.379123628,0.691771805,-0.00439312635,0.378584296,0.622456551,-0.00253793248,0.411204398,0.620507836,0.000251976046,0.427867383,0.570781171,0.0335477181,0.430244714,0.492564201,0.0355887227,0.436842561,0.446576,0.0255800504,0.443543166,0.407206297,0.0147969183,0.465208948,0.558437824,0.0278380178,0.465830863,0.470731556,0.0339420438,0.470477641,0.416941196,0.0264002625,0.473344386,0.372435331,0.0183904208,0.496876508,0.565694571,0.0173675269,0.498004109,0.482572794,0.0209195595,0.49796921,0.431720555,0.0177841447,0.500014186,0.390143752,0.0129765347,0.533581,0.588398337,0.00380237238,0.532256782,0.519917428,0.00748063,0.531295,0.481210828,0.0110840583,0.530205369,0.446163684,0.01166608,b
0.451059222,0.823858798,3.23303738e-07,0.379419863,0.801605821,-0.00792611111,0.331942916,0.728329241,-0.00497365836,0.325345606,0.65739572,-0.0043761651,0.358925223,0.651589096,-0.00300555327,0.374747932,0.597899437,0.0327267423,0.373246342,0.520392835,0.0341336876,0.377719313,0.473990917,0.0241749492,0.383237273,0.434455633,0.0133593148,0.410108745,0.581675828,0.0263319928,0.405596226,0.49471572,0.0313191675,0.407446414,0.441936612,0.0240470283,0.409355432,0.397914618,0.0163386445,0.442504734,0.585349441,0.0151729072,0.437773913,0.501612067,0.0173167773,0.434611976,0.452567339,0.0143115837,0.434609383,0.411120534,0.00985946413,0.4803451,0.604872048,0.000947357,0.474002182,0.535332918,0.00376284029,0.470781773,0.496647894,0.0071983831,0.468674958,0.461690784,0.00771732768,b
0.421846032,0.846895576,3.84004238e-07,0.347805262,0.836380363,-0.0100401063,0.295498639,0.767621517,-0.00820023939,0.285228819,0.694520772,-0.00810282677,0.320641339,0.680123866,-0.00698923087,0.331239343,0.631159246,0.0299291108,0.325377673,0.549280703,0.03084605,0.327015787,0.501363695,0.02079794,0.330175638,0.459755063,0.00993368216,0.366516441,0.610471487,0.0246226545,0.35729748,0.52119112,0.0286586173,0.356320769,0.466628581,0.0209284425,0.355824411,0.421510637,0.012944852,0.399678,0.610790133,0.0144908754,0.390495539,0.526059449,0.0153767308,0.385020286,0.476426721,0.0117410794,0.38280496,0.435182154,0.00701394817,0.439870238,0.62449789,0.00127825,0.428630531,0.553452,0.00254034949,0.422955245,0.514091074,0.00520628644,0.417881221,0.478121638,0.00529265543,b
0.397967398,0.865679443,4.2862348e-07,0.322121143,0.860752106,-0.00811115094,0.267949015,0.792032301,-0.00395205198,0.25606519,0.722764552,-0.00188736385,0.287852228,0.711244822,0.00146536506,0.298863471,0.656441689,0.0394621603,0.289068043,0.574668229,0.0455557071,0.289883465,0.526178718,0.0374855399,0.292360276,0.48498714,0.0273028109,0.33484441,0.632651925,0.0339401327,0.320694059,0.544316053,0.0429071411,0.317628324,0.488542557,0.0355379842,0.315973759,0.443687022,0.0270650815,0.367488921,0.630024552,0.0234467182,0.354837716,0.545681357,0.0291022,0.348203957,0.496942341,0.0263465885,0.3456918,0.456352,0.0211667344,0.408012062,0.640827358,0.00970008224,0.393939912,0.5702039,0.015002328,0.386683,0.531789601,0.0189398546,0.379951656,0.495570302,0.0191017259,b
0.3942734,0.871407211,6.34258242e-07,0.31202957,0.861161113,-0.0140352501,0.256612182,0.795215249,-0.0121934889,0.248821616,0.730748594,-0.0123385591,0.280939609,0.717104793,-0.0108243776,0.287593246,0.66689384,0.0527379,0.275277019,0.58525604,0.0663282,0.273141652,0.533872783,0.0608093664,0.274824888,0.494276,0.0518026166,0.324701488,0.645758212,0.0498501025,0.308289796,0.555224121,0.0690882429,0.302708745,0.497435123,0.0633997694,0.299754828,0.449991912,0.0550676621,0.357669652,0.639875293,0.0400198288,0.342761636,0.555044,0.0559718721,0.334957629,0.504930437,0.0534664467,0.33054,0.462049067,0.0463613197,0.398371816,0.645387948,0.0254332,0.381987,0.574488044,0.0384251699,0.373567343,0.537270308,0.0430941842,0.364074528,0.500209093,0.0420480855,b
0.412332237,0.854908884,3.86463313e-07,0.336878419,0.847504556,-0.0094882315,0.280863971,0.781095505,-0.0073159812,0.268217951,0.711725295,-0.00698136166,0.302685201,0.701408327,-0.00588812912,0.311189264,0.646833539,0.0296595916,0.301279217,0.566206396,0.0310033932,0.299939305,0.518793702,0.0214476399,0.300303966,0.477486253,0.0108814547,0.345137089,0.62403053,0.0241931602,0.33136183,0.536183774,0.0287329238,0.327318341,0.481778622,0.0212147441,0.324067295,0.43663016,0.0133758532,0.378356218,0.622067213,0.0140522989,0.364895284,0.53864944,0.0157813095,0.357008755,0.489944577,0.0121227326,0.352677256,0.449109286,0.00729052536,0.418706179,0.632457554,0.000873889367,0.405016422,0.564460754,0.0029463286,0.397013187,0.525933206,0.00575677026,0.389899254,0.490572095,0.00590068661,b
0.450224161,0.827498,3.5513284e-07,0.378136247,0.814023256,-0.0107268505,0.32463792,0.745759,-0.0102907,0.315613419,0.678477228,-0.0112753855,0.350200862,0.671155334,-0.0116670895,0.358325154,0.617389202,0.0230534,0.350610822,0.537858248,0.0224678628,0.34999758,0.49108,0.0123822344,0.350521803,0.451632798,0.00177157752,0.39325434,0.598022103,0.0180573761,0.381644964,0.510159731,0.0207012929,0.377994299,0.456610143,0.0127832359,0.374923855,0.412663341,0.00492114387,0.426629037,0.598334372,0.00877509,0.415424079,0.514394403,0.00927375443,0.407821685,0.465192497,0.00480006495,0.403505445,0.425165117,-0.000279127416,0.466166794,0.612000763,-0.00341205322,0.454816878,0.542536676,-0.00208360073,0.44702962,0.503449798,0.000166531943,0.44041121,0.469286621,0.000128750326,b
0.49339664,0.808187604,3.85271761e-07,0.420581639,0.788214,-0.0101645626,0.371324241,0.715693235,-0.00839143526,0.366030276,0.648236513,-0.00808612071,0.400677651,0.640935898,-0.00678215036,0.409589648,0.593082845,0.03031829,0.403681874,0.513358951,0.0327792093,0.404883981,0.467416614,0.0233962443,0.406577587,0.427643776,0.012843092,0.445475847,0.575345933,0.0258307047,0.436443,0.487872839,0.0321787,0.435342342,0.434586942,0.0244059321,0.433686763,0.39037472,0.0160753932,0.47775656,0.577769101,0.0168096479,0.469801486,0.496153682,0.0212536603,0.464530557,0.447063446,0.018149985,0.462368369,0.407005936,0.0131791765,0.517576396,0.593800843,0.00460881041,0.508172035,0.525414348,0.00927140564,0.501936316,0.487662107,0.0132270195,0.496057272,0.453810036,0.0139130419,b
0.535699129,0.80076772,3.41848249e-07,0.461318403,0.770041943,-0.00922320224,0.415062726,0.699529946,-0.00682217255,0.412313879,0.631239831,-0.00638895389,0.445063442,0.623144329,-0.00478445878,0.455703676,0.575969815,0.0374833606,0.452069968,0.497932047,0.0419164374,0.454779536,0.452537417,0.0320999026,0.456028432,0.41181156,0.0207056496,0.492418498,0.561536551,0.032673344,0.486703336,0.474486,0.0410848036,0.486795306,0.423434496,0.0330128185,0.484621465,0.380241096,0.0237693656,0.523256123,0.566375136,0.02297429,0.5182271,0.484865963,0.0294290856,0.512901604,0.437078714,0.027301779,0.510893166,0.39957729,0.0223625768,0.562200785,0.585427642,0.00984609127,0.556017756,0.518353939,0.0165900569,0.551108599,0.480945349,0.0219793301,0.546408474,0.447430789,0.0232365262,b
0.58269304,0.788069427,3.17201e-07,0.511923671,0.756439,-0.0111097051,0.465257108,0.680471718,-0.0102247167,0.466240644,0.612762034,-0.0101984981,0.500819206,0.606985033,-0.00917709339,0.508106351,0.560266137,0.0224178303,0.506893158,0.479831755,0.0218230337,0.510756969,0.43286404,0.0115704499,0.514188051,0.392191261,0.000918563106,0.545513868,0.548485458,0.018397551,0.542142808,0.459783643,0.0219215862,0.543948829,0.408497334,0.01448543,0.544124722,0.365162104,0.00677733915,0.577825189,0.555579782,0.0101381764,0.574647784,0.47228542,0.0121317878,0.571508527,0.424479365,0.0087383287,0.570905387,0.386421978,0.00392639264,0.616158843,0.577129304,-0.00117389369,0.611567438,0.510466576,0.00073989766,0.607332528,0.472883463,0.00333134015,0.6034922,0.439445406,0.00352047407,b
0.510951281,0.806375623,4.69792184e-07,0.440243095,0.777198672,-0.0215324685,0.390681773,0.696246445,-0.0305122565,0.403802454,0.628832638,-0.0391008779,0.448209226,0.635437,-0.0480450243,0.42891252,0.57029593,-0.00384799624,0.425813377,0.482209533,-0.0145653142,0.426762313,0.429348826,-0.0301708467,0.429367095,0.383725196,-0.0442904457,0.464669079,0.55838275,-0.00756610371,0.458880156,0.461775959,-0.0140556879,0.457863092,0.399259806,-0.0253862757,0.458264381,0.347633451,-0.0352266729,0.499281228,0.56750226,-0.0156070553,0.494982779,0.476614177,-0.0222897884,0.492147267,0.418735504,-0.0314297415,0.490872264,0.37275058,-0.0390842035,0.535854,0.59281677,-0.0272718687,0.532346129,0.52070564,-0.0333484076,0.527740836,0.474375546,-0.0362226218,0.52431643,0.435523152,-0.0393104888,b
0.632274508,0.788332701,3.21618728e-07,0.559495032,0.747656584,-0.0111520058,0.5138129,0.666027,-0.00894178916,0.520239532,0.596877515,-0.00750525575,0.557313561,0.593674779,-0.00502440752,0.562652707,0.548551857,0.0253132619,0.564254522,0.466729075,0.0256678704,0.570401907,0.419606596,0.0155843906,0.575426757,0.378307939,0.00469865976,0.601632535,0.539653361,0.0216904096,0.601817787,0.44915989,0.0262750834,0.606008947,0.398264498,0.019033134,0.60752213,0.354332417,0.0112611372,0.634372592,0.549915075,0.0135850813,0.634370744,0.466282278,0.0161219742,0.632921696,0.418409407,0.0131476307,0.63343817,0.380628467,0.0085493857,0.673654914,0.575726449,0.00232230616,0.671952367,0.509520292,0.00389836938,0.66909349,0.472419977,0.0064142975,0.666153789,0.439377844,0.00657567056,b
0.667827547,0.79497087,3.2307031e-07,0.595002532,0.741962373,-0.0100222975,0.55303961,0.654631317,-0.00665698107,0.564768791,0.586600661,-0.00436918112,0.601611912,0.588345587,-0.000905641587,0.610919774,0.541716874,0.0297805779,0.616569638,0.459216863,0.0306657646,0.623537958,0.411226869,0.019971177,0.629339576,0.369112968,0.00873230211,0.650627196,0.537333667,0.0255540833,0.654339194,0.444234401,0.0306481477,0.660058,0.390414357,0.0223559719,0.663491309,0.34557116,0.0135057271,0.682428598,0.550933838,0.0165942069,0.68754971,0.466038555,0.0196108911,0.689002275,0.414860845,0.0151020428,0.691937089,0.375450909,0.00914691575,0.720260501,0.58068,0.00451335777,0.721902788,0.511208236,0.00643927883,0.720419943,0.470742643,0.00823513512,0.718625486,0.434831768,0.00765435724,b
0.682513237,0.799963355,3.96378454e-07,0.606028914,0.738022506,-0.0068360772,0.568847477,0.647875309,0.00101329735,0.580947638,0.581116319,0.00742401741,0.616950393,0.585351408,0.0153575307,0.633722186,0.543077,0.0432730131,0.643307805,0.457884848,0.048811242,0.653659523,0.408019215,0.0395397022,0.663088143,0.362463117,0.028491348,0.675631762,0.540523,0.0385552,0.683840036,0.443400145,0.048328042,0.694292128,0.386666119,0.0404433161,0.70139581,0.338687122,0.0311487764,0.708122671,0.555281,0.0284842774,0.716983676,0.467022628,0.0355177969,0.721767306,0.41358757,0.0305155106,0.72762,0.36995,0.0232465938,0.747110844,0.586319327,0.0152603388,0.750479281,0.512304246,0.0192798469,0.750858426,0.469915152,0.0201721825,0.750752509,0.429181814,0.0181026794,b
0.658184826,0.788236737,3.41159e-07,0.587348342,0.730633676,-0.00317163044,0.55656606,0.643602,0.00371104199,0.564969778,0.575777888,0.00803359505,0.59378624,0.579208791,0.0131350234,0.622613072,0.540051639,0.0372418277,0.634860098,0.4592852,0.0387197,0.64722091,0.411394209,0.0285662282,0.659265816,0.369469017,0.0179877765,0.661264718,0.536534727,0.0295580029,0.673657894,0.443174422,0.0353928544,0.686163247,0.387446642,0.0281178728,0.695404649,0.340896726,0.0200684369,0.691899657,0.550525963,0.0172073245,0.702117741,0.463773459,0.0207102671,0.708399892,0.409833,0.0165189859,0.71618855,0.366848886,0.010604349,0.725829124,0.579213619,0.00217470736,0.731936,0.508894861,0.00463810423,0.73557508,0.467180729,0.00625483505,0.739351153,0.42992425,0.0051807859,b
0.618588746,0.77863878,3.67810856e-07,0.555299342,0.733488142,-0.010311937,0.521890581,0.652154326,-0.0117787868,0.524939835,0.585466266,-0.0151811382,0.554607511,0.588712,-0.018373955,0.583326578,0.540349364,0.0191324875,0.593027294,0.461166769,0.0139609752,0.604488671,0.414020211,0.000833357626,0.616480172,0.374458849,-0.0113075236,0.617458,0.535398722,0.0121122543,0.627829552,0.446152598,0.0109556681,0.639194965,0.390861094,0.00125056878,0.650003254,0.345440924,-0.00757122,0.647621214,0.548280656,0.000802669616,0.655643106,0.463283,-0.0014195753,0.662924647,0.410786599,-0.0067902,0.671947896,0.368098706,-0.0123028979,0.680005848,0.576954305,-0.013470673,0.6856305,0.506386936,-0.013719026,0.690431416,0.465436786,-0.0120232804,0.695602119,0.43029356,-0.0123955915,b
0.571990907,0.790805399,3.76950169e-07,0.50663811,0.75238055,-0.00912750605,0.471434832,0.67259109,-0.00961358473,0.472599298,0.606615305,-0.0122127272,0.502344,0.607554436,-0.0144750122,0.527071536,0.558772802,0.0193938948,0.532787323,0.47839433,0.0146247977,0.54260838,0.430113822,0.00241433736,0.553417742,0.389020741,-0.00874630082,0.561427891,0.550172687,0.0122513454,0.567422628,0.459853053,0.0115960827,0.575403154,0.40273118,0.00322604924,0.583547294,0.355515957,-0.00426620385,0.592128813,0.559926331,0.000937475474,0.596335411,0.472907245,-0.000386011205,0.599143863,0.420143306,-0.00444376562,0.604037166,0.376469016,-0.00882856268,0.624581218,0.585963726,-0.013292321,0.627031922,0.513577461,-0.013215675,0.628133059,0.470912158,-0.0110762287,0.629123867,0.434267938,-0.0107927443,b
0.533650219,0.790408134,3.85469974e-07,0.471671462,0.762581408,-0.0088701006,0.435485274,0.684961915,-0.00892401952,0.434380382,0.621675313,-0.0109896529,0.461847901,0.621218324,-0.0128697678,0.485725373,0.568414152,0.018164875,0.489829659,0.489339411,0.0137001397,0.497000307,0.442141205,0.0022804155,0.505595326,0.402360082,-0.00836887863,0.518572569,0.558367968,0.0111817047,0.521105766,0.470305026,0.00973815192,0.52564919,0.414201319,0.000797023939,0.531033933,0.36806944,-0.00689257402,0.549633086,0.566300333,0.000333168951,0.550743639,0.480249345,-0.00250828685,0.552875757,0.428884387,-0.00765152,0.556364536,0.385219693,-0.0125177652,0.582627058,0.589473844,-0.0130843427,0.583399117,0.519194067,-0.0150285028,0.583629489,0.477820873,-0.0142320301,0.583627641,0.440771043,-0.0147445202,b
0.480699927,0.813892066,3.8020147e-07,0.42084989,0.795757592,-0.00738407252,0.381849319,0.721810222,-0.0070069884,0.375556499,0.656800091,-0.00975351501,0.400334835,0.652356863,-0.0125000412,0.423473686,0.595628381,0.0229318477,0.422866195,0.517211914,0.0195516311,0.427149117,0.469414294,0.00853099488,0.433663905,0.428433239,-0.00196566,0.452042162,0.582100093,0.0141402958,0.449687749,0.49432227,0.0139627084,0.451583207,0.436460137,0.00576075399,0.455608815,0.38932997,-0.00158432103,0.480307817,0.586580396,0.00109836517,0.47562328,0.500768602,-0.000729455496,0.47510308,0.447800934,-0.00533763552,0.477063864,0.402470827,-0.0100425417,0.510658,0.605768204,-0.014814877,0.505015433,0.534403861,-0.0157147087,0.5033831,0.491654098,-0.0146206832,0.50284189,0.45368737,-0.0152403526,b
0.456727892,0.828622,3.60823975e-07,0.395098895,0.812133491,-0.00512809912,0.35668394,0.73481,-0.00278789643,0.349420935,0.66791147,-0.00418476807,0.37049821,0.664009631,-0.00587884104,0.395462126,0.608748913,0.026727546,0.39266029,0.527640939,0.0243779849,0.395272911,0.477859735,0.0136423847,0.399823666,0.434531868,0.00310668815,0.423495322,0.593970478,0.0166472159,0.418001235,0.503186762,0.0166720189,0.417533398,0.442676187,0.00772899296,0.41921851,0.393672287,-0.000317318307,0.451449454,0.598002911,0.00236935797,0.443748325,0.508953512,0.000435690046,0.441045254,0.453448683,-0.0055426741,0.440919131,0.405673683,-0.011519501,0.481692404,0.615965903,-0.014569453,0.474969655,0.543474495,-0.0156841855,0.472268403,0.499227,-0.0155851142,0.470328927,0.459524572,-0.0172732435,b
0.452164,0.837316036,4.97157373e-07,0.378354937,0.82135421,-0.00931828469,0.330771595,0.751196265,-0.00778372213,0.321455568,0.686291337,-0.00829377212,0.352917582,0.675845623,-0.0074026403,0.366299331,0.620605767,0.0357718207,0.357081085,0.537488699,0.0387760289,0.35763067,0.486489177,0.0284238029,0.360291094,0.442579448,0.0168289393,0.401003748,0.602718771,0.02920237,0.388547212,0.510354877,0.0358046517,0.385831863,0.450605482,0.0262493808,0.383819222,0.400742948,0.0162515175,0.432419717,0.603764832,0.0175468251,0.421285272,0.516696751,0.0225145482,0.415425867,0.464090317,0.0182239376,0.412910312,0.417906046,0.0115294689,0.471384197,0.618339837,0.00242434372,0.458376259,0.544568241,0.0066386275,0.452447057,0.503773212,0.00883616507,0.446392834,0.462942958,0.00746426405,b
0.5547539,0.831923664,4.6879012e-07,0.490633816,0.815706849,-0.016054444,0.444672585,0.744468391,-0.0140586467,0.461834103,0.683133423,-0.0123174535,0.498239517,0.676488519,-0.00987549778,0.458264053,0.655041575,0.0258301888,0.442835242,0.588569105,0.0315025039,0.436457425,0.54905659,0.0259427056,0.432497442,0.514231205,0.018654203,0.489026725,0.637599409,0.0260489788,0.471042156,0.566407382,0.0355877429,0.459961712,0.519440234,0.0310468487,0.453270048,0.48237288,0.0261813551,0.519062102,0.636351883,0.0210347772,0.503774285,0.57273221,0.0282322,0.491667658,0.532262385,0.0242735669,0.48305732,0.501856208,0.0196117423,0.553286,0.64272064,0.0121215479,0.539866447,0.587569773,0.0158536267,0.529795706,0.557698965,0.0165967587,0.520956457,0.53178674,0.0158538483,b
0.586397111,0.779462278,3.9766789e-07,0.517744303,0.744474292,-0.0208007414,0.472876936,0.663051128,-0.0279720593,0.489895254,0.599109113,-0.0346345603,0.531940222,0.606399894,-0.041499231,0.511643,0.545254827,-0.00198167772,0.508467376,0.462820411,-0.0130522707,0.51107043,0.411163598,-0.02899158,0.515560746,0.36747691,-0.0427897759,0.545591414,0.535160363,-0.00427919114,0.539722621,0.44523412,-0.0106228366,0.539961278,0.388488,-0.021693958,0.541776061,0.341171324,-0.0309959445,0.577603877,0.544127584,-0.0108534219,0.572163224,0.459453702,-0.0172159486,0.569023073,0.407085776,-0.0254197605,0.568911,0.366449893,-0.0320478864,0.612099528,0.56934458,-0.0210539717,0.609395385,0.502946794,-0.0265640561,0.606176,0.461655468,-0.0289216377,0.604200363,0.428072333,-0.0313277468,b
0.46266681,0.835012615,4.64363893e-07,0.3854509,0.822946429,-0.0148938391,0.331157982,0.747594416,-0.0151878102,0.327057838,0.680363953,-0.0156376548,0.364083707,0.678845942,-0.0155320866,0.367481291,0.62170887,0.0164230019,0.357041985,0.533640265,0.0145098642,0.355859727,0.48041898,0.00392954517,0.356063128,0.433908761,-0.0071705,0.405567437,0.601347744,0.0126736788,0.392083377,0.506177127,0.0131071415,0.386879712,0.445219636,0.00400983635,0.381909728,0.394982576,-0.00442389259,0.441196,0.603296757,0.00438069552,0.428766429,0.514208376,0.0026468772,0.420090348,0.460533172,-0.00488358596,0.413827449,0.416253924,-0.0120532028,0.48219654,0.619602084,-0.00700898515,0.470414937,0.546738327,-0.00962586049,0.461718142,0.504379034,-0.011329283,0.453066647,0.465206921,-0.0141000105,b
0.686165154,0.759677947,3.33529954e-07,0.61604476,0.710289121,-0.0152133834,0.574475944,0.622037947,-0.0178412069,0.599062443,0.558135211,-0.021014085,0.643788457,0.56349504,-0.0238459,0.612746477,0.511798203,0.011435899,0.611637533,0.430242598,0.004923122,0.615110576,0.381699979,-0.00857666414,0.618891299,0.340259492,-0.0214682128,0.650939524,0.504477859,0.00752648059,0.64613831,0.413414299,0.00434258301,0.646935284,0.359357476,-0.00576637266,0.647270799,0.314643532,-0.0149997436,0.684265137,0.516172409,-0.000797421555,0.681767225,0.43218714,-0.00515960949,0.680460513,0.381761402,-0.0117042828,0.680640697,0.343771219,-0.0177270491,0.722336233,0.544057071,-0.0123929186,0.721024871,0.478322208,-0.0164173152,0.716905594,0.436322153,-0.0174674541,0.712809205,0.401290536,-0.019320542,b
0.728136,0.759780645,3.95908899e-07,0.653840363,0.705943227,-0.0155660082,0.615472317,0.607394755,-0.0135559114,0.647769392,0.542909324,-0.0118076494,0.694812059,0.554311335,-0.00929660909,0.658524275,0.503686547,0.0229308549,0.658105433,0.41852212,0.0224549,0.661714792,0.36816588,0.0110976882,0.665964842,0.323648453,-0.00117243815,0.701046824,0.496738285,0.0204798318,0.698076129,0.399334133,0.0237103701,0.700110435,0.342396557,0.0141324215,0.700347245,0.293996096,0.00458371686,0.736527,0.510280967,0.0127870962,0.735954821,0.419451177,0.0126744537,0.734425962,0.366066337,0.00403963262,0.733239233,0.325534433,-0.00412746659,0.776764095,0.538630366,0.00163166225,0.775254667,0.463204056,-0.00180001161,0.770547509,0.419606119,-0.00484184269,0.764873922,0.381808817,-0.00845188741,b
0.667374,0.765096784,2.96989924e-07,0.598859429,0.715820074,-0.0163487978,0.558720112,0.629855633,-0.0199342463,0.582851648,0.563524425,-0.0241736807,0.627769589,0.56096828,-0.0277976114,0.602656245,0.512450159,0.0122091183,0.60529232,0.432562262,0.00505485106,0.609899819,0.384897947,-0.00923566893,0.614347,0.345265031,-0.0222343765,0.641501307,0.507145166,0.00829367712,0.64275521,0.415631652,0.00527546275,0.644879878,0.361663073,-0.00531545328,0.646734059,0.317787796,-0.014822768,0.674556732,0.519806504,-0.000354730408,0.677818358,0.433340907,-0.00468344102,0.678027928,0.382377,-0.0116064083,0.678768039,0.343485206,-0.0178818,0.710956216,0.54823482,-0.0124138063,0.713852108,0.480199784,-0.0164758042,0.710828781,0.43901819,-0.0171322692,0.707260072,0.405111969,-0.0185318701,b
0.566270292,0.785554051,3.65202823e-07,0.497496516,0.753643513,-0.0163410548,0.452029884,0.67092,-0.0206140522,0.466324478,0.604990125,-0.0254477859,0.507589459,0.605263114,-0.0306451265,0.494683653,0.549622953,0.00539979385,0.493174195,0.468626261,-0.00337319705,0.4961285,0.418950677,-0.0179049633,0.500810266,0.377209127,-0.0309509,0.530984402,0.538418055,0.000755942543,0.527225733,0.448683977,-0.00391410617,0.52768451,0.392224967,-0.0145380972,0.529425204,0.345852822,-0.0235068686,0.565256715,0.547278225,-0.00812239666,0.55989635,0.460862398,-0.0135813272,0.556980431,0.409509271,-0.0211075842,0.556173623,0.36769551,-0.0273405742,0.601781666,0.573181033,-0.0202106778,0.59733367,0.502438247,-0.0254425835,0.593021691,0.460962176,-0.0269510522,0.589199662,0.42610094,-0.0286886506,b
0.48006475,0.800368547,4.06382412e-07,0.410545707,0.781057179,-0.014970446,0.361385226,0.703881741,-0.0177542064,0.367137909,0.632801294,-0.0211714916,0.407317281,0.624913096,-0.0244246181,0.400504023,0.574491262,0.0102610411,0.397882968,0.493746579,0.00497520855,0.399917394,0.446061373,-0.00714813033,0.404052198,0.405737877,-0.0186349954,0.435287118,0.560052752,0.0062997858,0.430007368,0.471084058,0.00478344178,0.429420441,0.415830016,-0.00361670321,0.431317061,0.371248692,-0.0111319702,0.469229668,0.565196633,-0.00189061614,0.463272154,0.479986,-0.00479545,0.459941477,0.429470658,-0.0105529949,0.459332407,0.38894248,-0.0159025416,0.506952941,0.585321426,-0.0132115502,0.502549,0.515265,-0.0160305351,0.498450756,0.474723428,-0.0162499547,0.495207816,0.440388471,-0.0173262246,b
0.420148373,0.813693821,4.13567534e-07,0.35041514,0.795755744,-0.0158331878,0.298655033,0.717217803,-0.0184073709,0.303104311,0.64663583,-0.0212749839,0.345990449,0.640938163,-0.0242075659,0.338839769,0.589760721,0.00908214506,0.336918741,0.508534968,0.00397002092,0.339960098,0.46082437,-0.00774749089,0.345009625,0.420108318,-0.0190559365,0.374798656,0.574354,0.00556287402,0.370731831,0.485326082,0.00427967077,0.371345758,0.430488467,-0.00383059,0.373719156,0.385356545,-0.0112976134,0.409762084,0.579191864,-0.00229704916,0.405207276,0.495178849,-0.00526888808,0.402070791,0.444765657,-0.0115665114,0.40095225,0.402980506,-0.0173883662,0.447111279,0.598883867,-0.0132768387,0.441167086,0.529119,-0.0165561028,0.43742156,0.489110619,-0.0172438752,0.434966922,0.453724474,-0.0188096743,b
0.385758936,0.839769602,3.82245958e-07,0.313690871,0.823618889,-0.0150996447,0.260655284,0.744868457,-0.0171734523,0.262561083,0.671607375,-0.0199780464,0.304470539,0.663243651,-0.022456035,0.301264942,0.6140908,0.0123016993,0.297024518,0.532330513,0.00738661829,0.299228847,0.484348416,-0.00423278101,0.304010183,0.443631887,-0.0153835174,0.3366974,0.597515225,0.00830666814,0.330818981,0.508317292,0.00733875437,0.330648,0.453595042,-0.000238134555,0.332895815,0.408473343,-0.00733259832,0.371123552,0.600818276,-0.000275310507,0.365155041,0.517497,-0.0026296142,0.361365885,0.467312068,-0.00768526876,0.360580385,0.425756037,-0.0128086843,0.408740759,0.61862421,-0.0121699627,0.40262562,0.549181938,-0.01418404,0.398559839,0.508870244,-0.0138885072,0.39605552,0.473712504,-0.0149259428,b
0.375083804,0.845344484,3.81548659e-07,0.302320123,0.838275373,-0.013596274,0.244796664,0.762223363,-0.0132065592,0.241645187,0.689092636,-0.0134582771,0.283202082,0.679386258,-0.013155574,0.278392315,0.633887053,0.0180121157,0.270057499,0.555382,0.0169667713,0.270633,0.509355783,0.00789929088,0.273732096,0.469822139,-0.0018297995,0.314122647,0.61365205,0.0142954392,0.303105116,0.52415,0.0167272817,0.300428808,0.469390035,0.0105583658,0.299738228,0.424590528,0.00426160963,0.349250227,0.614202797,0.00591564784,0.338149667,0.530376554,0.00556111615,0.331403702,0.480000436,0.000506207754,0.328189105,0.438769698,-0.00474971952,0.388642073,0.62761569,-0.00557839125,0.376821339,0.55753988,-0.00634329161,0.37027353,0.517962933,-0.00590415625,0.365795612,0.482852042,-0.0070855082,b
0.425746441,0.80310607,4.07928525e-07,0.355168909,0.788696587,-0.0149968974,0.30275315,0.715560496,-0.0167517737,0.305869162,0.645703554,-0.0189864449,0.346814394,0.634747922,-0.0208517034,0.336081892,0.588408649,0.0132910181,0.329354018,0.509994745,0.0103101823,0.328968167,0.464306056,-0.000192766325,0.33062464,0.425176054,-0.01060241,0.370318025,0.57202071,0.0104827294,0.361244738,0.486247689,0.0114387134,0.35801959,0.43407172,0.00425708713,0.357245862,0.391186059,-0.00253032031,0.40465194,0.57474345,0.00335226045,0.395113528,0.494169235,0.00274270214,0.388855755,0.446659803,-0.00212453865,0.385728538,0.408042312,-0.00710124243,0.443154156,0.591386914,-0.00694948528,0.435215354,0.525421262,-0.00739784166,0.429570019,0.488171279,-0.00636214903,0.425440341,0.455655754,-0.00680099335,b
0.577692211,0.820913613,7.48744178e-09,0.514228582,0.829709113,0.0175539982,0.457679242,0.806748211,0.0296495836,0.413737625,0.795152843,0.0311016906,0.373710632,0.781479,0.0320488848,0.482497752,0.685425222,0.0803801492,0.454185188,0.637978256,0.0931242555,0.427543461,0.623081923,0.0883995369,0.40160954,0.62439692,0.0823405832,0.494845271,0.666171,0.0622708276,0.462543041,0.611054,0.0742425174,0.428839,0.597080469,0.0639220849,0.404058516,0.607679129,0.0546752661,0.50682503,0.653415859,0.0393606797,0.475986391,0.594195187,0.0482292026,0.442413151,0.58143568,0.0412278809,0.415345401,0.591648757,0.0346874632,0.519628823,0.646247447,0.015115222,0.490356,0.594798,0.019860832,0.459185749,0.580101848,0.0180354491,0.431750685,0.582821,0.0154130086,c
0.581174,0.859866738,-2.72442815e-08,0.519745171,0.853669584,-0.00266253599,0.466643572,0.816161275,-0.00793354306,0.422482342,0.80303818,-0.0186793469,0.38295275,0.795265317,-0.0284545571,0.491185933,0.690314412,0.0267854,0.468724042,0.628782511,0.0137167452,0.44174996,0.613044918,-0.00365928863,0.416301548,0.617845774,-0.0151002631,0.508111954,0.67901808,0.0149791325,0.484389812,0.605864465,0.00181298819,0.451414287,0.594961405,-0.0141274119,0.425619781,0.611317337,-0.0235122,0.526451886,0.677172184,-0.00134346052,0.506713271,0.601520658,-0.0104962774,0.47146529,0.588227093,-0.020752674,0.443145275,0.600379109,-0.0264772493,0.545671821,0.685851157,-0.0197529178,0.528496861,0.623841524,-0.0267208926,0.498684853,0.603475392,-0.0330228209,0.471757442,0.603757381,-0.0368520766,c
0.584544778,0.860040784,-7.02728755e-08,0.517762065,0.848659754,0.0332690813,0.467537642,0.808393,0.0461232364,0.426696956,0.797052801,0.0446005426,0.387375057,0.791450381,0.0423313975,0.497398674,0.691148579,0.0797731057,0.476481318,0.63099885,0.0820525289,0.446902871,0.617424846,0.0729757473,0.418819547,0.624062896,0.065644525,0.51156,0.678773522,0.0486901514,0.487260908,0.604006171,0.0480913408,0.447998405,0.593171716,0.0366257355,0.42000711,0.615140855,0.0295272898,0.524305522,0.677210271,0.0137506248,0.502092123,0.600296,0.0128080649,0.458939,0.59069103,0.00640735403,0.426751465,0.607201397,0.00280395313,0.532820344,0.684589386,-0.021197807,0.509894609,0.621556878,-0.0219697263,0.474386394,0.606724262,-0.0243505947,0.444480211,0.610370874,-0.0262883566,c
0.588931084,0.8633008,-3.10692513e-07,0.524271607,0.842916965,0.0726451948,0.479495794,0.802802682,0.103250027,0.44506979,0.787607968,0.113223858,0.409153163,0.778139114,0.12070816,0.526111603,0.688458264,0.115676478,0.49666518,0.627706289,0.130192831,0.460445166,0.617674708,0.132120728,0.43252784,0.631759405,0.133239046,0.536079466,0.678391218,0.0699905455,0.497613549,0.601448298,0.0825386792,0.453098774,0.595668316,0.0828800723,0.425454855,0.616398036,0.0839526206,0.536307335,0.679118276,0.0231563281,0.497585356,0.600941181,0.0318842344,0.452137798,0.596249938,0.0368957892,0.420892864,0.611374319,0.0401491858,0.525746405,0.68717283,-0.0200612731,0.491790622,0.621891677,-0.0157949068,0.455549419,0.613009632,-0.0109135089,0.427674532,0.618996322,-0.00749014178,c
0.581125796,0.854115129,-3.82734783e-07,0.534724236,0.836605489,0.0731421262,0.496942,0.792419076,0.105776466,0.466911972,0.776757598,0.12142586,0.435848683,0.766624212,0.135159731,0.543062747,0.679861844,0.0905584767,0.504141,0.621068716,0.10402666,0.464078963,0.615690649,0.108669095,0.437972486,0.632341862,0.111470051,0.54690963,0.67279774,0.0495775491,0.503648639,0.595645249,0.0639051273,0.459956586,0.594531655,0.0687482432,0.433374286,0.613082469,0.0713488683,0.538654923,0.679527819,0.0103554325,0.496608526,0.596941292,0.0207939465,0.456018388,0.596220374,0.0279633235,0.427852362,0.610001802,0.0309228264,0.516634405,0.69619441,-0.0240958538,0.485811979,0.628543317,-0.0214342605,0.456322163,0.618513227,-0.0170142986,0.433456,0.622945428,-0.0142401392,c
0.58495307,0.853710294,-3.6749276e-07,0.539064229,0.83177197,0.0963345617,0.505765796,0.792246222,0.139257625,0.475764543,0.774483681,0.162396818,0.444395334,0.761710227,0.183748916,0.544597507,0.677097261,0.112290464,0.508582413,0.623537,0.136604309,0.472121865,0.618803501,0.149406046,0.44948867,0.634512961,0.157736659,0.541113615,0.673694968,0.0643053651,0.505335867,0.596420169,0.0891531,0.465305358,0.594086468,0.102066174,0.441207469,0.610332966,0.110548101,0.528494179,0.678515553,0.0204680823,0.498136401,0.601830304,0.0430618264,0.461156726,0.597816,0.0599188283,0.435672224,0.60991931,0.0687912107,0.506342709,0.691512108,-0.0169290565,0.483540744,0.625955582,-0.00191773265,0.456646979,0.614822626,0.0117828986,0.436390132,0.619465828,0.0213142186,c
0.569704175,0.857960582,-3.90641333e-07,0.519703686,0.839797139,0.0746689439,0.483194113,0.791982055,0.108598106,0.452918589,0.776300192,0.124422953,0.419151872,0.766880155,0.138310745,0.535421789,0.679494441,0.102033779,0.496137083,0.618598819,0.119254254,0.456665069,0.614495099,0.124687023,0.431118876,0.630522728,0.127850696,0.541021109,0.67322284,0.0603626929,0.49774915,0.593991816,0.080228813,0.452698827,0.595344,0.0862430334,0.428060085,0.614429891,0.0894357786,0.533631623,0.678402722,0.0198243186,0.491288215,0.594631195,0.0357672237,0.449508876,0.596199572,0.0457734801,0.423808098,0.610006869,0.0502027497,0.511957586,0.691995621,-0.0164641403,0.48019594,0.620620608,-0.00950955413,0.448308289,0.614010394,-0.00190177734,0.426055789,0.621564925,0.00314759114,c
0.572603464,0.873005807,-3.27163548e-07,0.506282926,0.851035893,0.0620044768,0.461441338,0.807241857,0.0860571861,0.425830185,0.790555716,0.0909094438,0.390015393,0.779673,0.0934445933,0.517431498,0.691582322,0.102328271,0.486026943,0.630005717,0.113115259,0.449283063,0.621130168,0.112940706,0.420775324,0.63479203,0.112637058,0.529004633,0.679983258,0.0606110767,0.486857206,0.605202734,0.0702630058,0.440050513,0.602024674,0.069188863,0.4115915,0.624405146,0.0689112,0.529598296,0.681512535,0.0172239039,0.487000227,0.602014124,0.0231238659,0.438966155,0.599894762,0.0262668971,0.406925231,0.617059708,0.0282799378,0.51737833,0.691510916,-0.0233005956,0.481115699,0.623971343,-0.0205537342,0.44409278,0.616364121,-0.0164543,0.416137844,0.625535965,-0.0136736799,c
0.567540169,0.872202814,-5.01612156e-08,0.499698371,0.861208916,0.0184637159,0.448327392,0.822020411,0.025353469,0.405754775,0.807144403,0.0210787319,0.366359651,0.795752704,0.0172062349,0.481530696,0.699745,0.0665398911,0.459441483,0.642323256,0.0672379807,0.432234108,0.626591623,0.0567923337,0.405470341,0.628550291,0.0485971123,0.495889395,0.687085629,0.044390481,0.469118208,0.617905259,0.044287134,0.433103442,0.604037762,0.0324171297,0.405899793,0.622303128,0.0243508164,0.508513629,0.682922959,0.0176704321,0.485773057,0.609638214,0.0178476572,0.445895553,0.596400738,0.01156954,0.415324271,0.611663699,0.00762631558,0.518101,0.685336947,-0.0103398217,0.497451186,0.624242067,-0.0103368526,0.464492351,0.606776178,-0.0125055742,0.436467052,0.611431599,-0.0141273187,c
0.565410614,0.877380133,-5.83522e-08,0.50018,0.864509106,-0.000516518601,0.445908576,0.828025222,-0.00349177816,0.399392128,0.811076283,-0.0132389152,0.358632088,0.797821641,-0.0217084177,0.477110118,0.702983916,0.0385738909,0.45464009,0.643259645,0.0298812576,0.428392261,0.626655,0.014599015,0.402374566,0.627255857,0.00384287466,0.493050516,0.689840317,0.0259855427,0.465508521,0.621520936,0.0170900505,0.433048129,0.606442392,0.00222936342,0.40695706,0.619054794,-0.00745173078,0.509566367,0.684494674,0.00824811682,0.485158056,0.611838579,0.000880194188,0.448830247,0.597576737,-0.00799668767,0.419057578,0.609949648,-0.0129185887,0.526956379,0.686488152,-0.0117292972,0.504409909,0.625931,-0.0179447941,0.473011792,0.605226696,-0.0232481658,0.44468078,0.606155157,-0.0263028163,c
0.569783926,0.881427884,-5.7657811e-08,0.503296316,0.870262,0.00112564326,0.447239906,0.831803322,0.000408071472,0.401149094,0.812499285,-0.00686531886,0.36142993,0.797813892,-0.0132170357,0.478497,0.708759785,0.0402050875,0.457394809,0.647201955,0.0331749469,0.432215065,0.629036367,0.0185563024,0.405943811,0.628755033,0.007841032,0.496153474,0.695085108,0.0274312794,0.470672637,0.626387477,0.0193715841,0.438539267,0.609781861,0.0036216639,0.411147982,0.620537639,-0.00711366534,0.514984846,0.690603375,0.00978951529,0.492257953,0.617393732,0.00277630868,0.457530141,0.600137591,-0.00820548553,0.428012341,0.609224141,-0.015103641,0.535769,0.693609536,-0.00973439496,0.515415728,0.631582677,-0.0165078826,0.48551622,0.607517779,-0.0235471278,0.457899272,0.603958964,-0.0282224938,c
0.570597649,0.82159549,-1.89885547e-08,0.507773817,0.828667045,0.00931986,0.451674581,0.80447036,0.0165414382,0.407110572,0.791573703,0.0151454667,0.367664725,0.778078496,0.0142334942,0.475733221,0.682410538,0.0646107346,0.449372,0.634111,0.0708561763,0.423112452,0.619112074,0.063798584,0.398080111,0.619895756,0.0571427606,0.487896234,0.663892865,0.0503721498,0.457056075,0.60734117,0.0557239614,0.424271315,0.595706165,0.0453765169,0.400022566,0.607898414,0.0374659635,0.50039351,0.651936412,0.0311219897,0.470988333,0.591180801,0.0345698446,0.43732512,0.579996824,0.0278741419,0.411013216,0.592054069,0.0230402127,0.514207721,0.644683957,0.0100918952,0.487054676,0.593033254,0.0112317922,0.455556214,0.577662647,0.00859664939,0.42859754,0.580567896,0.00647810614,c
0.567961395,0.879827142,1.11966409e-08,0.502109647,0.871446788,-0.0074521834,0.445758343,0.837787151,-0.0129456073,0.399399728,0.818274438,-0.0229072627,0.358952641,0.802827179,-0.0319305696,0.47206077,0.71144104,0.0296183415,0.450132906,0.650304735,0.0200311579,0.427290112,0.628258049,0.00306563452,0.401889443,0.62578,-0.00934304297,0.492530555,0.696844935,0.0206704121,0.466184169,0.629162669,0.00970541686,0.437940985,0.608810246,-0.00905902311,0.411210597,0.615159273,-0.0217943192,0.51416415,0.69163388,0.00669212872,0.491016239,0.62019515,-0.00311758439,0.461716712,0.597976267,-0.0173976906,0.434494317,0.601403713,-0.0264145229,0.538877189,0.695377,-0.00950379949,0.518222451,0.634852827,-0.0184590053,0.490929544,0.608206391,-0.0274988171,0.464084029,0.599650681,-0.0335666239,c
0.577537775,0.881416142,-3.3284941e-08,0.514187574,0.870920777,-0.000328558352,0.458580375,0.830428362,-0.00330325263,0.413011104,0.813414037,-0.0124212801,0.37361002,0.79929167,-0.0200943,0.487861365,0.70263952,0.0345327035,0.465965271,0.641496778,0.0248993691,0.439299524,0.62411654,0.00970605761,0.41321069,0.626034379,-0.000560238957,0.504411757,0.691289,0.0221798457,0.479860514,0.619697571,0.0127046937,0.447000682,0.605507135,-0.00111479044,0.420719713,0.619291902,-0.00947056897,0.521782935,0.688560843,0.00505236676,0.500879109,0.614262104,-0.00185316487,0.46552074,0.598452032,-0.00995368231,0.436531961,0.609281957,-0.0143066589,0.539900422,0.694431722,-0.0142078772,0.523287058,0.631577849,-0.0199303124,0.493908167,0.607912958,-0.0251277406,0.466891408,0.605701923,-0.0280169789,c
0.603985,0.869828,-4.6106841e-08,0.544021487,0.858640552,0.000149259053,0.488682598,0.81236285,-0.000491571787,0.444488525,0.790953696,-0.00717749353,0.406678081,0.776043952,-0.0123627773,0.521094561,0.693231344,0.0361939482,0.503273904,0.629746318,0.0274646357,0.478504777,0.610845089,0.013874718,0.452558428,0.612503409,0.00524477195,0.536188364,0.682902634,0.0246900115,0.516059041,0.611790121,0.016771391,0.485549599,0.594632506,0.00557634095,0.459041178,0.605155051,-0.000459226634,0.551319122,0.680495441,0.00822997373,0.533203125,0.607064486,0.00201857649,0.500736773,0.588915467,-0.00365437334,0.472651839,0.596535325,-0.00568664866,0.566257656,0.685123205,-0.0103791896,0.549637437,0.62271446,-0.0157866068,0.521814704,0.599253774,-0.0194468386,0.495763034,0.596191764,-0.0206983574,c
0.65005213,0.85984838,-5.17849834e-08,0.592756093,0.843542099,0.00195658137,0.540846527,0.792844057,0.00298845535,0.499430895,0.766599119,-0.00196774676,0.464491904,0.744958937,-0.00539315678,0.578394115,0.68139118,0.0376391336,0.563169718,0.617686391,0.030422071,0.539847851,0.596898854,0.0177240763,0.514406919,0.595321715,0.00962833688,0.594012141,0.673813879,0.0265266821,0.577286124,0.603515,0.0197285023,0.549082279,0.583140612,0.00864586234,0.522944927,0.588157237,0.00263735931,0.609481,0.673060656,0.0108877448,0.594370544,0.600647569,0.00567133864,0.564257383,0.579331458,0.000310695963,0.536921263,0.582707047,-0.00158179132,0.624610424,0.678239882,-0.00658935821,0.611803174,0.616209924,-0.0113413054,0.586523354,0.589448154,-0.0145804314,0.562092066,0.582170784,-0.0154901752,c
0.691755772,0.881238,-1.12236613e-07,0.627937794,0.853731513,0.00908938702,0.578289866,0.800450623,0.011707739,0.537526667,0.77083081,0.00576475868,0.501752436,0.744562268,0.000601285312,0.621758103,0.689723611,0.0492495857,0.608616889,0.624343514,0.0433994718,0.585374594,0.603141665,0.0302172862,0.560152531,0.599616945,0.0211281404,0.639116943,0.68056488,0.0322301425,0.622986138,0.605060577,0.026275048,0.591686308,0.584583938,0.0138066066,0.563489377,0.59275794,0.00606542593,0.655490935,0.679690957,0.010486301,0.641815782,0.602296233,0.00506544253,0.606302798,0.580867589,-0.00151540386,0.574564278,0.585952342,-0.00484508555,0.670930564,0.686035752,-0.0127703752,0.658046782,0.620119333,-0.0173580311,0.629591644,0.592500865,-0.0207050703,0.601494372,0.585593581,-0.0223607514,c
0.692014933,0.889011145,-1.46361174e-07,0.628623903,0.85823518,0.00363376155,0.579107165,0.805908501,0.00289253495,0.537822604,0.775547445,-0.00519107655,0.502031922,0.750440776,-0.0120458463,0.622670054,0.692467511,0.0392458811,0.607864439,0.626008213,0.0289854445,0.584133148,0.605353594,0.0134987067,0.559273124,0.60240823,0.00345192524,0.639898837,0.682798922,0.0252175648,0.623932898,0.60724026,0.0160019957,0.593972325,0.587513208,0.00309370016,0.567056775,0.594987273,-0.00459355535,0.656649053,0.682089865,0.00633363845,0.642965913,0.604117453,-0.00166910829,0.607457638,0.585466385,-0.00797073077,0.576016426,0.592610419,-0.0105345808,0.672676921,0.689370811,-0.0143849542,0.660184324,0.623924553,-0.0208656285,0.630711913,0.598019779,-0.0243921541,0.601418138,0.593574405,-0.0255614296,c
0.662057042,0.881940186,-7.98810547e-08,0.600772858,0.863355398,0.00180898828,0.548402071,0.813067913,0.000968820183,0.505640507,0.787399292,-0.00641549425,0.468394905,0.766076,-0.0122527368,0.584114909,0.692481935,0.0370060578,0.57041,0.624268651,0.0265088566,0.545081317,0.605374873,0.011762334,0.518827319,0.607467711,0.00289672,0.600662,0.683645427,0.0243078303,0.584155381,0.60759449,0.0149981985,0.552502155,0.590526879,0.00329333241,0.524737835,0.600525379,-0.00264466438,0.617589951,0.683480144,0.00671137543,0.602551401,0.606008053,-0.00055213162,0.568347,0.587280869,-0.00572839053,0.538536668,0.594392657,-0.00697928946,0.634654641,0.690794349,-0.0128906621,0.620952129,0.625085533,-0.0185161363,0.593157589,0.597763717,-0.0215482842,0.56654644,0.590879619,-0.0219567418,c
0.608833194,0.872844636,-3.20647553e-09,0.548681438,0.867932439,-0.00386455492,0.490349382,0.828342795,-0.00635505421,0.443798,0.81215322,-0.0139736971,0.404077113,0.801602662,-0.0198647771,0.517692268,0.701478779,0.0325053222,0.495747447,0.636127949,0.0223722886,0.469901562,0.620307803,0.00718097622,0.444776505,0.625999331,-0.00249971123,0.532240629,0.691462934,0.0231152028,0.507910728,0.620351195,0.012870972,0.475706577,0.606109738,-0.00152239425,0.449116826,0.619421959,-0.0097877318,0.548264563,0.688513875,0.00856755394,0.525371671,0.615876853,0.000793574553,0.49199158,0.600214124,-0.00850603543,0.463821411,0.610018432,-0.0129760392,0.566038549,0.691704333,-0.00827056915,0.54636687,0.629303694,-0.0141494535,0.518801451,0.60500288,-0.0197623,0.493328899,0.600861728,-0.0226905514,c
0.577875495,0.869667888,5.54846693e-08,0.517572045,0.87673533,-0.00341069931,0.460035473,0.845825493,-0.00595695106,0.414295405,0.833997488,-0.013838809,0.373430133,0.822255313,-0.0203690268,0.480009675,0.712798119,0.0363154598,0.454786837,0.651768625,0.02914677,0.427446842,0.638458908,0.0142925093,0.400718838,0.645339549,0.00408407254,0.494532883,0.70051378,0.0266947672,0.466105103,0.633017182,0.0191612486,0.431828558,0.621489286,0.00314985425,0.405370772,0.636465669,-0.00712421536,0.510160506,0.695736825,0.0120694228,0.484027743,0.625547409,0.00648149662,0.449408531,0.612155199,-0.00499065081,0.421616465,0.624105513,-0.0118114064,0.52781266,0.697340488,-0.00479507539,0.504203379,0.636422098,-0.00962797087,0.474266142,0.616598487,-0.0161346812,0.448066443,0.617823362,-0.0202973895,c
0.55394423,0.876015604,5.39835e-08,0.488875657,0.885435343,0.0107935769,0.432762146,0.862657964,0.0146830576,0.388917267,0.858751595,0.00941733737,0.3471331,0.849926353,0.00423088809,0.444829941,0.726363361,0.0587652475,0.415709078,0.668011606,0.0575413406,0.387009621,0.657334268,0.0445686765,0.359299749,0.667063415,0.034547314,0.459040433,0.712664425,0.0411049388,0.425484598,0.646817803,0.0379588418,0.388700604,0.639035,0.0203856193,0.36281839,0.659691513,0.0081558954,0.473786175,0.706785917,0.0187900644,0.443370819,0.637245953,0.0162217114,0.405174732,0.628709,0.00286405254,0.376126111,0.645954669,-0.00611489732,0.490213215,0.707345784,-0.00480437884,0.462701887,0.646962404,-0.00806443207,0.430021405,0.631190777,-0.015158549,0.402156174,0.635647953,-0.020456465,c
0.563637137,0.822346807,1.56270763e-09,0.503175855,0.826213419,0.00462103868,0.448400378,0.799262106,0.00749792717,0.403960586,0.785569847,0.00266776979,0.364861548,0.772553444,-0.00111577823,0.474666178,0.6773296,0.0536439382,0.450554669,0.628391147,0.0557867661,0.424256057,0.612722695,0.0476052798,0.399513781,0.613679588,0.0408576652,0.487216473,0.660643041,0.0408880375,0.458212584,0.602483511,0.0440422818,0.425564528,0.589582,0.0358415917,0.400808215,0.599065423,0.0296405368,0.499495268,0.649597287,0.0229686499,0.472552449,0.588097513,0.0252738763,0.439106792,0.575413,0.0213446785,0.412858695,0.585862279,0.0185163096,0.512263834,0.643758535,0.00274885981,0.488082618,0.591059923,0.00347471889,0.458050162,0.574120939,0.00222334266,0.432389796,0.577140272,0.00133220479,c
0.55276686,0.880504072,7.10674755e-08,0.483077914,0.887983441,0.0172032863,0.427383721,0.8658005,0.0252572168,0.383247524,0.86145848,0.0225087553,0.340755761,0.853262722,0.0193377808,0.442429334,0.73176229,0.0729568228,0.412163854,0.676213324,0.0779099688,0.383712679,0.663192153,0.0673788488,0.356001019,0.66848886,0.0575286523,0.456726581,0.716529667,0.0520012937,0.421237648,0.652511179,0.0535051413,0.384226412,0.641920269,0.0356531963,0.359288096,0.661953628,0.022098152,0.470885098,0.709678769,0.0265120659,0.439134717,0.640212893,0.0276439041,0.400523514,0.629075408,0.013928296,0.371670365,0.645546496,0.00356076029,0.486812949,0.709364116,2.82630754e-05,0.459063619,0.650199473,-0.000939856342,0.425882101,0.634419322,-0.00793757848,0.397610694,0.638639331,-0.0140294749,c
0.558416247,0.877575397,2.66233275e-08,0.498762161,0.884756863,0.00188405521,0.440415204,0.85484463,0.00182522496,0.394303977,0.846131742,-0.00485566491,0.353627324,0.837418795,-0.0101846959,0.460075974,0.720675111,0.0425928608,0.434480309,0.659213066,0.036981307,0.406154126,0.647255599,0.0235076398,0.379130542,0.656254292,0.0142801702,0.473908126,0.708380342,0.0300976057,0.443926871,0.639841795,0.0248615798,0.40840596,0.629576385,0.011113192,0.381925136,0.647612453,0.00225226092,0.487957031,0.702893,0.0126603171,0.460213751,0.631599665,0.00882385205,0.423165113,0.62063694,-0.00050308404,0.394351274,0.636128545,-0.00596686685,0.502232373,0.703124702,-0.00680954242,0.476432532,0.643009186,-0.0105143329,0.444680482,0.625559151,-0.015739901,0.417731136,0.629927814,-0.0189512316,c
0.580872238,0.869071841,2.88665323e-08,0.519808173,0.86980921,0.00157238904,0.46219185,0.838000894,0.00258588465,0.417098314,0.824418426,-0.00266908947,0.37830627,0.811710298,-0.00646654097,0.48473981,0.708179712,0.04356746,0.461781144,0.647500634,0.0397137031,0.436497033,0.630411446,0.0277637206,0.411108404,0.633180141,0.0192012731,0.498271942,0.69685775,0.0321422182,0.471019477,0.631441474,0.0280341096,0.439060867,0.614862204,0.0154370395,0.412860841,0.625744462,0.00711800437,0.512495458,0.691720724,0.0157582909,0.487160295,0.62339735,0.0122709405,0.454188138,0.606479526,0.00408676732,0.426412106,0.615925491,-0.000684933621,0.528137743,0.69090724,-0.00268294313,0.505244434,0.632978618,-0.00657093618,0.476668984,0.610958219,-0.0113835409,0.450900912,0.608535707,-0.0141895944,c
0.607259631,0.848301768,1.03114139e-08,0.549358845,0.840429604,-0.00384788541,0.497704029,0.802608,-0.00705532171,0.456119925,0.780394614,-0.0151215186,0.420826912,0.759287059,-0.0214192569,0.526013732,0.683028698,0.0308112614,0.507966697,0.621605873,0.0220143422,0.484450817,0.600295,0.0084744487,0.460045695,0.598368406,-8.54514292e-05,0.5404948,0.672877669,0.0220813192,0.51944989,0.607113421,0.0149796037,0.491098732,0.585888803,0.00396950962,0.465488315,0.588407874,-0.00226765964,0.555287,0.669255316,0.00852617715,0.535375416,0.602588296,0.00343958894,0.507360637,0.580512226,-0.00130982953,0.481797606,0.581457,-0.00304404483,0.571262479,0.672407031,-0.00747805741,0.554653,0.614928842,-0.0122139128,0.530057132,0.588005543,-0.0150824739,0.505928397,0.578705728,-0.0156315304,c
0.635226548,0.81959,-3.2953027e-09,0.57833904,0.804572701,-0.00173621741,0.530420244,0.762661397,-0.00317130098,0.491309851,0.736785471,-0.0098446412,0.458802491,0.712087035,-0.0150228664,0.563818038,0.650600851,0.0332311094,0.550920248,0.589160919,0.0258205608,0.5294559,0.565602958,0.0131692393,0.505438924,0.560035467,0.00490287971,0.578984737,0.641264379,0.023649564,0.562570333,0.574918866,0.0176103655,0.536223888,0.55208987,0.00705201,0.511224,0.551636159,0.000950772548,0.594208717,0.638584375,0.00940963067,0.578772366,0.571578503,0.00467683887,0.551780581,0.54795,-0.000295309903,0.526297808,0.546318,-0.00223237625,0.610603333,0.642698646,-0.00706997281,0.598963261,0.583923519,-0.0114355544,0.576511,0.556479692,-0.0140112471,0.553820431,0.547057509,-0.014458078,c
0.670775354,0.790589452,-2.42483988e-08,0.61369586,0.768483281,-0.000614116492,0.56672,0.721701741,-0.00070160575,0.528283119,0.692588687,-0.00611035712,0.497665316,0.662408,-0.00994473789,0.606256,0.613419414,0.0362607837,0.593384802,0.553394437,0.0309227,0.573071063,0.528266668,0.0188486502,0.549819,0.519135058,0.0102425991,0.622222722,0.604765713,0.0264133,0.606583834,0.537602663,0.0214594416,0.581251264,0.512883544,0.0102622993,0.556461275,0.510911882,0.00318939169,0.638333619,0.603190362,0.0120096076,0.624397457,0.533739269,0.00796896,0.597753704,0.508623719,0.00188880647,0.572126329,0.506626904,-0.00130451855,0.655502498,0.608366609,-0.00446739281,0.644630253,0.548613369,-0.00851284899,0.621969283,0.520962656,-0.0117757535,0.599142313,0.511564255,-0.0131402314,c
0.693309426,0.773777068,-6.23190104e-08,0.633783281,0.743846,0.00265710615,0.587309659,0.696523905,0.00365534564,0.548991263,0.66483295,-0.00161458424,0.519120693,0.630566895,-0.0052643856,0.629553795,0.588442087,0.0413538441,0.618870199,0.525739908,0.0354335271,0.5976969,0.500757098,0.0224956684,0.573955297,0.49235633,0.0136092631,0.646413386,0.579539,0.0297492743,0.633356929,0.508282721,0.0252036843,0.607030511,0.483048171,0.0142933419,0.581810594,0.481522262,0.00725389645,0.662912428,0.578137755,0.0133912731,0.652174652,0.505178452,0.010059013,0.624906123,0.478408277,0.00480079558,0.598801434,0.475683391,0.00190628076,0.680194497,0.583619118,-0.00495538348,0.672498226,0.522162378,-0.00828094874,0.649029,0.492461443,-0.0109419487,0.624741,0.481327385,-0.0119974595,c
0.706149042,0.758592367,-6.04450747e-08,0.645088792,0.727199256,0.00118093123,0.597248077,0.67353195,0.00136763393,0.557139575,0.639181256,-0.00466418,0.524650037,0.606202364,-0.00931472797,0.647018611,0.563177407,0.0396957248,0.634148717,0.497446358,0.0342713781,0.61277777,0.467984498,0.021090271,0.588131428,0.454775721,0.0112588117,0.665459,0.5547629,0.0276930872,0.65126121,0.47931847,0.0224458799,0.623415649,0.44992131,0.0101892902,0.595724344,0.446450472,0.001752096,0.683351517,0.553866804,0.0109398663,0.672623336,0.476218015,0.00690001948,0.643294036,0.446189672,-8.20749119e-05,0.61471349,0.442285538,-0.00454113772,0.70093143,0.560278833,-0.00793369,0.692528367,0.49549374,-0.011832403,0.668305755,0.462533772,-0.0157545283,0.643081069,0.44950673,-0.0181910973,c
0.679435849,0.748104393,-8.0445389e-08,0.61799264,0.719263911,0.00425737584,0.568922877,0.664382279,0.00496061612,0.527775645,0.632849514,-0.00167740323,0.493429,0.601528764,-0.00670235744,0.615479171,0.546659648,0.042322211,0.606418371,0.478298277,0.0342157371,0.582385302,0.452830553,0.0208197758,0.555572629,0.446951449,0.0121875554,0.632897556,0.538681328,0.0278502814,0.622279704,0.460354596,0.0212792251,0.591964841,0.436742723,0.0114444075,0.563533247,0.438532352,0.00589660835,0.649183,0.538615346,0.00822270568,0.641066313,0.45817259,0.00211010757,0.607923746,0.432903409,-0.00187839987,0.577379704,0.433317482,-0.00285277632,0.664123952,0.545126438,-0.0134481452,0.656013668,0.475373298,-0.018892685,0.628992736,0.444965899,-0.0212175269,0.601584554,0.43595767,-0.0213862639,c
0.629973471,0.724396765,-5.46183081e-08,0.570989907,0.706692338,-0.00112965715,0.51962328,0.655337095,-0.00195928337,0.478712559,0.62492311,-0.00842984859,0.444447935,0.599719107,-0.0131663429,0.562373877,0.537115872,0.0328655876,0.551957309,0.470878422,0.0236590486,0.527656496,0.444770783,0.0107487673,0.501205862,0.438884735,0.0025609252,0.577831805,0.528780639,0.0218548812,0.564710855,0.454227269,0.01414432,0.534303844,0.43068105,0.00528763095,0.506220043,0.430565774,0.000535897096,0.59226948,0.527224898,0.00570838852,0.581217408,0.451090693,-0.00100765936,0.549481034,0.426048428,-0.00472308975,0.520314753,0.42392686,-0.00553612644,0.605536938,0.531457663,-0.0128165884,0.595060289,0.465434194,-0.0188568905,0.569189072,0.435471892,-0.021620702,0.543338895,0.424962819,-0.0221789032,c
0.565807,0.822898567,-4.09259e-08,0.507168472,0.82209444,0.0023113736,0.455080062,0.784845889,0.00242943689,0.411892474,0.766833067,-0.00454411516,0.373297334,0.75299561,-0.0100494474,0.485095,0.662199497,0.0441021621,0.466607124,0.604056835,0.0386507586,0.440334797,0.588728547,0.0266938973,0.415436864,0.593731642,0.0190800019,0.497585654,0.650066733,0.0317249522,0.475162745,0.584209144,0.0282842908,0.443268985,0.571472466,0.0187308192,0.41793412,0.581851721,0.0131357303,0.509960115,0.643610656,0.0141133349,0.488842547,0.576266229,0.01145929,0.455330789,0.563633204,0.00733547146,0.428328633,0.573477864,0.00573967118,0.522337317,0.642462671,-0.0057971864,0.502052307,0.58525455,-0.0075720665,0.472889453,0.56613481,-0.00903943647,0.447327852,0.566336,-0.00930783432,c
0.574044168,0.709370613,-5.86638116e-08,0.517368,0.699607,-0.00364105706,0.466357172,0.654082119,-0.00668250956,0.424810231,0.628126562,-0.0145227518,0.389641762,0.607164323,-0.0204671975,0.504695952,0.53139472,0.0273226742,0.494472891,0.46597296,0.015140553,0.46873045,0.444362432,-3.05245e-06,0.441549778,0.445269346,-0.0090602152,0.518674254,0.521963716,0.01779259,0.506156,0.449648559,0.00801552739,0.475279599,0.430405825,-0.00192031672,0.447573245,0.434564948,-0.00723467255,0.531701565,0.519540548,0.00314339576,0.520440578,0.446744889,-0.00399241643,0.489070415,0.426132381,-0.00788301416,0.460703641,0.427527606,-0.0089278,0.543522716,0.524029136,-0.0140399607,0.531947076,0.46191892,-0.0187916011,0.506798506,0.435854286,-0.0209222194,0.481936932,0.428171664,-0.0213484168,c
0.518646717,0.70557189,-5.38695133e-08,0.461686462,0.699339807,-0.00701665459,0.410193175,0.662241936,-0.0124126254,0.367429942,0.641036451,-0.0218662526,0.331152797,0.622745395,-0.0290527102,0.444390327,0.535841346,0.0215915833,0.430098265,0.470122606,0.00683029601,0.401277572,0.452240437,-0.00935909711,0.373222291,0.457151324,-0.0186693277,0.457429975,0.524953246,0.0133810397,0.440217406,0.452120662,0.00118077756,0.405768692,0.436993212,-0.00895433128,0.377539217,0.445375681,-0.0141462041,0.469292879,0.521129251,-0.000215855442,0.453955561,0.447279185,-0.0092715174,0.418816149,0.431497425,-0.013328582,0.389196217,0.437732786,-0.0141099785,0.480013222,0.524738967,-0.0165802725,0.465019852,0.461974442,-0.0229573529,0.437380105,0.439455837,-0.025764266,0.411441624,0.435727417,-0.0263306201,c
0.484636724,0.706273496,3.77413567e-09,0.426746875,0.705805898,-0.00192072836,0.373381704,0.673508167,-0.00427972199,0.328499585,0.657004952,-0.0126465177,0.289360166,0.640794277,-0.01915,0.403921813,0.545501471,0.0370072946,0.38411954,0.485566378,0.0290356409,0.35594067,0.467208087,0.015878344,0.329132885,0.469557524,0.00739506539,0.416175246,0.533024907,0.0262031015,0.392918348,0.466040581,0.0206084121,0.358834594,0.45063746,0.011113774,0.33100155,0.457843184,0.00522948615,0.426923275,0.526443362,0.00986696873,0.406194806,0.457918,0.00535325892,0.371882021,0.442090839,0.00117250427,0.343091965,0.448782533,-0.000619476195,0.436757654,0.525563598,-0.00912799593,0.418753564,0.465073407,-0.0130681153,0.390666485,0.44481653,-0.015386194,0.364913553,0.444976181,-0.0161752608,c
0.468443602,0.718210042,5.47106e-08,0.398151696,0.718231082,0.0335229225,0.343917787,0.690117061,0.0511268154,0.299838126,0.677352071,0.0538009368,0.257020414,0.661739588,0.0549422726,0.375800043,0.564547241,0.103632249,0.348135233,0.511878967,0.121629484,0.319154203,0.492850095,0.118106455,0.290163904,0.490923822,0.111480989,0.388569146,0.546628475,0.0754268467,0.356396198,0.485212028,0.0924847126,0.317811787,0.464961529,0.0813573524,0.289735585,0.471986413,0.0696021318,0.398379207,0.536462784,0.0427036248,0.369746864,0.470314264,0.0559030361,0.331570029,0.452507317,0.0487414487,0.301177889,0.459747285,0.040098127,0.407151043,0.533441126,0.00939939916,0.382859,0.472577035,0.0170262,0.351341695,0.455001324,0.0158280209,0.322826594,0.456869811,0.0120789418,c
0.467420906,0.70908916,-8.5075863e-10,0.407043755,0.710133374,-0.00172985322,0.352474272,0.679859638,-0.00362515915,0.306486607,0.663058639,-0.011706613,0.266066879,0.646712065,-0.0178548899,0.380682528,0.549064517,0.0402613208,0.358206242,0.491992414,0.0340590961,0.329843581,0.474073648,0.0212001447,0.302738309,0.47622034,0.0123461094,0.393221557,0.535388827,0.0292448588,0.366813958,0.470765442,0.0246802252,0.332490921,0.455426961,0.0141539602,0.304775357,0.463915527,0.00712370686,0.404595375,0.527702272,0.0126607055,0.380302,0.460700542,0.0087263,0.345453829,0.445817292,0.00329309469,0.316596419,0.454878151,0.000362683233,0.415729821,0.525356174,-0.00658338238,0.394787222,0.466247052,-0.0103945611,0.365546048,0.446582,-0.0135126924,0.339168608,0.448022962,-0.0151060503,c
0.48877266,0.692158282,-1.23985657e-08,0.43136692,0.692408562,0.00170715328,0.377318412,0.657402098,0.00222758832,0.333107084,0.638526738,-0.00385998166,0.295054674,0.619357705,-0.00825796,0.407998085,0.532366753,0.0433417,0.389701694,0.473143965,0.0384150147,0.363169879,0.455647886,0.0268950276,0.336735457,0.459079772,0.0193100385,0.420819789,0.520090103,0.0315492339,0.399475694,0.454633772,0.0291944873,0.367425621,0.438570261,0.0207299534,0.340524346,0.445752203,0.0151843242,0.432553142,0.51394403,0.0143671744,0.413238794,0.446665466,0.0120181739,0.38086012,0.430362523,0.00838151202,0.352870375,0.436687022,0.00661910279,0.443329,0.513336837,-0.00518477522,0.425552934,0.45445925,-0.00801530574,0.397987902,0.434509754,-0.0101116737,0.372334659,0.43380326,-0.0109686907,c
0.522376657,0.679632723,-3.20502771e-08,0.466713279,0.674163818,-0.0024221607,0.415877342,0.63774085,-0.00402578292,0.374055177,0.615672469,-0.0108053777,0.339254737,0.592183948,-0.0156501606,0.450253695,0.515930057,0.0336710103,0.433726043,0.458354264,0.0265377816,0.408706069,0.438796401,0.0141350543,0.383144885,0.438115597,0.0058284509,0.463406831,0.504420161,0.0240878519,0.443070322,0.44050473,0.0191569328,0.412768304,0.421438873,0.010121909,0.386463284,0.424565196,0.00412183348,0.475461721,0.498791039,0.00930185337,0.457006425,0.43335408,0.00512800692,0.426968694,0.414064407,0.00076397974,0.399831533,0.415571839,-0.00154927932,0.48714,0.498277,-0.00801456347,0.471928596,0.439799249,-0.01239252,0.446484596,0.417161882,-0.015498329,0.421490163,0.413024604,-0.0170457792,c
0.555306911,0.674028397,-3.28413243e-08,0.500240207,0.661507428,-9.56892545e-05,0.453124821,0.619606376,-0.00112641952,0.414614439,0.59429,-0.0081113819,0.381549448,0.56952858,-0.0133330487,0.49330923,0.505285859,0.0352789611,0.480664223,0.445820659,0.0278219413,0.456625462,0.423407972,0.0157802235,0.43203032,0.420113206,0.00818621,0.506798685,0.495379388,0.0244378652,0.492001742,0.428990781,0.0200789534,0.463139296,0.408393681,0.0127024399,0.437783211,0.408275753,0.00825592224,0.518588,0.490827084,0.00855159387,0.504941702,0.423922,0.0052354713,0.474980831,0.40361923,0.00369679695,0.44851917,0.403079808,0.00358929532,0.528866291,0.491467357,-0.0098297745,0.516906679,0.431778729,-0.0128499381,0.491609722,0.407807708,-0.0133568225,0.467077911,0.401795089,-0.0127785075,c
0.589619696,0.674631953,-9.40011375e-08,0.534595191,0.655342698,0.00127921312,0.491109669,0.607180595,-0.000421774952,0.455288619,0.578071833,-0.00788719207,0.423328847,0.552643,-0.0139323203,0.537302911,0.498146951,0.0297857672,0.529314339,0.436514914,0.0185489636,0.505112231,0.412977546,0.00380927837,0.479640603,0.410679698,-0.00525886053,0.550823,0.489315629,0.0177984517,0.540693462,0.418758631,0.00905616768,0.511514425,0.395990849,-0.000983111095,0.485213459,0.396763474,-0.0070370459,0.562642694,0.487182558,0.00129656063,0.554366589,0.415468425,-0.00469681108,0.524165392,0.392301798,-0.00860310439,0.496854573,0.391016424,-0.0103995726,0.572187543,0.49154824,-0.0172658786,0.56445843,0.431226403,-0.0211321861,0.541080475,0.403298587,-0.0229693949,0.517518222,0.393493772,-0.0237647779,c
0.6090042,0.681815147,-1.33240178e-07,0.551172,0.65430069,0.0162373837,0.514571905,0.603969455,0.0195164382,0.481401891,0.576007962,0.0131834932,0.451367915,0.548752785,0.00745980395,0.571077347,0.499542862,0.0491841957,0.561849,0.438557684,0.0437979,0.536905944,0.41454649,0.0320005938,0.511374414,0.410525173,0.0243210662,0.585915923,0.49164176,0.0284225885,0.574661911,0.417826623,0.0249643959,0.541949809,0.39277494,0.0161207896,0.51324296,0.395592868,0.0100902487,0.595549524,0.491455287,0.0036997206,0.587150693,0.414389968,0.00170649018,0.551593602,0.388610065,-0.00130602776,0.5211972,0.388743132,-0.00335293612,0.598144829,0.496670812,-0.0221375506,0.589364171,0.432663828,-0.0231574681,0.562356353,0.402912855,-0.0237668511,0.536276519,0.39294374,-0.0244104583,c
0.579577625,0.826979339,-1.07506828e-07,0.52221489,0.81451869,0.0177020431,0.480004221,0.764662087,0.02347783,0.443398833,0.741616666,0.0189487133,0.408483982,0.723341227,0.0149687137,0.52758044,0.653960824,0.0550852977,0.51502794,0.592946887,0.0528404601,0.486860931,0.573785663,0.0444528721,0.460459352,0.574956715,0.0392914489,0.541466892,0.644365907,0.0339624323,0.52429086,0.571347833,0.0331563763,0.487359375,0.555458248,0.0271847937,0.458305895,0.565511882,0.0241396111,0.550582051,0.642895639,0.0086547574,0.533606052,0.566479087,0.00714329863,0.493337214,0.551171958,0.00557912141,0.461696148,0.559685826,0.00570676615,0.551482797,0.647268653,-0.0176999308,0.533528149,0.585618913,-0.0183861349,0.502090573,0.56443733,-0.0182033405,0.474461913,0.562264442,-0.0175903961,c
0.597816885,0.685439408,-1.30393801e-07,0.542176604,0.661111116,0.00447479961,0.503219,0.611846626,0.00219253148,0.468594372,0.584357619,-0.00680243364,0.437947273,0.558372438,-0.0144140273,0.55848223,0.501507223,0.0295339115,0.552562714,0.433678061,0.0164210349,0.525973916,0.410755038,0.000965070329,0.498888195,0.410966575,-0.00795130804,0.572191477,0.495016247,0.0147445025,0.562119842,0.418505877,0.00420428207,0.528183281,0.396377802,-0.00615332648,0.499029756,0.40136832,-0.0120855169,0.581215262,0.496042818,-0.00434222212,0.571858168,0.417006195,-0.0123184239,0.535555124,0.394536316,-0.0163971297,0.504838228,0.397152543,-0.0177197903,0.583677,0.503819764,-0.0251101423,0.573405623,0.437990755,-0.0301745608,0.54708004,0.409454554,-0.0319151916,0.521930695,0.40156889,-0.0322832577,c
0.580978334,0.691714048,-3.85685048e-08,0.520164549,0.672607541,-0.00181947381,0.470254272,0.63188374,-0.004700833,0.428798437,0.607256114,-0.0132674798,0.394059122,0.58374,-0.0199482497,0.505597,0.513198853,0.0331173316,0.491435409,0.452766,0.0245851353,0.468469739,0.430792809,0.0116809653,0.444907904,0.425533146,0.00316968258,0.521410644,0.50254792,0.0226277336,0.50437659,0.433906525,0.0164421126,0.475242853,0.412544906,0.007956733,0.449492574,0.412285864,0.00263352739,0.536999464,0.498356581,0.00686555682,0.522863328,0.427057862,0.0014819192,0.492153555,0.405319899,-0.00186709373,0.464566767,0.405913264,-0.00311304443,0.553081632,0.499980718,-0.0114517324,0.542304277,0.438108683,-0.0166722238,0.515701234,0.413199,-0.0191976242,0.488951027,0.408248931,-0.0199010707,c
0.561135173,0.688552856,4.08730116e-08,0.500759,0.682071686,-0.00986553449,0.447407186,0.649126112,-0.0159593131,0.40368104,0.627892315,-0.0251573138,0.36738348,0.606639802,-0.03276008,0.474921077,0.526914477,0.0222382415,0.454261065,0.467627943,0.0131342337,0.432497382,0.444019139,-0.00148612831,0.408691913,0.43761763,-0.0118560595,0.492577463,0.514148533,0.0161811132,0.469825357,0.449152857,0.00784884766,0.443947643,0.42532891,-0.00579080591,0.419336915,0.423684031,-0.0149983233,0.511581063,0.509720683,0.0053367177,0.490387172,0.443205535,-0.00130286592,0.46515429,0.418037504,-0.0100376932,0.440835178,0.413644522,-0.0155632617,0.533070207,0.513438106,-0.00807842147,0.51602608,0.455390066,-0.0148475645,0.492643356,0.427488506,-0.020568762,0.468749434,0.415245175,-0.0239539091,c
0.546775401,0.690137446,7.53166063e-08,0.486899585,0.684718072,-0.0144495303,0.434505016,0.656494439,-0.0224710908,0.392338753,0.636304796,-0.0319081768,0.357558638,0.614035487,-0.0398618467,0.453958362,0.535992444,0.0142410882,0.432538748,0.475560278,0.00390770612,0.413385332,0.449463904,-0.0117123527,0.39096126,0.4374713,-0.0234923381,0.474929124,0.520967662,0.0104857711,0.452430129,0.456036299,-0.000805993215,0.430639803,0.431402683,-0.0166724492,0.408402801,0.426957369,-0.0273095984,0.497463435,0.515860856,0.00220573531,0.475921154,0.450317472,-0.0072727669,0.454638153,0.424848586,-0.0179564506,0.433145434,0.417678058,-0.0246109534,0.523959577,0.518398583,-0.0086339917,0.506129324,0.462522924,-0.0174087416,0.484941244,0.435911685,-0.0240481347,0.462809384,0.421629161,-0.0280813538,c
0.539157391,0.694167,1.00259236e-07,0.477550149,0.68809092,-0.016011212,0.426161021,0.660856664,-0.0247346535,0.385455161,0.638661563,-0.034586411,0.352468729,0.612037897,-0.0429915078,0.444259673,0.543489397,0.0125385933,0.423988849,0.482375085,0.00178047305,0.40579015,0.454638809,-0.0144230751,0.38385269,0.440434396,-0.0269195959,0.466411948,0.527303517,0.00901810173,0.44356665,0.460407019,-0.0037470602,0.421656549,0.435251772,-0.0208245069,0.399064749,0.431186616,-0.032164935,0.489546925,0.522220135,0.000925567874,0.46743539,0.454323947,-0.0100117289,0.445437789,0.428165436,-0.0217966,0.423560083,0.421433896,-0.0290693715,0.517312288,0.525383472,-0.00977484882,0.499424309,0.46843645,-0.0201370753,0.477632046,0.440353602,-0.0280364268,0.45490995,0.42433691,-0.0329507813,c
0.53825438,0.697928786,3.43213884e-08,0.482245356,0.691797256,-0.0126690762,0.430485308,0.658320129,-0.0199985541,0.387847424,0.635731697,-0.0293908194,0.352837473,0.613368571,-0.0374059267,0.452150822,0.540205121,0.0152848018,0.431153953,0.481017083,0.00462812511,0.411489755,0.457152307,-0.0106408633,0.389255047,0.448640913,-0.021695232,0.471362382,0.527483344,0.0104679475,0.448765337,0.4627738,-0.000505042844,0.426066041,0.439262569,-0.0158647764,0.403511435,0.43593353,-0.0260665044,0.492443383,0.523785353,0.00124814291,0.47059235,0.458339632,-0.00811274629,0.447606415,0.433513969,-0.0184757393,0.425075889,0.427341908,-0.0248490218,0.516655,0.528369248,-0.0103946012,0.497990489,0.472364724,-0.0190058202,0.47587949,0.444879115,-0.0256983731,0.453397423,0.430748612,-0.0297721922,c
0.551954627,0.701835036,-5.10974303e-08,0.491302282,0.690123916,0.0163224488,0.446232051,0.650657594,0.022513641,0.408588231,0.631310105,0.0190294273,0.373651981,0.613527,0.0160629563,0.481867343,0.53900671,0.0579256266,0.463236272,0.485473931,0.0582386367,0.437600881,0.465819538,0.0491282307,0.412441343,0.463678062,0.0421745852,0.494683862,0.527624071,0.038387619,0.474107921,0.462277234,0.0397148505,0.441140294,0.442808867,0.0312102679,0.413911819,0.450115234,0.024811076,0.505193055,0.523586392,0.0146707781,0.489306599,0.454385281,0.0159473736,0.455325425,0.434954882,0.0121385772,0.426964313,0.440718323,0.00907515,0.512452543,0.525050044,-0.0102920588,0.499426365,0.466970623,-0.0100721624,0.471932381,0.443426877,-0.0114430729,0.446393818,0.438823909,-0.0127945086,c
0.554304838,0.709937871,-1.97842979e-07,0.497663021,0.687275887,0.0507876202,0.4583565,0.644450128,0.0710949376,0.426429778,0.626178563,0.0743492842,0.394884199,0.608222127,0.0764339119,0.50559622,0.539237201,0.0942832753,0.486312121,0.477557868,0.102250047,0.454520613,0.459651262,0.100633711,0.428676665,0.467825055,0.100133091,0.517233908,0.528258622,0.0573404431,0.492995709,0.453236163,0.0650267079,0.452128828,0.437643051,0.0639364,0.424351782,0.452877074,0.0642891154,0.520755291,0.527131557,0.0175799783,0.49732846,0.449992597,0.022539515,0.454623163,0.434360951,0.0262397025,0.423582375,0.443900526,0.0293204859,0.513293326,0.533049524,-0.0207352415,0.490057081,0.468277156,-0.0181545522,0.457043499,0.450143546,-0.0142201688,0.429982811,0.449729502,-0.0111070219,c
0.556087375,0.698937237,-2.77501982e-07,0.503616214,0.68029213,0.0780669451,0.472029984,0.637199223,0.114962339,0.445444942,0.617664218,0.132772639,0.416634023,0.598389506,0.148414671,0.528687894,0.535161316,0.117096275,0.505571365,0.475151509,0.140527576,0.472721964,0.45979169,0.147783756,0.448045224,0.464444399,0.151202783,0.535260439,0.52640295,0.0742277727,0.509214044,0.44560504,0.0968523845,0.466654539,0.434167743,0.100089222,0.440589,0.447590411,0.101200916,0.528306067,0.525210142,0.0322958827,0.505186439,0.442754239,0.0515719652,0.465504974,0.431509078,0.0586981252,0.43797639,0.437454641,0.0609070323,0.507713616,0.530578077,-0.00525522372,0.489413202,0.46229893,0.00667362614,0.459882438,0.446511507,0.0146215456,0.435583413,0.444155216,0.0191456303,c
0.551746488,0.697653234,-2.88261248e-07,0.50180459,0.680468,0.077418752,0.472712755,0.636668801,0.114355974,0.447353929,0.615756512,0.132687315,0.418202668,0.596781492,0.148945481,0.530662537,0.534503281,0.115399048,0.506728172,0.475114465,0.139276624,0.47355026,0.459689736,0.146884874,0.448639512,0.464950144,0.150368035,0.535144567,0.525295913,0.073500894,0.509309053,0.445528269,0.0964430422,0.466760367,0.435101599,0.0997722894,0.440217376,0.448436648,0.100710571,0.526190042,0.524768591,0.0327825658,0.503049195,0.442052335,0.052570574,0.464006871,0.431798875,0.0594337173,0.436339796,0.438195884,0.0610825792,0.503305674,0.531348646,-0.00349597051,0.485091507,0.464155227,0.00886886474,0.456439525,0.448892057,0.0166339073,0.432675034,0.446280479,0.0208101533,c
0.593801916,0.839215279,-1.76378791e-07,0.540500641,0.822414041,0.0179057028,0.50237149,0.769214809,0.0219973139,0.468193322,0.744454741,0.0166949686,0.437042534,0.724172,0.0119462162,0.564002812,0.668083787,0.0431970172,0.550914645,0.599616647,0.0367959179,0.519710243,0.579798341,0.0275203455,0.491185874,0.582545459,0.0224965755,0.577702165,0.660828888,0.0219234191,0.558120251,0.580576479,0.0168359391,0.518967032,0.562061131,0.0104849115,0.488436103,0.571405232,0.0076527535,0.583333611,0.662900925,-0.00277472497,0.559825957,0.581382871,-0.00796857849,0.518059731,0.562947094,-0.010696792,0.486112118,0.568706572,-0.0110231657,0.576681,0.670927227,-0.0278645419,0.554626405,0.606244504,-0.0323376469,0.523852944,0.581516147,-0.0344005972,0.497835785,0.575385273,-0.0351590961,c
0.55128777,0.712711036,-2.89519164e-07,0.494811952,0.688694775,0.0691240579,0.45873329,0.64419,0.0983725786,0.429057896,0.624743819,0.108478084,0.398157239,0.604932666,0.116101444,0.521813035,0.540736854,0.108473234,0.497408748,0.475418,0.125723362,0.463021338,0.458912611,0.129844472,0.435609877,0.46549505,0.131937906,0.530405,0.530995905,0.0659340471,0.50173533,0.447529942,0.0827157795,0.458131909,0.435512185,0.0845527127,0.4298428,0.449590266,0.0854192227,0.526339352,0.530948699,0.0229394976,0.496543258,0.447880566,0.0364379473,0.454036921,0.435021788,0.0419827588,0.423964798,0.441563487,0.0437631644,0.50912869,0.536646962,-0.0166291352,0.484057933,0.466921061,-0.00880154874,0.452531189,0.450471759,-0.00266693952,0.427331835,0.448826432,0.000583393965,c
0.540586948,0.720800757,-5.74833585e-08,0.483355641,0.705295742,0.00461047515,0.439044774,0.664149404,0.00317143765,0.401350617,0.642593622,-0.00539080333,0.367571056,0.619378507,-0.0124320472,0.479949325,0.545932591,0.0377346314,0.465303808,0.487345159,0.0288876854,0.437898844,0.46731627,0.0152017307,0.412564635,0.466303706,0.00632395316,0.492387176,0.537362635,0.0228445213,0.47650972,0.464009,0.0142539376,0.44241488,0.448952585,0.00389393652,0.415673643,0.459396034,-0.0016782782,0.502818346,0.535933197,0.00335223018,0.490006834,0.461026698,-0.00206754915,0.455158174,0.443921208,-0.00602232479,0.427206844,0.450033247,-0.00743411807,0.510711193,0.541295707,-0.018180022,0.499808073,0.479147732,-0.0214841887,0.472794563,0.453815877,-0.0233637653,0.447766513,0.447502851,-0.0240333453,c
0.536772788,0.729085207,-2.08411066e-08,0.478974134,0.715918124,-0.00708135543,0.427922398,0.683403611,-0.0116673792,0.384969711,0.661032438,-0.0202406961,0.350968301,0.635952353,-0.0271808058,0.456095159,0.564829588,0.0265338793,0.437777579,0.508850515,0.0180882141,0.415452331,0.487890899,0.0042591705,0.392284751,0.482004255,-0.00575150689,0.472908169,0.551552474,0.019168321,0.451438,0.487073094,0.0109624909,0.42368421,0.468202323,-0.00187486,0.398711652,0.469445,-0.0105427802,0.490781248,0.546250045,0.00694075506,0.472026,0.479293287,-0.000211024264,0.443516433,0.458464593,-0.00884503406,0.417502165,0.458605319,-0.0141317565,0.51094228,0.548539758,-0.00770460675,0.49697423,0.490843594,-0.0146873984,0.472605288,0.464946,-0.0207202695,0.448166311,0.45654276,-0.0243752543,c
0.527631938,0.724962711,9.50567127e-08,0.468092203,0.721258402,-0.015632594,0.417396396,0.692670166,-0.0237170346,0.376677513,0.671644032,-0.0330133028,0.344291627,0.645373225,-0.0406628363,0.437159568,0.573595703,0.015235438,0.417440057,0.513881743,0.00541886315,0.399135441,0.488443315,-0.0102221724,0.377822042,0.47777009,-0.0219480898,0.458772719,0.558948517,0.0122919539,0.437472492,0.494829059,0.00105142104,0.415968567,0.470889,-0.0157103427,0.394136548,0.468732864,-0.0267612413,0.481118262,0.553699553,0.00463848608,0.461274624,0.488237262,-0.00472373,0.440352,0.463645756,-0.0167457629,0.419229835,0.458714157,-0.0241562575,0.507320881,0.555835366,-0.00566202449,0.490894735,0.49988234,-0.0147621036,0.470495582,0.473377585,-0.0226966031,0.449332774,0.460006028,-0.0275660399,c
0.527154565,0.722249925,1.32088331e-07,0.465453804,0.720080793,-0.0168449581,0.415501952,0.69403851,-0.026583489,0.376546711,0.673429489,-0.0373418666,0.345043421,0.645272315,-0.0468373522,0.43287605,0.575138152,0.0122492323,0.413136929,0.514719725,0.00239805784,0.395499349,0.488152921,-0.0139506143,0.374191135,0.474985629,-0.026780054,0.456139922,0.559306741,0.00891299639,0.435568303,0.492962,-0.00391978538,0.414934933,0.468976289,-0.0234349687,0.393375218,0.467468321,-0.0364731327,0.479540288,0.554288685,0.00119063794,0.460691899,0.487565488,-0.00864377245,0.439188302,0.461555302,-0.0233510323,0.41758132,0.456218809,-0.0331167,0.50744009,0.557701349,-0.00913837366,0.490522206,0.501897275,-0.018884778,0.469415367,0.474234,-0.0286996551,0.447882801,0.459527671,-0.0354100354,c
0.529462397,0.726923168,7.44948423e-08,0.470859885,0.720986068,-0.0126383379,0.420169055,0.690557778,-0.0199370962,0.378849536,0.670568287,-0.0292235762,0.345481217,0.646472394,-0.0371772349,0.443231255,0.57095319,0.0172411744,0.422950208,0.512031853,0.00792118628,0.403729856,0.487512916,-0.00743701542,0.381465524,0.477698714,-0.0190163795,0.463450938,0.558090568,0.0125184963,0.442060232,0.493125975,0.00198011054,0.419119775,0.469487846,-0.0143286949,0.396324068,0.467871904,-0.0253012665,0.48463428,0.554419696,0.00335287233,0.465260357,0.487949044,-0.00502308924,0.442618847,0.463445544,-0.0165377036,0.420329958,0.459299952,-0.0239861235,0.508949876,0.558555365,-0.00829664804,0.493022263,0.501804948,-0.0164066255,0.471891016,0.474679857,-0.023817379,0.450287551,0.461364985,-0.0286121927,c
0.540191412,0.734391689,-1.44569636e-08,0.480416268,0.723995388,-0.000629614398,0.430680364,0.690107822,-0.00257664919,0.388912916,0.670672238,-0.0104095927,0.353535354,0.649704635,-0.0164382532,0.460321128,0.569866061,0.0362522602,0.441014051,0.512418,0.0290841833,0.415995896,0.494363964,0.0162176266,0.391706079,0.493762434,0.00751071936,0.474255532,0.558676302,0.0254028514,0.452578664,0.492011398,0.0193652865,0.421936512,0.475180507,0.00874513946,0.396731973,0.48266387,0.00205156975,0.488181263,0.553734601,0.00952279754,0.470512331,0.484723389,0.00512037659,0.438625544,0.467201084,-0.000456469163,0.411495268,0.473336875,-0.0033945546,0.502539,0.554703832,-0.00871657301,0.488745034,0.49602586,-0.012708134,0.462274194,0.473701298,-0.0163222961,0.437474757,0.471234053,-0.018161159,c
0.5452528,0.742934585,-1.04516985e-07,0.48677671,0.730266035,0.0108126597,0.442331553,0.691140115,0.0126202805,0.405304879,0.672544897,0.00628112862,0.371739179,0.653370857,0.00100471731,0.483422726,0.575660169,0.0434338413,0.462544203,0.519154489,0.0368629061,0.433975458,0.502343297,0.0248347856,0.407948792,0.505156875,0.0173279904,0.49645409,0.564317286,0.0260105152,0.471095294,0.496526897,0.0210785754,0.435873955,0.480759323,0.0119244475,0.408638746,0.490958512,0.00633497583,0.505322099,0.562070668,0.00441499474,0.482281417,0.490319103,0.00113856373,0.446092725,0.474051028,-0.00257407478,0.418260366,0.481050462,-0.00437418232,0.507898,0.567320049,-0.0185585488,0.488384396,0.506740928,-0.0205971152,0.459468305,0.48435232,-0.0218268204,0.43443644,0.480625331,-0.0223394837,c
0.57029134,0.741170466,-2.45974576e-07,0.514178336,0.723108888,0.0228757244,0.477567792,0.676969171,0.0292086359,0.445677,0.655697823,0.0261970554,0.418825269,0.636142612,0.023473097,0.533316314,0.571132243,0.0454954021,0.516989946,0.50572896,0.0423608,0.486787915,0.487950057,0.034636002,0.459148347,0.492273718,0.0302702971,0.545458674,0.561897755,0.0242244191,0.520051539,0.488771468,0.024778584,0.482412398,0.473323971,0.0206340849,0.454447538,0.481693208,0.0169963688,0.548388124,0.562572598,0.000340638275,0.521718323,0.486067116,0.000914725824,0.481836259,0.469762146,0.000152737892,0.452579737,0.475972861,-0.00143323594,0.539118826,0.568330824,-0.0235015284,0.517989218,0.503844559,-0.0225920714,0.489280105,0.482380599,-0.0218277462,0.464694351,0.479503065,-0.0222946517,c
0.601467669,0.744732499,-2.97826773e-07,0.543639064,0.719934,0.0232953466,0.512687445,0.669871449,0.0285241231,0.484055191,0.646386,0.0248515457,0.458966136,0.626131058,0.021333,0.580009758,0.568876505,0.0398240648,0.562682748,0.497024596,0.0337819457,0.528684616,0.479478478,0.0245796721,0.497677624,0.484953523,0.0197172221,0.592404485,0.562694848,0.0185707528,0.564319074,0.483337671,0.0175882671,0.522616804,0.467215598,0.0128084766,0.493094325,0.475553036,0.00835305545,0.591936707,0.566428781,-0.00485003646,0.564170182,0.48311016,-0.00504074525,0.522370875,0.464613855,-0.00647817692,0.492223501,0.468799055,-0.0090750074,0.576457441,0.574697137,-0.0278707631,0.557356238,0.505349338,-0.0277671982,0.529418,0.480668873,-0.0274654627,0.505256236,0.474251866,-0.0286077522,c
0.630857468,0.853954911,-2.12737064e-07,0.571271479,0.819640517,0.065887183,0.533795834,0.769199967,0.0912554935,0.502847,0.74263829,0.0959985182,0.469266176,0.719712317,0.0978432521,0.595069349,0.672137797,0.108090959,0.579735696,0.610157371,0.119897448,0.549816251,0.586163402,0.119648047,0.523484468,0.586303353,0.118558198,0.60810709,0.663976133,0.0622259155,0.58891809,0.584706366,0.0708441883,0.547066152,0.564041853,0.0675698817,0.515645742,0.571788192,0.0664727539,0.612496793,0.664182246,0.0148845995,0.593074203,0.582239509,0.0191564932,0.549523115,0.561362326,0.0219588038,0.516257226,0.564461708,0.0246961731,0.60594213,0.669846952,-0.0295547042,0.585703433,0.600138783,-0.0284278803,0.550964773,0.577489316,-0.0246684942,0.522513628,0.570423067,-0.0214803033,c
0.61270076,0.747861147,-2.7941141e-07,0.5553509,0.719912648,0.0306568835,0.52359885,0.668178141,0.039427571,0.493913472,0.643862605,0.0366784669,0.466808677,0.620314181,0.0336076,0.587603629,0.568771362,0.0553248711,0.572777927,0.499186158,0.0532312915,0.541603863,0.478193253,0.0463169366,0.513461709,0.48129946,0.0426234715,0.601022661,0.560341597,0.0291000586,0.577489495,0.479729891,0.0307874717,0.537348866,0.46110183,0.0275935736,0.50862211,0.468946755,0.0247282535,0.603245,0.561681688,0.000287892501,0.578939855,0.479017317,0.00177149416,0.536765039,0.459044844,0.00173928298,0.506441176,0.462748557,0.000450012391,0.591814399,0.567194641,-0.0280156154,0.573226154,0.497625887,-0.0266496874,0.543716073,0.472363055,-0.0254720356,0.518523,0.465971798,-0.0258678,c
0.586961,0.7418046,-1.57024488e-07,0.532745898,0.725118756,-0.000332995463,0.4936665,0.680069,-0.00505987694,0.460640132,0.654876,-0.0135045126,0.433320761,0.632958889,-0.0201698281,0.552622855,0.570262074,0.0129879303,0.540404618,0.49576962,-0.00236470229,0.507128179,0.477222204,-0.0173392054,0.477323532,0.484290183,-0.024930194,0.565595,0.563775659,0.0030476402,0.544786692,0.483644664,-0.0087892944,0.505357087,0.467444,-0.0179521199,0.47572431,0.476607978,-0.0226213317,0.569931567,0.56664747,-0.0102532869,0.546224177,0.487326533,-0.0183208436,0.507787943,0.469461739,-0.0220873673,0.478806376,0.473547697,-0.0233115852,0.563853145,0.578226566,-0.0248949639,0.545072794,0.515626848,-0.029111864,0.519605756,0.490036666,-0.0303397849,0.49793759,0.481275052,-0.030516969,c
0.534747303,0.748319924,-4.52909568e-08,0.480263501,0.742099047,-0.00335481972,0.430375576,0.705238223,-0.00639235042,0.389150709,0.68556869,-0.0143257044,0.355385095,0.66352576,-0.0200767424,0.463833898,0.584175348,0.0283702277,0.449368268,0.521982968,0.0166652519,0.422273248,0.504962742,0.0023459876,0.396604538,0.510488153,-0.00586732477,0.475629956,0.574878454,0.019184079,0.458325326,0.506144941,0.0103643881,0.426558167,0.491913617,0.00124268432,0.400299639,0.4993577,-0.00353434263,0.486339897,0.570745707,0.00487739,0.469748616,0.501488388,-0.00156951183,0.437651634,0.486302882,-0.00463104807,0.410782754,0.49104774,-0.00493933214,0.496287286,0.571856737,-0.0119254291,0.480524,0.510772705,-0.0160901584,0.454182625,0.489693,-0.0173144713,0.430282563,0.487431496,-0.0169184562,c
0.494501412,0.759419739,5.37467457e-08,0.435085297,0.765800893,0.000256198604,0.377768636,0.739391625,0.00160499092,0.332445711,0.724135876,-0.00331710372,0.294144243,0.704828858,-0.00630887179,0.402051091,0.609428287,0.0481776744,0.377091914,0.554388881,0.0475236923,0.350944579,0.539566875,0.0374191329,0.325453609,0.544071376,0.0300658327,0.415406,0.59485817,0.038029775,0.386537075,0.534758449,0.03881111,0.353823841,0.519578815,0.0287200399,0.328286171,0.528503239,0.0215702876,0.427919745,0.585910141,0.0224874783,0.401007354,0.52338165,0.0226292908,0.368062,0.507721603,0.0168079119,0.341213524,0.51586014,0.0133244107,0.441872716,0.581510544,0.0044818311,0.418503076,0.522631288,0.00285531883,0.389195323,0.503972,4.75764e-05,0.363536865,0.506452262,-0.00125568989,c
0.477342427,0.777688801,5.20381178e-08,0.409610748,0.783842683,0.00285777682,0.350425571,0.764604151,0.00473469961,0.302351713,0.753528178,-0.000811773061,0.260995746,0.734810233,-0.00515496451,0.367613882,0.628981173,0.0535260513,0.33927229,0.574391067,0.053579323,0.311254799,0.559718668,0.0430100895,0.284252077,0.563265681,0.0345002,0.382661223,0.612280726,0.0406657681,0.350837618,0.5493173,0.04060743,0.31544584,0.537062883,0.0289727952,0.28851667,0.548302174,0.0203526691,0.397868,0.602968097,0.0221432783,0.369165242,0.535819769,0.0211030338,0.333339304,0.522154689,0.0130373109,0.304447502,0.532135904,0.0074670543,0.415526479,0.599932849,0.00128498522,0.392914504,0.539299607,-0.00180000777,0.362743139,0.520987809,-0.00680551259,0.336179823,0.523511469,-0.0102786431,c
0.488784343,0.763656378,6.34945749e-08,0.424089223,0.771738946,0.0037346906,0.364018828,0.747522593,0.00838496443,0.3179636,0.734030128,0.00620057,0.278596073,0.715160191,0.00538327405,0.384194791,0.617265224,0.0558277071,0.357814521,0.562278867,0.0581237823,0.332120091,0.546448529,0.0487751849,0.306515962,0.549402058,0.0411670133,0.398662031,0.601760745,0.0444319956,0.369311273,0.541475952,0.0468469299,0.336630762,0.525106251,0.0353989899,0.311031282,0.533298969,0.0268071685,0.413312018,0.593544483,0.0276598781,0.385862231,0.529804885,0.0283610448,0.353232563,0.513832748,0.0201346092,0.325663388,0.521190584,0.0144723495,0.430363595,0.590378404,0.00883402489,0.406935364,0.531498075,0.00671149045,0.378010899,0.512789309,0.00196550018,0.351770639,0.512689769,-0.00120103499,c
0.517251492,0.752457261,3.87300823e-08,0.457021385,0.755375862,-0.00581070408,0.3987391,0.727566242,-0.00818035193,0.353084177,0.709948957,-0.0147756366,0.316102922,0.688048184,-0.0193707477,0.419011027,0.599402905,0.0328534134,0.395021945,0.540560186,0.0259010401,0.370827913,0.523087859,0.0122827813,0.346359432,0.525475085,0.00287100766,0.434058964,0.586048543,0.0255340766,0.40689975,0.523071885,0.0190901347,0.376959801,0.505473614,0.00573463,0.351922125,0.51265806,-0.00317496969,0.450013369,0.579450071,0.013053732,0.424316704,0.514596045,0.0074526635,0.394631177,0.495639622,-0.00168436591,0.36888653,0.500378,-0.00717663718,0.468677551,0.578095376,-0.00182457617,0.447650492,0.520538449,-0.00805378426,0.420652807,0.497582465,-0.0142944409,0.395267248,0.492987275,-0.0179698151,c
0.555486441,0.737154543,1.6045508e-08,0.497357,0.734877,-0.00710479915,0.442038387,0.703479707,-0.0104437098,0.39879638,0.681759536,-0.0170444753,0.36567229,0.654742181,-0.0218534786,0.466501057,0.584087491,0.024983706,0.445785344,0.526376188,0.0173562076,0.424278378,0.505328178,0.00439439388,0.401213109,0.501294315,-0.00454291143,0.483600736,0.5706352,0.0187939424,0.461240441,0.508138359,0.0126268193,0.435473233,0.486837089,0.00136211189,0.411604106,0.486780822,-0.00593746128,0.501499891,0.564689,0.00803290121,0.479760826,0.500302196,0.00323898159,0.454697609,0.47898373,-0.00287964987,0.431070328,0.477284104,-0.00649390835,0.521446586,0.565859258,-0.00510089612,0.504129052,0.509447634,-0.0106704049,0.481440127,0.486367077,-0.0146057485,0.458964,0.478606701,-0.0164635163,c
0.60796,0.73742795,-3.25329452e-08,0.54805845,0.727105141,-0.00880245678,0.495450377,0.691692,-0.0133916168,0.454310864,0.663619637,-0.0210005343,0.424018264,0.630246878,-0.0266640838,0.524410367,0.574293435,0.0226738788,0.506231,0.512648463,0.0124230227,0.485575199,0.48929286,-0.00281890761,0.46249193,0.482499361,-0.0131353224,0.542086,0.562390625,0.0169500355,0.521154642,0.495834291,0.00707995519,0.496108711,0.473367214,-0.00724387,0.472125709,0.471932024,-0.0162529815,0.560382724,0.558502555,0.00660328474,0.540422618,0.490787596,-0.00124163448,0.515192747,0.467417061,-0.0102208359,0.491138607,0.464325249,-0.015240564,0.581459522,0.561985,-0.00603466853,0.565342247,0.503450274,-0.0130443741,0.542052805,0.477051228,-0.0183567572,0.518722594,0.466802418,-0.0210298,c
0.638897061,0.739003778,-1.99407832e-08,0.578106463,0.725794435,-0.00946255866,0.526511908,0.688360512,-0.0139946556,0.486693084,0.657908142,-0.0211674068,0.45789212,0.622987,-0.0264324117,0.55753845,0.573150814,0.0217580963,0.540529966,0.511165202,0.0123535078,0.521493435,0.486677587,-0.00243542017,0.499331504,0.477255374,-0.012845017,0.576735795,0.560986042,0.0164923053,0.557737,0.494077921,0.00770479767,0.534693539,0.469473839,-0.00625888258,0.51165,0.465600818,-0.0155353332,0.59666115,0.557856739,0.00662320666,0.578609645,0.490041852,-0.000429925334,0.555775881,0.464860499,-0.0097092418,0.532916129,0.459114432,-0.0155513315,0.619492769,0.562505603,-0.00557001913,0.60538882,0.50439477,-0.0123194084,0.584167719,0.477972925,-0.0179259442,0.56220156,0.466296196,-0.0212296,c
0.617851555,0.867886,-2.1026527e-07,0.562667847,0.836697817,0.0499023236,0.524937034,0.781249642,0.0682308376,0.492820442,0.755086,0.0688299835,0.460365832,0.732354403,0.0674517527,0.590362251,0.681678772,0.0906358,0.575137734,0.616085112,0.098299481,0.544816077,0.592485964,0.0963068604,0.516755342,0.590820193,0.0941780582,0.604854405,0.673338115,0.051857926,0.582197428,0.591874,0.0569959469,0.540343,0.570039093,0.0529356301,0.508059144,0.57904011,0.0510873795,0.60964632,0.674936891,0.0105780922,0.585458577,0.58986342,0.0113770971,0.541256,0.569154263,0.0116281612,0.506184578,0.573771536,0.0127990143,0.601466477,0.683610857,-0.0290513746,0.578667819,0.611913562,-0.0306824371,0.54495281,0.587926328,-0.0297972504,0.51537025,0.582350492,-0.0288308952,c
0.670297861,0.741898894,3.37578605e-08,0.604270041,0.722101331,-0.00739876786,0.554925621,0.684693456,-0.0101254238,0.515642405,0.653111696,-0.0167482886,0.488919318,0.613854468,-0.0221925918,0.590416729,0.574281454,0.0336678289,0.574019,0.511718273,0.0282994024,0.556634068,0.483277977,0.0135274967,0.53545326,0.468034804,0.00150792452,0.611862779,0.561670423,0.0264424924,0.593526363,0.491681725,0.0183611158,0.570447683,0.464731306,9.97896277e-05,0.546685815,0.461527377,-0.0127394944,0.632753551,0.558300197,0.0143163847,0.616709232,0.487197667,0.00743243285,0.593003809,0.459319651,-0.00625789817,0.569349587,0.454704463,-0.0155694382,0.656782031,0.563568234,-7.16317663e-05,0.643651903,0.503635764,-0.00695045618,0.622852862,0.472881138,-0.0152462395,0.601315796,0.456950665,-0.0212273691,c
0.652575791,0.745324075,-1.68625047e-09,0.589973032,0.730073,-0.0124754095,0.53750515,0.692894,-0.0185042862,0.497971565,0.661090732,-0.0265856665,0.470959246,0.623586059,-0.0324981138,0.57008481,0.576850116,0.0195237398,0.554356337,0.512901664,0.00879622158,0.536172867,0.486881703,-0.00725307502,0.514263,0.476089299,-0.0185583644,0.590669632,0.564319611,0.0155178523,0.572797835,0.496096343,0.00440935651,0.550768793,0.471018106,-0.0114906728,0.527824223,0.46753481,-0.02161327,0.611960411,0.561074555,0.00671942,0.594246209,0.492340982,-0.00206050416,0.572281539,0.466270447,-0.0125892134,0.549798489,0.460632443,-0.0187596828,0.636908948,0.565494299,-0.00457607,0.622844517,0.507200241,-0.0122017497,0.602186561,0.479696721,-0.0183270853,0.580637753,0.467232555,-0.0216855351,c
0.606661439,0.755034924,-1.45902517e-08,0.543269932,0.746058702,-0.0104085514,0.489779174,0.714668274,-0.0156454742,0.44918865,0.687633276,-0.0234702434,0.420829356,0.653637528,-0.0293416418,0.518237591,0.594445288,0.0215560291,0.499902457,0.532505333,0.0113422638,0.480193019,0.508548737,-0.00443809386,0.458106607,0.500638187,-0.0154753458,0.537239313,0.580750465,0.0165489297,0.516176462,0.5132218,0.00620884355,0.492222697,0.49074018,-0.0090462761,0.469128758,0.490613222,-0.018788036,0.557222724,0.575565,0.00683266576,0.536866724,0.507213533,-0.0012634506,0.512460411,0.48366949,-0.0112107256,0.48933512,0.481632531,-0.0170699731,0.580883741,0.577611804,-0.00527920201,0.564310193,0.519728303,-0.0124478647,0.541565299,0.494329512,-0.0181404576,0.519246578,0.48533237,-0.0212052595,c
0.574365199,0.763990819,-4.21397761e-09,0.511415482,0.759440541,-0.0119778337,0.458056629,0.732035041,-0.017452253,0.41623494,0.708317935,-0.0252266843,0.38545388,0.677856266,-0.0311908424,0.48321718,0.61397016,0.0207909252,0.462599903,0.55452013,0.0106505686,0.441931635,0.531323075,-0.00511422707,0.419682115,0.524506688,-0.0161413737,0.502298653,0.59762758,0.0167889576,0.479066253,0.53251487,0.00661422452,0.454754531,0.510993063,-0.00895332918,0.432085812,0.511026323,-0.0189931188,0.522464633,0.59011817,0.0079939412,0.49949488,0.524185658,-0.000284422596,0.474829257,0.502449512,-0.0107432958,0.452387035,0.501242399,-0.0168065391,0.546060681,0.589623213,-0.0032864674,0.526764631,0.533099651,-0.0106680775,0.50291419,0.509384632,-0.016742846,0.480196089,0.50134784,-0.0200459175,c
0.56174612,0.768775344,2.07310276e-08,0.49719739,0.765815258,-0.00820974,0.443374544,0.740432501,-0.0104676094,0.400883168,0.717582226,-0.0160850454,0.368387461,0.689033031,-0.0202938411,0.466265202,0.622768879,0.0320272744,0.444045812,0.565750897,0.0276271123,0.423740774,0.543333054,0.0145153832,0.401114166,0.535131454,0.00400315691,0.485522,0.605574191,0.0261147711,0.460535169,0.542607546,0.0207366217,0.43543,0.520086586,0.00497076754,0.411745816,0.519486785,-0.00671850098,0.505319,0.597648203,0.015164216,0.482217222,0.53241092,0.00937784556,0.45661971,0.510119438,-0.00388975325,0.432456404,0.508717239,-0.0132324239,0.528652072,0.59640038,0.00198139646,0.508884549,0.541453779,-0.00476678694,0.485256255,0.517484188,-0.0133325,0.462072104,0.507509053,-0.0196264554,c
0.572780788,0.766668141,1.74578627e-08,0.51016593,0.762128651,-0.0105641959,0.456784874,0.733926415,-0.0155437784,0.414741457,0.710533559,-0.0231479537,0.383834392,0.679222524,-0.0288659018,0.481110632,0.613645911,0.0226688143,0.460656285,0.554356873,0.0134871462,0.439786643,0.531294346,-0.00166475028,0.417209864,0.52451849,-0.0124048889,0.499767154,0.59849304,0.017931914,0.476640344,0.533474088,0.00889802072,0.451390922,0.512234747,-0.00591148855,0.428155124,0.513028264,-0.0155961476,0.519142747,0.592041075,0.00843859,0.496696919,0.525577962,0.00121613243,0.470505983,0.504174411,-0.00874525867,0.446794599,0.504166722,-0.0147550767,0.541604638,0.592752516,-0.00352401845,0.523542166,0.535663545,-0.0103712212,0.499442279,0.511906,-0.0164308604,0.476545483,0.50451225,-0.0198784042,c
0.609031558,0.762134194,-7.51938956e-09,0.546459436,0.754386,-0.0109183779,0.492189169,0.722083509,-0.0159463044,0.450135678,0.694468141,-0.0232514646,0.421855688,0.659659326,-0.02864163,0.519447386,0.60231632,0.0203688312,0.498992145,0.540779114,0.00983223692,0.479034841,0.51574,-0.00624718936,0.456723303,0.507037401,-0.0176077969,0.538612545,0.588019371,0.0159443673,0.5166834,0.520370781,0.00451462576,0.49255991,0.497702479,-0.0116414363,0.468998194,0.49842608,-0.0217926092,0.558765411,0.583114445,0.006975,0.537689269,0.514735937,-0.00175033661,0.513249099,0.490823865,-0.0125988713,0.489899844,0.489068806,-0.0189883858,0.582422495,0.586107314,-0.00431913463,0.565872371,0.529125392,-0.0120627685,0.543379664,0.50285095,-0.0187046286,0.521106839,0.492046207,-0.0224464666,c
0.6410501,0.761742353,-3.89830497e-08,0.57627672,0.748938918,-0.0103653902,0.522575617,0.714859784,-0.0151871936,0.4825297,0.684246898,-0.0224983972,0.454930872,0.649180353,-0.0281274691,0.551838517,0.599514961,0.0212849472,0.534174323,0.537387908,0.0109623615,0.515814126,0.51297164,-0.00518524414,0.493993402,0.503575265,-0.0166784097,0.572204053,0.584494114,0.0165419467,0.551252306,0.516615629,0.00586605305,0.527769148,0.493418157,-0.0105435392,0.503887475,0.491583407,-0.0213768128,0.59376651,0.579631865,0.0072476347,0.573663533,0.510480702,-0.00178708439,0.550380349,0.486363292,-0.0132127581,0.526999593,0.483104348,-0.020121973,0.619420886,0.583532631,-0.0042340667,0.604269385,0.52506268,-0.0123243388,0.582185328,0.497602165,-0.0191347525,0.559049129,0.484865725,-0.0231727809,c
0.662564635,0.765990734,3.5708684e-08,0.597107828,0.757276893,-0.0150491903,0.542772353,0.727267265,-0.0234065484,0.502955198,0.697774827,-0.0330619,0.477726877,0.66000855,-0.0409563072,0.565237284,0.608928,0.0130272098,0.545828462,0.544327736,0.000157144343,0.528350115,0.516060293,-0.0174034555,0.507448316,0.502885401,-0.030011503,0.588397086,0.592575967,0.00968133,0.566073775,0.522311091,-0.00486357836,0.544809103,0.49783051,-0.0231958646,0.522683561,0.496068478,-0.0346170552,0.612361908,0.587389171,0.00189515727,0.590208948,0.517273903,-0.00975304749,0.567725599,0.491144836,-0.0219115093,0.545790613,0.48679781,-0.0287728515,0.640803516,0.591105521,-0.00827728212,0.62228924,0.532286406,-0.0184246581,0.59953469,0.504074,-0.0258161537,0.576777101,0.490091503,-0.0297999177,c
0.68224895,0.768549144,6.23269756e-08,0.615316272,0.756100476,-0.0166890379,0.562270343,0.727295816,-0.0256224386,0.524830937,0.69666183,-0.035558112,0.499689072,0.658588409,-0.0438254327,0.580469728,0.608210385,0.0130167212,0.561782718,0.542645574,0.000612698612,0.545568109,0.513139129,-0.0172821824,0.525424957,0.497772157,-0.0305802505,0.605372727,0.591219783,0.0100771552,0.583580792,0.519807816,-0.00476947054,0.563017428,0.494696021,-0.0243699607,0.540486753,0.492816806,-0.0368564241,0.630904436,0.586288095,0.00257131248,0.609663785,0.51451534,-0.00952559896,0.588019788,0.487264127,-0.0225423016,0.566129923,0.482011676,-0.0301668607,0.661588311,0.590499759,-0.007425786,0.643641829,0.53047663,-0.018001128,0.621886492,0.50131309,-0.0255412981,0.599717319,0.485263586,-0.0297622327,c
0.589601934,0.830270052,2.98978726e-08,0.524190366,0.838915706,0.0124282651,0.467107624,0.814805329,0.0220314674,0.423236,0.803027213,0.0225370545,0.383841723,0.790617526,0.0232679062,0.488697827,0.691212773,0.0701723322,0.46033892,0.640738606,0.07917732,0.434040308,0.625942707,0.0733404607,0.408450425,0.627163529,0.0673103929,0.501271069,0.673148096,0.054907795,0.469021,0.61703831,0.0639633,0.435556233,0.602722824,0.0547513068,0.410932124,0.612144113,0.0469413884,0.514277637,0.66211468,0.0346571952,0.483268529,0.602156758,0.0412270427,0.449152231,0.588537931,0.0352390856,0.421709836,0.597078443,0.0301920492,0.528856933,0.655721903,0.0127433538,0.500805259,0.602084816,0.0158486869,0.470369101,0.585946202,0.0140686529,0.443923205,0.587394238,0.0122451745,c
0.614595175,0.879252613,-2.1943967e-07,0.553635657,0.847408116,0.0695726573,0.513902724,0.796980083,0.0995839089,0.481301486,0.771698833,0.108086102,0.446670413,0.750654101,0.113629363,0.577123821,0.693383813,0.124219887,0.557594597,0.627457201,0.143063754,0.527256787,0.606100321,0.14561601,0.499505877,0.607667625,0.14571093,0.589142084,0.683310211,0.0783885196,0.563161731,0.602518797,0.0946514383,0.520655453,0.583209574,0.092393674,0.489814132,0.594102442,0.0905667245,0.590624869,0.682391107,0.0305983536,0.563827574,0.601350546,0.0413607098,0.519762337,0.583496451,0.0437112153,0.486545384,0.58922,0.0444354303,0.580765307,0.687188864,-0.0142445303,0.556330681,0.617566764,-0.00837560464,0.521580815,0.598688364,-0.00412604026,0.49295795,0.596199393,-0.00190873165,c
0.67949152,0.769516766,1.2452179e-07,0.617247224,0.760044634,-0.0235211961,0.567071,0.73639828,-0.0363679565,0.531824708,0.70986253,-0.0487800054,0.509110093,0.669935822,-0.0592213906,0.570868433,0.60710144,0.00712427497,0.554759562,0.543384731,-0.00431999145,0.541260779,0.513303936,-0.0226223767,0.522851825,0.494257182,-0.0373431183,0.598662436,0.589050055,0.00671649585,0.579250336,0.520628452,-0.00638534082,0.564004779,0.494249225,-0.026674632,0.544737399,0.487549037,-0.0410847589,0.626362324,0.584826291,0.00135137641,0.609270513,0.514968932,-0.0103629334,0.592355788,0.487116575,-0.0242641456,0.57307,0.479340106,-0.0334483087,0.659860611,0.589791715,-0.00702451449,0.643710494,0.528764844,-0.0184582286,0.625645518,0.500796854,-0.0265689325,0.60600245,0.484941155,-0.0317170657,c
0.602222204,0.879839778,-2.22289259e-07,0.541990697,0.852074385,0.0592402443,0.500470519,0.802597344,0.0835448876,0.46682924,0.778304756,0.0885829329,0.433318079,0.759822249,0.0912139341,0.562496126,0.696914375,0.106366463,0.543417335,0.630380809,0.119581141,0.511707246,0.610019326,0.120313704,0.482995689,0.612649918,0.119900152,0.575933039,0.68746531,0.0647566319,0.548627853,0.605899811,0.0751598403,0.50632906,0.586815476,0.0729412585,0.475573,0.598585606,0.0720579922,0.578988612,0.688251197,0.0208452847,0.549932361,0.605407774,0.0264499113,0.505756617,0.58803916,0.0281958207,0.471894264,0.594687819,0.0295731947,0.570127547,0.69573611,-0.0207497198,0.542937338,0.626666903,-0.0190446787,0.508434,0.606925845,-0.0167210773,0.479311377,0.603085518,-0.0152075393,c
0.584611058,0.879735112,-5.96011844e-08,0.522826672,0.863791347,0.0174863283,0.476017773,0.814612865,0.0239751935,0.436194956,0.794114351,0.0197215509,0.399155349,0.776664615,0.0159928352,0.520683885,0.69845432,0.0628341734,0.505103767,0.638089836,0.0625298396,0.477684438,0.619944155,0.0525057428,0.450482249,0.619534433,0.0449209213,0.534337401,0.689860165,0.0410634391,0.514179826,0.616275787,0.0403589606,0.477827728,0.599830031,0.0299783181,0.449104965,0.612011254,0.0231866781,0.545116842,0.688678086,0.0147339404,0.527008891,0.612233222,0.0142244138,0.488318622,0.59644568,0.0089814933,0.457539707,0.605939031,0.00585180707,0.55143106,0.693102479,-0.012898433,0.533620417,0.630115271,-0.0129035916,0.502074897,0.608428717,-0.0145497601,0.474463731,0.606511,-0.0159630794,c
0.579259157,0.881352246,-6.45835314e-08,0.516452432,0.866437674,0.00687989173,0.46624279,0.823170125,0.00772793265,0.423506379,0.803586245,0.00032108085,0.385462403,0.789014816,-0.00574404188,0.504008591,0.702481508,0.0469242521,0.485052854,0.642690659,0.0411470681,0.458705276,0.624466121,0.0283591617,0.433346659,0.625322342,0.019694984,0.518306136,0.691032946,0.0308633167,0.495416313,0.619560838,0.0253553279,0.461944878,0.603794217,0.0136296982,0.435387582,0.619570851,0.00667660078,0.531614542,0.686794579,0.0099983979,0.512702644,0.612129033,0.00672212755,0.476308018,0.596268475,0.000910236,0.446965456,0.608992457,-0.00195006724,0.543586493,0.688491881,-0.01285988,0.526571095,0.627451,-0.0151250912,0.496062756,0.605893,-0.0178665612,0.468678594,0.60716182,-0.0191764385,c
0.584734559,0.879435182,-5.1078846e-08,0.518488,0.866713,0.00646705693,0.465739459,0.826312,0.00672947289,0.421614259,0.808958888,-0.00134653843,0.382063597,0.794932485,-0.00841975212,0.499249309,0.701425612,0.0474407338,0.479095399,0.640192509,0.0413443744,0.452550739,0.623361886,0.0274013057,0.426172256,0.624249101,0.0173209235,0.515123785,0.689079881,0.030914532,0.491489589,0.614923596,0.0234324131,0.457518816,0.601689696,0.00901455712,0.430699587,0.618904531,0.000115851835,0.530503869,0.685465097,0.00961728301,0.509898901,0.60889411,0.00444887904,0.471926808,0.596651554,-0.00424897298,0.441405118,0.611452699,-0.00925156195,0.545538068,0.690270543,-0.0135277938,0.526733696,0.627946854,-0.0173920374,0.495596,0.608952343,-0.021997394,0.468090385,0.611722887,-0.0249764454,c
0.581458688,0.881383181,-3.04097e-08,0.519389451,0.872668505,-0.0076412987,0.464555174,0.835083425,-0.015191121,0.418757319,0.818882942,-0.027013259,0.378310025,0.808144569,-0.0380177721,0.489805967,0.70692271,0.0207821317,0.467095,0.643509746,0.00650811056,0.441811919,0.624240279,-0.0123500926,0.415383339,0.62502861,-0.0250428971,0.509596765,0.69467032,0.0112249563,0.485520184,0.620870173,-0.00393390516,0.45479393,0.605688512,-0.0227619354,0.427199304,0.618789554,-0.0343029425,0.5310449,0.692560196,-0.00288585271,0.511554539,0.615754426,-0.0146551505,0.479174584,0.59797442,-0.0283122193,0.450609148,0.606803775,-0.036093615,0.554432034,0.701554,-0.0191209968,0.536248147,0.637903571,-0.0283395592,0.50757885,0.613475,-0.0367212035,0.480113596,0.609928727,-0.041878581,c
0.577500939,0.877467871,6.71687133e-08,0.514851213,0.874924064,-0.0132752005,0.461063296,0.842615187,-0.0231807027,0.41768676,0.828898787,-0.0354203172,0.378717244,0.817103684,-0.0468661264,0.48016566,0.712056875,0.0135753276,0.458401322,0.644438267,-0.00146879617,0.436291128,0.623478353,-0.0220094975,0.412833512,0.625732362,-0.0358006395,0.503503442,0.698537886,0.00742423953,0.480703682,0.623452485,-0.00894950796,0.454560369,0.60457027,-0.0314838365,0.429225832,0.616531193,-0.0455379,0.527584851,0.696444452,-0.00311731827,0.50764364,0.622127175,-0.0145644415,0.480226785,0.599901676,-0.0316152684,0.454575151,0.605766654,-0.0422186814,0.555240691,0.704686761,-0.0159140844,0.53641367,0.644861758,-0.0255522709,0.511330307,0.61806,-0.0360212922,0.486624539,0.609526455,-0.042935,c
0.576771379,0.869516194,1.63149465e-07,0.515882492,0.871495545,-0.0177952312,0.464651227,0.842264593,-0.0306591261,0.423004776,0.827920258,-0.0446661822,0.384792954,0.814518809,-0.0576107726,0.479137212,0.712760389,0.00760935154,0.460553944,0.644176543,-0.00864075124,0.439437717,0.619305,-0.0303792469,0.417681307,0.620411158,-0.0449007303,0.503522754,0.697688699,0.00379254646,0.482748449,0.621418893,-0.0143064782,0.457832038,0.599630356,-0.0384667329,0.433888286,0.612143457,-0.0533038899,0.528853238,0.694090307,-0.00431454694,0.510199964,0.619278848,-0.0164654218,0.485410631,0.595921457,-0.0340602957,0.463119507,0.603956401,-0.0448297784,0.559641,0.700064242,-0.0149650946,0.542357683,0.640074074,-0.0248079989,0.519340813,0.612279892,-0.0354603827,0.497014493,0.603935,-0.0423166789,c
0.576017678,0.861967802,2.04933855e-07,0.517489195,0.866471529,-0.0227583349,0.468505949,0.839913,-0.0388214476,0.429501772,0.823685467,-0.0546981469,0.392919064,0.810205698,-0.0691631213,0.478765458,0.709615052,-0.000786671415,0.462753773,0.641005158,-0.0191836488,0.442634314,0.615694284,-0.040878173,0.421374589,0.616362393,-0.054970067,0.504290581,0.694946408,-0.00254781311,0.487216651,0.618303895,-0.0225221347,0.465232462,0.596970439,-0.0453092754,0.442664832,0.607341409,-0.0583555922,0.531141877,0.691615462,-0.00878316443,0.515111327,0.61662519,-0.0225265529,0.493627906,0.591941953,-0.0385922939,0.472943485,0.596716285,-0.0477469712,0.563064635,0.697999716,-0.0178832021,0.548247874,0.639492452,-0.029018797,0.528177261,0.610458553,-0.0389833562,0.508553267,0.599476039,-0.0447876938,c
0.577855945,0.854578853,1.55612341e-07,0.521037817,0.86095649,-0.0172744617,0.469640791,0.831734419,-0.0295994878,0.428364754,0.815318286,-0.0421280265,0.391560405,0.801987112,-0.0534961112,0.482160509,0.70554179,0.00141090155,0.465997249,0.637549937,-0.0151159912,0.446584195,0.611833453,-0.0345361605,0.425495,0.611035943,-0.0471145362,0.507200301,0.690786719,-0.00186080253,0.489384145,0.616791666,-0.0181673113,0.468191326,0.592158258,-0.0378680378,0.445315063,0.597207546,-0.0497990437,0.534316957,0.687313557,-0.00897457637,0.517205715,0.614377499,-0.0206437949,0.496959656,0.587936163,-0.0348725654,0.47627,0.588184834,-0.0434070341,0.565976143,0.693296075,-0.018331999,0.549869299,0.635884702,-0.0286051389,0.529911458,0.607050121,-0.03743558,0.509632,0.595403254,-0.0425308198,c
0,0,0,0,0,0,0,0,0,0,0,0,0,0,0,0,0,0,0,0,0,0,0,0,0,0,0,0,0,0,0,0,0,0,0,0,0,0,0,0,0,0,0,0,0,0,0,0,0,0,0,0,0,0,0,0,0,0,0,0,0,0,0,a
0.643946469,0.70963192,-5.44412046e-07,0.57976228,0.667507291,-0.00214623637,0.547146559,0.610325158,-0.00292067043,0.541984677,0.548245668,-0.00893461797,0.539551497,0.501912951,-0.0124945696,0.578875,0.552797,0.0239339,0.575103,0.503022492,0.00221285527,0.573777616,0.546077967,-0.0129845953,0.577021837,0.579325259,-0.0188862216,0.608489692,0.549996853,0.0157807767,0.604168117,0.497092932,-0.0060852929,0.600317717,0.551765263,-0.0153195122,0.603355348,0.582995474,-0.0153114097,0.638977766,0.552027583,0.00337066082,0.633264184,0.500723,-0.0171230696,0.627194107,0.554842293,-0.0113295866,0.630271733,0.587829173,-0.000535271,0.672164381,0.560145855,-0.00983865745,0.662552714,0.513651669,-0.0173274074,0.653450966,0.550718963,-0.00643481547,0.654402494,0.577736318,0.00536581175,a
0.64134,0.702666223,-6.1889034e-07,0.571356356,0.661613,-0.00355701102,0.535323918,0.599464595,-0.0049884906,0.528243601,0.531887412,-0.0117014796,0.523190618,0.481926799,-0.0154087134,0.56600368,0.535874903,0.0219511483,0.560280383,0.479750186,-0.00230882061,0.562462091,0.528148472,-0.0176696796,0.567346156,0.562972665,-0.0229659341,0.59918344,0.531653464,0.0133829033,0.592353046,0.474719435,-0.010158631,0.592328727,0.535258293,-0.0180579163,0.597124398,0.56670922,-0.0166295785,0.633102655,0.533243239,0.000129295528,0.62485379,0.478497028,-0.021848388,0.622469783,0.537809849,-0.013605467,0.627039969,0.570503533,-0.000865600072,0.669378757,0.541822314,-0.0141664911,0.657429099,0.491780698,-0.0215279702,0.650006592,0.532530069,-0.00846453477,0.652504623,0.560191,0.00492416136,a
0.620617867,0.698781,-6.25303414e-07,0.547723472,0.653062463,-0.00143872655,0.511769354,0.585549295,-0.00171154819,0.50597614,0.514794588,-0.00823838729,0.501540124,0.461695671,-0.0119320406,0.542736471,0.519043684,0.0271267388,0.537393212,0.461610734,0.00255184388,0.537356794,0.511420786,-0.014162452,0.542283952,0.549703121,-0.0204547606,0.576072037,0.513978601,0.0170037877,0.569374442,0.453367263,-0.0068046879,0.566550136,0.516981483,-0.0157637484,0.572259724,0.552529216,-0.0148521336,0.611526191,0.51612854,0.0020420209,0.604072154,0.457937539,-0.019876102,0.597749412,0.5204705,-0.0118242223,0.602416813,0.558384418,0.000912620162,0.649898171,0.525835872,-0.0139875496,0.639563441,0.472736686,-0.0210898034,0.628350914,0.514148891,-0.00801140349,0.629102945,0.544880807,0.00545135187,a
0.57299453,0.701376438,-6.38816118e-07,0.497213632,0.655690551,-0.00246114656,0.459139109,0.585993826,-0.00375201739,0.453124344,0.512981236,-0.0111028673,0.450713903,0.45694381,-0.0158743672,0.491436154,0.51579839,0.0253467821,0.488054752,0.455811858,-0.000299606269,0.486174226,0.504835427,-0.0186007731,0.491082489,0.545347333,-0.026168,0.525492251,0.509358168,0.0148308957,0.520361125,0.444696665,-0.00938166,0.516809344,0.506739,-0.0194261968,0.52294296,0.545620382,-0.0193840638,0.561410904,0.50951463,-0.000584730646,0.555276394,0.448136449,-0.022072928,0.548956,0.510114312,-0.0139657892,0.554417,0.549825311,-0.00167017174,0.600734115,0.518517315,-0.0173467062,0.589433193,0.463169903,-0.0248383135,0.580155,0.506553113,-0.0114758648,0.583571196,0.539416134,0.00203377684,a
0.515520215,0.716108918,-6.69129065e-07,0.44105798,0.672065556,-0.00094384019,0.402905911,0.599528968,-0.00149275991,0.395843595,0.526289105,-0.00869625155,0.391014814,0.468819857,-0.0134850945,0.435674429,0.522262692,0.027208237,0.427580059,0.455963135,0.00306026475,0.420302093,0.503794849,-0.0136292288,0.42545107,0.544210672,-0.02044308,0.468208611,0.515987754,0.0156432837,0.457443148,0.445202589,-0.00776863,0.447923064,0.509539485,-0.0162099451,0.456688702,0.548408,-0.0148789017,0.503812253,0.517588854,-0.000835544895,0.492774308,0.451218516,-0.0226505734,0.482096672,0.516746461,-0.0140943117,0.490507066,0.55706203,-0.00121759495,0.543662488,0.527551353,-0.0184588972,0.529306889,0.467894375,-0.0264469236,0.515936494,0.514171898,-0.0129195396,0.520426095,0.548778355,0.000880730397,a
0.481768847,0.721134126,-6.78411823e-07,0.405886292,0.685319901,-0.000870676769,0.366300464,0.613953829,0.000220136193,0.358309418,0.540238738,-0.00529949879,0.35124436,0.484675497,-0.00794397946,0.399749964,0.538042903,0.0298555791,0.388433546,0.476495326,0.00499747833,0.383400857,0.527928293,-0.00964796823,0.388823152,0.56324923,-0.0143199917,0.431757629,0.530913472,0.018982416,0.419068187,0.47171244,-0.00566430902,0.413372844,0.54199,-0.0127711874,0.423354328,0.569955587,-0.00979783759,0.467194617,0.530976117,0.00284052594,0.452405453,0.474737167,-0.0221328512,0.446823806,0.546747923,-0.0118870232,0.458453029,0.579047501,0.00339877349,0.507496893,0.53753,-0.0142063955,0.488307267,0.484673232,-0.0237705261,0.478699267,0.536277,-0.00904728658,0.487148613,0.566879034,0.00648222025,a
0.473759055,0.722694576,-7.13539748e-07,0.394216567,0.694843352,-0.0034697582,0.350293547,0.626756191,-0.00292278687,0.339501321,0.551228285,-0.00846650172,0.33393532,0.495721102,-0.0102697667,0.383960158,0.548386097,0.0291090365,0.37099275,0.488085777,0.00156481075,0.371175438,0.545386791,-0.0141322305,0.378921211,0.579960465,-0.0188930016,0.418045551,0.540278673,0.0195270199,0.403699726,0.480276704,-0.00899018627,0.404294848,0.555151045,-0.0162042193,0.416064829,0.581384301,-0.0121276211,0.454288363,0.537888885,0.00408867281,0.43767482,0.479761541,-0.0246110689,0.436943024,0.556877613,-0.0133255143,0.450093865,0.588475,0.00408803206,0.495491982,0.540856302,-0.0124274231,0.475571543,0.489571095,-0.0238793585,0.468147248,0.544325054,-0.00892981701,0.47700727,0.573800147,0.00749393366,a
0.512877762,0.707503796,-6.46472074e-07,0.437467545,0.670709968,-0.00184513733,0.395055026,0.60585326,-0.0022922561,0.382570714,0.535854518,-0.00888191909,0.380701303,0.481531203,-0.0125455325,0.423076034,0.533443928,0.026432436,0.411616594,0.481879503,0.00181333546,0.412846863,0.535747,-0.0133733097,0.421401531,0.564346313,-0.0194960274,0.455815315,0.5261181,0.0156037062,0.443071127,0.474924654,-0.00858985633,0.442624748,0.5411098,-0.0155077428,0.452523112,0.563321,-0.0133881057,0.491320133,0.525114,-0.00042712281,0.477884531,0.476861507,-0.0234003607,0.473954022,0.54119575,-0.0132331047,0.483004302,0.566759288,0.000536367763,0.530860543,0.531299889,-0.0176187,0.51247263,0.486699164,-0.0251870397,0.50488764,0.53314662,-0.010737746,0.512509227,0.557881951,0.00350187137,a
0.564388,0.696670532,-6.19641355e-07,0.49356845,0.65587455,-0.00509498455,0.453236312,0.586644232,-0.00766747864,0.443774283,0.519790888,-0.0152902659,0.441741228,0.467890799,-0.0201985,0.479901403,0.516244352,0.0174249262,0.472672552,0.468257844,-0.0091222208,0.472638845,0.520457387,-0.0265936106,0.47886923,0.553060949,-0.0342036895,0.513358951,0.513169706,0.00774144288,0.505997,0.464020312,-0.0165628772,0.504664183,0.525793433,-0.0248595756,0.511053801,0.553166151,-0.0247056913,0.548659325,0.516594768,-0.00674919924,0.540565848,0.468989551,-0.0293821152,0.536138713,0.529208481,-0.0201503206,0.541749,0.559270144,-0.00793730095,0.586780667,0.527353227,-0.0225847904,0.573571742,0.481643975,-0.0310720112,0.566839159,0.524735689,-0.0172707438,0.570974648,0.551227,-0.00381751684,a
0.644467592,0.675705373,-5.57757744e-07,0.577842236,0.630422354,-0.00597282499,0.541756272,0.561218262,-0.00770903146,0.535536468,0.491914362,-0.0141593218,0.541969121,0.440285742,-0.0173886139,0.573936522,0.499174416,0.0207742807,0.572929859,0.448028296,-0.00443555973,0.570016623,0.497680217,-0.0193976182,0.573722363,0.526461482,-0.0251226146,0.608496904,0.500393,0.012453353,0.60711813,0.448238075,-0.0124129727,0.600737393,0.509826303,-0.0196630117,0.604806244,0.53297168,-0.0178829785,0.643376291,0.507284045,-0.00100460707,0.641498089,0.458822131,-0.0252958313,0.631979465,0.518123388,-0.0161397159,0.634301245,0.543957472,-0.00277850032,0.680361211,0.521053135,-0.0156702269,0.672069192,0.475175947,-0.0246092621,0.662248254,0.517205,-0.0110769253,0.664134443,0.541510463,0.00264961366,a
0,0,0,0,0,0,0,0,0,0,0,0,0,0,0,0,0,0,0,0,0,0,0,0,0,0,0,0,0,0,0,0,0,0,0,0,0,0,0,0,0,0,0,0,0,0,0,0,0,0,0,0,0,0,0,0,0,0,0,0,0,0,0,a
0.678148866,0.681012213,-5.91534786e-07,0.608876,0.626525,-0.00373441027,0.574456692,0.556351721,-0.00433586258,0.571506083,0.481736749,-0.0104962904,0.580822229,0.428751945,-0.0131620904,0.610910296,0.496904,0.028925132,0.613096416,0.440717429,0.00339577277,0.609083354,0.489709437,-0.0128399087,0.608403325,0.521507621,-0.0188770387,0.646807849,0.499967098,0.0201819614,0.647484899,0.443130672,-0.00581570854,0.640532255,0.506340384,-0.0150807137,0.640449286,0.532928,-0.0139910905,0.682674587,0.507914245,0.00608028052,0.681774557,0.454096347,-0.0193607882,0.672343135,0.515879512,-0.0110971425,0.672145784,0.544882238,0.00266068778,0.720473588,0.52233541,-0.00900745578,0.714523137,0.4734025,-0.0177422594,0.703068674,0.517034471,-0.00397289358,0.702510357,0.543049037,0.0104190838,a
0.647765696,0.681710958,-5.45218199e-07,0.580450416,0.633513927,-0.00544120511,0.546766639,0.564506412,-0.00753096677,0.543044746,0.494944781,-0.0145547111,0.549086273,0.442984819,-0.018423697,0.581547,0.503489614,0.0218476988,0.58339721,0.447635144,-0.00273744,0.578775585,0.494382173,-0.0186515432,0.579658806,0.528512299,-0.0249280911,0.615578175,0.504406333,0.0136351651,0.616453171,0.448640049,-0.0103841117,0.608666956,0.507722616,-0.018857304,0.610160708,0.538149536,-0.0180517342,0.650123656,0.511347055,0.000453917542,0.649303377,0.460017622,-0.0218274929,0.639242947,0.516654253,-0.0137820803,0.639836907,0.548550963,-0.00154776475,0.68677,0.525689065,-0.0139902858,0.680665,0.477140933,-0.021848524,0.669531107,0.515940964,-0.00912794191,0.669178188,0.542974293,0.00386636681,a
0.596444,0.696655154,-5.40634915e-07,0.528237283,0.65023607,-0.00223474763,0.492263138,0.584092259,-0.00255377218,0.485028684,0.518929601,-0.00859277323,0.488864124,0.467540771,-0.0117542958,0.523522615,0.519281209,0.0280591119,0.519247055,0.468871355,0.00664168224,0.514428794,0.51363194,-0.00797160063,0.517779887,0.543114722,-0.0141229266,0.555284262,0.515590966,0.0187220909,0.550859094,0.463858902,-0.0023032655,0.543288231,0.520171165,-0.0102720484,0.547685,0.546277761,-0.00962568633,0.589236617,0.519146681,0.00451716548,0.583770514,0.470626414,-0.0153777404,0.573827147,0.524694324,-0.00822619069,0.577454031,0.552620113,0.00279810862,0.626113355,0.530224383,-0.0107742501,0.614855528,0.483478159,-0.0169128124,0.603555322,0.521216869,-0.00446642563,0.606110692,0.545783937,0.00796164479,a
0.524269104,0.717760563,-5.78475863e-07,0.452549934,0.680023,-0.000859737745,0.414378315,0.620075941,-0.00109724759,0.406309932,0.557080209,-0.00746463,0.403681517,0.507166326,-0.0112707214,0.442846388,0.554215431,0.0263578743,0.432706445,0.502942145,0.00388186774,0.431075573,0.548542678,-0.0107717738,0.437429726,0.579936206,-0.016284477,0.474249363,0.546566784,0.0159336664,0.465166658,0.491640836,-0.00594547344,0.461244583,0.549644411,-0.0129602505,0.469501346,0.577777088,-0.0110779535,0.508056045,0.545756817,0.000778042071,0.497510016,0.494842768,-0.0193232708,0.491189033,0.552061439,-0.0107510388,0.498785973,0.581346393,0.0015529939,0.545465112,0.552129,-0.0154567398,0.530199707,0.503782749,-0.0214270428,0.52063,0.543767095,-0.00782006,0.52570051,0.570631742,0.00557080144,a
0.476239443,0.739486098,-6.41125894e-07,0.402615905,0.714067757,-0.00312198512,0.360050172,0.656953573,-0.00431872671,0.347548127,0.589163244,-0.0112019815,0.343548864,0.536643326,-0.015202689,0.386481404,0.584445357,0.0236636568,0.373756,0.528423548,-0.000538717955,0.374186784,0.577995837,-0.0147754019,0.382660776,0.609765887,-0.0195640065,0.417867959,0.575012684,0.0144127412,0.404877514,0.517978191,-0.00922883488,0.404401749,0.582143247,-0.0153624648,0.414767683,0.609036267,-0.0124394167,0.451992393,0.570600271,0.000161239324,0.437230766,0.517473757,-0.0231055468,0.435437232,0.58271116,-0.013218293,0.446170747,0.612424612,0.000926980807,0.490547031,0.572248578,-0.0151170231,0.471167892,0.524343193,-0.0233821291,0.464282513,0.571609914,-0.00929991622,0.471948743,0.6000368,0.00500458106,a
0.461600363,0.749080718,-6.59456873e-07,0.386673599,0.730360448,-0.00388095528,0.341225594,0.673112512,-0.00361267617,0.326816738,0.603329182,-0.00895148329,0.321761638,0.551432,-0.0109693091,0.368579507,0.598431349,0.0270296894,0.353506505,0.545185447,0.00151081441,0.357713193,0.597262919,-0.013050423,0.367112547,0.628134489,-0.0174889788,0.401129723,0.587068737,0.0184365977,0.385094583,0.533584654,-0.00815512333,0.390229255,0.601832509,-0.0150666535,0.402171165,0.626139581,-0.0114041893,0.435580075,0.581042886,0.00434031943,0.417517573,0.528284192,-0.0227849409,0.420919955,0.598973155,-0.0128528643,0.433862627,0.628070295,0.00311255059,0.474781811,0.580311298,-0.0107265878,0.453656167,0.534586966,-0.0220199302,0.449602544,0.585664928,-0.00868444797,0.458611161,0.613211036,0.00627425034,a
0.498604834,0.728054047,-6.09050119e-07,0.426294208,0.70035851,-0.00461985637,0.381444812,0.642086148,-0.00701225363,0.368931144,0.576310873,-0.0142357508,0.361463964,0.52561748,-0.0182382334,0.403087169,0.571471393,0.0167253725,0.392968655,0.518860877,-0.0092773,0.396848112,0.567798793,-0.0238299426,0.404668927,0.598546088,-0.0285325572,0.43641147,0.562744439,0.00763836643,0.426716298,0.509847105,-0.0178521741,0.429626673,0.572523892,-0.023529036,0.437783748,0.598418236,-0.0203005429,0.471721411,0.559415519,-0.0062612677,0.460335195,0.509893596,-0.0304299481,0.461151272,0.57214576,-0.0200831611,0.469643146,0.600262463,-0.00577096501,0.51027745,0.562204659,-0.0212521609,0.493689358,0.516464353,-0.0301874168,0.489912152,0.561093211,-0.0161853842,0.496403217,0.586988568,-0.00194124237,a
0.55357635,0.705390453,-6.25005953e-07,0.4834629,0.662573576,-0.0020962453,0.444370359,0.600237727,-0.00422950741,0.434637904,0.534479678,-0.0120810475,0.437126219,0.482955873,-0.0171240121,0.471453935,0.533126056,0.0213599037,0.464764118,0.480748504,-0.0035716407,0.464378834,0.530096292,-0.0193098299,0.47088328,0.56184876,-0.0255562067,0.503559053,0.528563678,0.0110511677,0.495507568,0.476237923,-0.0126378313,0.493356228,0.53572619,-0.0195328407,0.500644326,0.562917829,-0.0178901423,0.537887096,0.529204726,-0.00399427302,0.528972805,0.481456935,-0.0255315378,0.523860574,0.539426,-0.0160586257,0.529943228,0.568130195,-0.00331855216,0.575006664,0.53721559,-0.020144809,0.560260177,0.492468059,-0.0268120281,0.552124679,0.534482181,-0.01281852,0.556674898,0.56021136,0.000734253437,a
0.615822792,0.686720848,-5.7130552e-07,0.548245072,0.636753559,-0.00411670422,0.513790369,0.568102479,-0.00601071585,0.508378088,0.499608427,-0.0129701877,0.513867438,0.447501779,-0.0169370603,0.545217752,0.505960703,0.0213989504,0.546400547,0.454306692,-0.0034043754,0.544072151,0.50369674,-0.0192793105,0.546741962,0.535753071,-0.0257147532,0.578798115,0.506605566,0.0123679023,0.57848835,0.454272866,-0.0116462503,0.573685527,0.514282107,-0.0195786543,0.577225387,0.541075885,-0.0187279582,0.613284349,0.513318717,-0.00144509203,0.611443877,0.465092778,-0.0239414,0.603242397,0.522286057,-0.0151427444,0.60549283,0.551265895,-0.00264739618,0.64985466,0.527189314,-0.0163732972,0.641531408,0.481257051,-0.0238832906,0.632140517,0.521909833,-0.0101756761,0.633817434,0.547154844,0.00333047216,a
0.657340586,0.688340187,-6.10210293e-07,0.590762794,0.627664268,-0.00543686328,0.561070383,0.553050697,-0.00679264544,0.563371956,0.478611767,-0.0134690292,0.572459221,0.425353229,-0.0163809713,0.603638291,0.493043065,0.0265168622,0.607218802,0.438058913,0.000317288534,0.598161876,0.489815772,-0.0148971379,0.597500205,0.521285415,-0.0201468095,0.638364851,0.49856171,0.0179108828,0.641738415,0.443917841,-0.00765784504,0.628737569,0.509348571,-0.0143949846,0.629713476,0.531664133,-0.011729355,0.673631728,0.510634422,0.0035145178,0.675160229,0.458410501,-0.0223802086,0.660607398,0.521787703,-0.0122127095,0.661650658,0.54692471,0.0026660373,0.71072948,0.529865384,-0.0120696686,0.707304716,0.480474949,-0.0214164071,0.691853642,0.524936795,-0.00681861024,0.691635847,0.549210727,0.00824303459,a
0,0,0,0,0,0,0,0,0,0,0,0,0,0,0,0,0,0,0,0,0,0,0,0,0,0,0,0,0,0,0,0,0,0,0,0,0,0,0,0,0,0,0,0,0,0,0,0,0,0,0,0,0,0,0,0,0,0,0,0,0,0,0,a
0.656789422,0.695208371,-6.43946862e-07,0.590284169,0.629487216,-0.00575762335,0.5624125,0.551316381,-0.00745711476,0.567659676,0.476253,-0.0145405158,0.578189909,0.4227947,-0.0179200042,0.60873419,0.492287457,0.0251082219,0.616266966,0.436148345,-0.00251883524,0.604760706,0.489654809,-0.0184627175,0.602633238,0.522531867,-0.0239039548,0.643515825,0.499807894,0.0163849797,0.650276542,0.444322109,-0.0108053805,0.635662377,0.510539651,-0.0177820493,0.636389136,0.534244657,-0.0149504915,0.678647459,0.512240767,0.00184645283,0.681343198,0.461223245,-0.0246681906,0.665537655,0.525197506,-0.0141252093,0.665923119,0.550726,0.0010654052,0.715336,0.531321943,-0.0139699224,0.711513758,0.481554031,-0.0232117772,0.696033,0.527290523,-0.0078969663,0.695691645,0.552670956,0.00768182846,a
0.609249413,0.700483203,-6.45824059e-07,0.542075872,0.642882288,0.000681174,0.51293987,0.568003178,0.000909744645,0.512659848,0.498420715,-0.00566308387,0.519828141,0.445533663,-0.0100551462,0.555086076,0.504412711,0.0278414078,0.548598,0.450732201,0.00500204973,0.538782775,0.499930382,-0.0102433525,0.543338299,0.533869743,-0.0167059414,0.586095452,0.506270707,0.0158498567,0.579010189,0.450368762,-0.00678145839,0.567813575,0.512631238,-0.0142153157,0.575847507,0.544357896,-0.0125612384,0.619773209,0.515052855,-0.00078631792,0.610817134,0.462946,-0.0212539751,0.597410381,0.522919,-0.0115293739,0.603581488,0.55522269,0.00131111441,0.65667963,0.532550573,-0.0184921399,0.643363893,0.484146476,-0.0246552397,0.62877357,0.52619952,-0.0102806408,0.632939816,0.553973198,0.0035022588,a
0.56036365,0.710989714,-6.28022462e-07,0.485803664,0.673138,-0.00550198089,0.441847086,0.611037254,-0.007548152,0.428708911,0.538674533,-0.0147616267,0.429658592,0.484213114,-0.0182781201,0.466364264,0.542543054,0.0231973212,0.459733218,0.483352542,-0.00249050744,0.463590175,0.535163879,-0.0175224114,0.469776392,0.565033376,-0.0228602104,0.50052923,0.534977853,0.014895102,0.493946016,0.479251206,-0.00962772314,0.496300101,0.543039203,-0.0159234088,0.502407193,0.566498876,-0.0134669701,0.536389828,0.532904,0.00110912696,0.527726,0.482446432,-0.0229994059,0.527190447,0.544384062,-0.0130461734,0.533014357,0.571109653,0.000938189041,0.574850559,0.537783861,-0.0139546841,0.560820699,0.490448117,-0.0221140739,0.555765688,0.53558439,-0.00779067213,0.560611606,0.561600089,0.00653133355,a
0.518403232,0.710879326,-5.50587686e-07,0.450446904,0.704832911,-0.0207693707,0.396821171,0.640664816,-0.0238393433,0.37463361,0.559683323,-0.0277035087,0.366957963,0.503171682,-0.0248820577,0.411443204,0.564839482,0.0184725691,0.409647077,0.504817247,-0.0112407068,0.422942907,0.562332213,-0.0250966027,0.424355596,0.586763322,-0.0286109429,0.44818306,0.55246377,0.0180761162,0.447003067,0.499187618,-0.0117103271,0.457392275,0.568602383,-0.0172117874,0.453278273,0.581759632,-0.0120469611,0.482606113,0.546491742,0.00970662,0.481644869,0.502801061,-0.0217392072,0.489220738,0.567303419,-0.0128384782,0.486468673,0.582389176,0.00280324183,0.518834233,0.543177664,-0.000932983705,0.515592,0.505954206,-0.0142012909,0.518238127,0.552201211,-0.0030647011,0.51841867,0.569571733,0.010282713,a
0.495164126,0.730826855,-5.93280561e-07,0.424872816,0.719718277,-0.0207948219,0.369480044,0.657565057,-0.0252104867,0.346897423,0.575986385,-0.0309532806,0.340858728,0.514878511,-0.0305166394,0.381593913,0.57438755,0.0190419462,0.380681098,0.514815211,-0.0135108465,0.394845098,0.568972766,-0.0305526797,0.397317767,0.594463825,-0.0358016603,0.41918245,0.562905,0.0174832679,0.418921411,0.509114683,-0.0158994403,0.43101874,0.580196142,-0.024866078,0.427333504,0.595300198,-0.0214598477,0.455028981,0.557198048,0.0079916995,0.455721289,0.513102591,-0.0281810239,0.463681281,0.582336485,-0.0211787559,0.45967,0.59865737,-0.00551982,0.492292196,0.554948628,-0.00340062263,0.489000201,0.513725102,-0.0196097214,0.491167963,0.566023469,-0.00792076252,0.489790261,0.586924434,0.00671632029,a
0.486599058,0.740522385,-5.89993931e-07,0.416284382,0.731939793,-0.0271520987,0.357678711,0.671088517,-0.0335169137,0.331871122,0.588035703,-0.0398787,0.324290246,0.525016248,-0.0387263261,0.366110325,0.584676147,0.0170086324,0.364943,0.52181083,-0.0180292856,0.381465882,0.582385421,-0.035791833,0.382346898,0.607495368,-0.0413221531,0.404332101,0.572164357,0.0181533489,0.404193491,0.514708221,-0.0192581639,0.418122381,0.590277731,-0.0292395316,0.41101566,0.604403138,-0.0254438799,0.440235019,0.565448284,0.0104063405,0.441239208,0.518829286,-0.0293746367,0.450492024,0.59164995,-0.0227399599,0.443052471,0.605732441,-0.0063597085,0.477118015,0.561354101,0.000252256112,0.474999189,0.520906627,-0.0182153843,0.47853139,0.575259149,-0.00753005408,0.475311071,0.594148576,0.00691400561,a
0.500249565,0.729844749,-6.04218258e-07,0.430266261,0.711137354,-0.0215503331,0.376118481,0.646611273,-0.0274976734,0.354159743,0.564103484,-0.0347230397,0.351662606,0.500941098,-0.0357729718,0.388576746,0.565295041,0.015916191,0.38729018,0.504842043,-0.0165254511,0.399427474,0.562027574,-0.0329472832,0.401174456,0.587728262,-0.0382291935,0.425301492,0.554781,0.0143446205,0.424937755,0.502225518,-0.0180795379,0.434478045,0.573784,-0.0254110042,0.431055367,0.588378668,-0.0216549374,0.461222947,0.550250828,0.00480011338,0.460884631,0.507054329,-0.0298879,0.466641188,0.576170206,-0.021401437,0.463654846,0.592117906,-0.00576888,0.498939246,0.550524414,-0.00694938283,0.494814128,0.511646569,-0.022764435,0.495486379,0.564102769,-0.0111528784,0.495062202,0.584435701,0.0028758077,a
0.547370851,0.711997032,-6.63416188e-07,0.479100406,0.669409871,-0.0154506247,0.438108027,0.591916919,-0.0203908179,0.429921746,0.510324597,-0.0280875135,0.433965415,0.451190084,-0.0307224058,0.463283,0.519478917,0.0151343662,0.468874454,0.46183458,-0.0170006286,0.46921134,0.522538,-0.0341157466,0.468894571,0.547612071,-0.0406609848,0.500463307,0.520657301,0.0094848685,0.505283,0.468310416,-0.0221875086,0.500477612,0.539234519,-0.0289285947,0.497878283,0.553125,-0.0258234143,0.536735415,0.526647687,-0.00332777784,0.541462421,0.483941317,-0.0341200344,0.53307271,0.550092161,-0.023650635,0.529175639,0.562828362,-0.00892481301,0.574629545,0.538354397,-0.0184117574,0.574174285,0.500947535,-0.0307008289,0.565625846,0.551448822,-0.0172520429,0.56351161,0.568995178,-0.00350016193,a
0.611114264,0.704893,-6.54192831e-07,0.550299227,0.649483681,-0.0193703547,0.522132933,0.559628665,-0.0252782796,0.528652966,0.474408209,-0.0329425037,0.544961154,0.417027473,-0.0351708047,0.564154506,0.494413942,0.0116089182,0.573540449,0.43926096,-0.0210227892,0.56338805,0.501042426,-0.0363731608,0.560313344,0.523653865,-0.0416074656,0.60008651,0.506126106,0.00766404066,0.607695,0.458450705,-0.0248354357,0.592381477,0.53079021,-0.0297926068,0.589632392,0.539962649,-0.0249797907,0.634700954,0.522973657,-0.00397527963,0.640755236,0.48563844,-0.038105987,0.623935819,0.553987801,-0.0268158615,0.620888352,0.561991572,-0.010552818,0.671221137,0.544751048,-0.0179038644,0.670173764,0.514399409,-0.0330065116,0.655782759,0.565694213,-0.0201187246,0.654482603,0.578141809,-0.00622388953,a
0.658677,0.712732732,-6.80048061e-07,0.598028839,0.649439752,-0.0206724275,0.573688686,0.554621875,-0.0243828017,0.59023869,0.467972249,-0.0291868914,0.609253764,0.411392897,-0.0276279859,0.622240961,0.492463857,0.0181587208,0.640882194,0.446253955,-0.0135797337,0.626300395,0.506349385,-0.0290514193,0.617586136,0.522069156,-0.0340329707,0.658969402,0.512165248,0.016472267,0.675654471,0.472952276,-0.0159957707,0.654256284,0.545033395,-0.0223644823,0.646029711,0.545274734,-0.0182170086,0.692752182,0.533927739,0.0065154531,0.707363307,0.501012444,-0.0301230662,0.684569478,0.569859922,-0.0217832066,0.677181184,0.570515752,-0.00636889413,0.727768421,0.557866931,-0.00543210749,0.737219512,0.526876926,-0.0223221,0.717552543,0.580011487,-0.0105959764,0.710553646,0.59160161,0.00328464573,a
0,0,0,0,0,0,0,0,0,0,0,0,0,0,0,0,0,0,0,0,0,0,0,0,0,0,0,0,0,0,0,0,0,0,0,0,0,0,0,0,0,0,0,0,0,0,0,0,0,0,0,0,0,0,0,0,0,0,0,0,0,0,0,a
0.668092608,0.71313405,-7.41172869e-07,0.608172536,0.647467256,-0.0216661189,0.581258476,0.5535,-0.0281008948,0.597977877,0.467897713,-0.0357662663,0.625389218,0.41738233,-0.0367006771,0.634415627,0.494010627,0.0130790332,0.652375281,0.446014583,-0.0199138205,0.637289703,0.513417125,-0.0355189703,0.63176316,0.528305173,-0.0410831273,0.67254746,0.5151456,0.0111572249,0.687988043,0.474375665,-0.0226645116,0.665400267,0.549190938,-0.0280661564,0.659812689,0.547486961,-0.0236150902,0.707756817,0.53741616,0.00116742565,0.722034752,0.497197151,-0.0356112383,0.697096348,0.566669047,-0.0243291184,0.691713274,0.567388773,-0.00732044689,0.74332881,0.56282413,-0.0109858187,0.75214088,0.523182452,-0.0271195322,0.731105566,0.57513839,-0.0130742872,0.725656688,0.587606311,0.00211471715,a
0.650909,0.724641442,-7.1041336e-07,0.588194,0.651849151,-0.00819617,0.564301372,0.56546694,-0.00950164255,0.579185128,0.486885071,-0.0154035958,0.604175568,0.43898052,-0.0171199534,0.620452,0.517734349,0.025049556,0.628553927,0.46856004,-0.00121108082,0.613542855,0.524413526,-0.0149527499,0.613335,0.547908664,-0.0197370052,0.65674144,0.533509851,0.0178524423,0.662733078,0.488011628,-0.00921602361,0.642730951,0.556325197,-0.0137047237,0.645307362,0.570593834,-0.00915242452,0.691635251,0.552962422,0.00420908257,0.696531177,0.506720185,-0.0251472667,0.673858404,0.572120667,-0.0139322253,0.674725175,0.588335037,0.00224106107,0.727876425,0.578703225,-0.0106653478,0.727021575,0.531874776,-0.021780163,0.706232548,0.58036,-0.00651530595,0.705571592,0.602761,0.00910622068,a
0.611623764,0.745709062,-7.19268371e-07,0.55088973,0.668267071,-0.0130370772,0.53370285,0.575326681,-0.0155589618,0.552615047,0.496520758,-0.0215660464,0.57790482,0.446656168,-0.0223327186,0.594826281,0.524872243,0.0204745214,0.595504045,0.481279671,-0.00792899635,0.576340437,0.540713847,-0.0204927903,0.580637097,0.554281056,-0.025038708,0.630989373,0.545475543,0.013836463,0.627374053,0.505124152,-0.0181896482,0.60270226,0.577953935,-0.0211706795,0.613184094,0.584076166,-0.0142354984,0.665271103,0.571585834,-5.83612e-05,0.659798503,0.534974158,-0.0339194275,0.632145584,0.602042,-0.0207963865,0.641120791,0.60702908,-0.00238785101,0.700703502,0.602291524,-0.0157433115,0.689742386,0.567788661,-0.0294754282,0.666830838,0.61252588,-0.0149360253,0.675382435,0.623198867,0.00058308203,a
0.55352366,0.784842193,-7.12779354e-07,0.490735054,0.710708261,-0.0129581839,0.466127753,0.617193699,-0.0172082279,0.48140946,0.535920143,-0.0250498764,0.505822361,0.481548309,-0.0280954242,0.523190677,0.562914,0.0171137303,0.525165915,0.517021894,-0.0119937155,0.508823156,0.576901197,-0.0249638669,0.510209322,0.597522259,-0.0293895416,0.561153948,0.580926657,0.0102584939,0.558466554,0.542449594,-0.0204880871,0.537712216,0.613951147,-0.0231028162,0.544359446,0.623941898,-0.0171163473,0.596948802,0.604871452,-0.00372888823,0.59178406,0.570932806,-0.0375085957,0.568063915,0.638123035,-0.0248521268,0.572472811,0.648138702,-0.00747036887,0.633587658,0.635083675,-0.0192986075,0.62272495,0.599571466,-0.0340297595,0.601810753,0.647796452,-0.019777013,0.605219245,0.663511157,-0.00472638663,a
0.509109259,0.822013259,-7.77571245e-07,0.439640462,0.759018421,-0.0107393302,0.406571627,0.668187,-0.0139199952,0.411757469,0.583471894,-0.0214903727,0.43274653,0.525310934,-0.0246767309,0.46055159,0.597635031,0.0184867922,0.450881034,0.552012324,-0.0114836385,0.44007495,0.618345737,-0.0251117758,0.446167052,0.64030093,-0.0297906548,0.49954313,0.607662261,0.00984655228,0.487322569,0.569106638,-0.0219019651,0.472706974,0.648497939,-0.0245290603,0.481651276,0.662608624,-0.0176856276,0.537697494,0.625548244,-0.00574900676,0.523110449,0.593227863,-0.0398186743,0.505089939,0.668194771,-0.0265122242,0.512358904,0.681052,-0.00816823449,0.577769816,0.650569737,-0.0228038523,0.558533192,0.618662298,-0.0371380821,0.541435122,0.672455609,-0.0219323132,0.548320949,0.68806529,-0.00587036554,a
0.467164904,0.850734711,-7.95242e-07,0.382041216,0.819670498,-0.00956349,0.331011415,0.742211461,-0.0100815725,0.320914507,0.652869701,-0.0154807288,0.332087457,0.588931799,-0.0153192701,0.371909231,0.656181574,0.028193146,0.357525408,0.603418469,0.000344822474,0.361380786,0.673749208,-0.0129165044,0.371667027,0.691851377,-0.0177985467,0.410455316,0.647255,0.0203329306,0.392886907,0.602983117,-0.0105408728,0.396211833,0.686931551,-0.0136166355,0.410942048,0.692452,-0.00665591937,0.450370073,0.646073103,0.00504392432,0.431680441,0.60185343,-0.0268695951,0.429203093,0.682604551,-0.0120889945,0.442183703,0.692478657,0.00737041468,0.495141059,0.650219798,-0.0121676866,0.474226028,0.610039234,-0.0243701544,0.464697242,0.670334041,-0.00816223398,0.474795043,0.688730538,0.00872370228,a
0.459402502,0.842143416,-8.12060591e-07,0.374618083,0.820044637,-0.00536334328,0.324493915,0.750771821,-0.00395163288,0.312886417,0.666160941,-0.00854944438,0.318367481,0.604237199,-0.00888929144,0.359947801,0.666080236,0.0327441804,0.346161455,0.610817313,0.00574058108,0.351591021,0.675847828,-0.0102857053,0.362873942,0.705625415,-0.0163499843,0.396940649,0.654115796,0.0240910389,0.380341679,0.601202965,-0.00463979226,0.386779606,0.682034373,-0.0117020672,0.400250137,0.703641713,-0.00788105745,0.434434444,0.647697508,0.00892414339,0.416331142,0.591622651,-0.0207808297,0.41762957,0.672776759,-0.0086434558,0.431223363,0.702036,0.00916258153,0.477532208,0.645758331,-0.00765806343,0.456696153,0.592127621,-0.0195346884,0.450235099,0.651185572,-0.00394725613,0.458420962,0.681031406,0.0127301179,a
0.482713968,0.811294258,-7.37445646e-07,0.407093763,0.784836888,-0.00383758708,0.358840764,0.717437744,-0.0047225086,0.348951042,0.641855896,-0.0115342643,0.35645166,0.584528267,-0.0150796091,0.390805364,0.638164759,0.0216223728,0.377729714,0.581314564,-0.00378023507,0.377901077,0.640841424,-0.0175054502,0.387279272,0.67231518,-0.0223033074,0.424963683,0.628705,0.0117807928,0.411669254,0.574023902,-0.0145279439,0.411090136,0.647298217,-0.01932377,0.422483385,0.673875332,-0.0149652436,0.4619084,0.624807417,-0.00334496843,0.447083801,0.571299613,-0.0293506775,0.443362147,0.643795133,-0.0176683683,0.45372647,0.675004244,-0.00182680041,0.502945721,0.627092838,-0.0195956677,0.483579755,0.572247565,-0.0298728943,0.47590977,0.62245971,-0.0151857436,0.484527528,0.652399898,-5.63547947e-05,a
0.536734283,0.780406356,-7.28835e-07,0.464202255,0.727790534,0.00287729735,0.430942416,0.654638231,0.0039316169,0.431543231,0.586175919,-0.00220333575,0.441622704,0.536489248,-0.00609252276,0.467017829,0.588899195,0.0264391024,0.458700895,0.534325361,0.00303192111,0.454553396,0.588316321,-0.0120685846,0.46059221,0.624655068,-0.0179791,0.499952972,0.586010456,0.0139779085,0.492205054,0.536629379,-0.00902013201,0.48691684,0.60046,-0.0164105594,0.494008422,0.631274462,-0.0150183355,0.535748065,0.588847876,-0.00279718474,0.527000785,0.541513145,-0.0235944036,0.518059373,0.603108466,-0.0147519903,0.523414075,0.635281682,-0.00258028926,0.574499369,0.599602818,-0.0203169081,0.562185884,0.548876584,-0.027198324,0.550824821,0.59243,-0.0134125147,0.554767847,0.621681094,9.15688506e-05,a
0.599770367,0.747533798,-6.75172203e-07,0.527640879,0.697638273,0.00286182668,0.492311209,0.633363426,0.00366512476,0.492142349,0.567799151,-0.00215952494,0.508835137,0.524970949,-0.0060841497,0.530443609,0.569160581,0.0234231111,0.523209751,0.51556468,0.00259733154,0.519314706,0.563236594,-0.012246253,0.524583638,0.603506744,-0.0183434598,0.563048065,0.567509651,0.0125733074,0.557082176,0.515767574,-0.007686364,0.552274108,0.571741283,-0.0154192867,0.557694554,0.610294282,-0.0152662434,0.597557485,0.570830464,-0.00192946882,0.590657532,0.520585775,-0.0192581937,0.581622362,0.574514031,-0.0126061067,0.585028887,0.613606811,-0.00286106719,0.63471365,0.581555843,-0.0171160977,0.625208676,0.530809164,-0.0224351939,0.612880409,0.566276,-0.0111530898,0.612846434,0.598888159,-6.58415374e-05,a
0,0,0,0,0,0,0,0,0,0,0,0,0,0,0,0,0,0,0,0,0,0,0,0,0,0,0,0,0,0,0,0,0,0,0,0,0,0,0,0,0,0,0,0,0,0,0,0,0,0,0,0,0,0,0,0,0,0,0,0,0,0,0,a
0.632029712,0.726942599,-6.95000892e-07,0.565728366,0.664450109,0.00586727308,0.540381,0.595526218,0.00945918821,0.547470868,0.527797878,0.00495889923,0.566850245,0.486086398,0.00188783591,0.587962031,0.542488813,0.0382288322,0.591098487,0.488220304,0.0188917387,0.57961303,0.53475976,0.00473056128,0.577460885,0.575492442,-0.000173117107,0.619920313,0.5465042,0.0266353823,0.621540666,0.490805775,0.00603325851,0.605899453,0.549583435,-0.00309074833,0.605364799,0.588213,-0.00221919664,0.653416812,0.554694772,0.0108197266,0.651677132,0.499219954,-0.00952353142,0.634901881,0.55828625,-0.00422482425,0.634875834,0.598457336,0.00698452024,0.689600825,0.569672227,-0.00505132135,0.68204236,0.515497684,-0.0114885587,0.6656425,0.555257559,0.000801671587,0.665221155,0.58869046,0.0138408206,a
0.630372941,0.728213847,-6.74753949e-07,0.56504,0.666896164,-0.00793736894,0.536751211,0.584919751,-0.00943039823,0.544584095,0.504698694,-0.0157281794,0.559800088,0.450743496,-0.0179619621,0.583392,0.522574,0.0238183681,0.589498,0.468987,-0.00357376901,0.579990625,0.526519179,-0.0183898155,0.580218256,0.555948138,-0.0235285107,0.618692696,0.530151427,0.0159868523,0.624024272,0.477833807,-0.0114026945,0.610568762,0.549245715,-0.0169778597,0.612826049,0.569314539,-0.0132273594,0.654456079,0.54382962,0.0019347273,0.658659697,0.492014945,-0.0271799788,0.641659081,0.561870396,-0.0158013236,0.642263293,0.586510777,0.000544591865,0.691844881,0.565121949,-0.013435835,0.69097054,0.51483804,-0.0256713815,0.673385561,0.564016283,-0.011165685,0.671844363,0.589424491,0.0042861281,a
0.589430273,0.747687221,-7.06419826e-07,0.523323298,0.676999509,-0.00565529894,0.498295546,0.589699149,-0.00677960692,0.507547617,0.510649502,-0.0134723661,0.521598458,0.455017567,-0.0166133568,0.546552062,0.529022932,0.0258403365,0.546920717,0.477506,-0.00123503583,0.536720753,0.534359097,-0.0162270498,0.538874269,0.563475728,-0.0216070972,0.582032681,0.536705792,0.016076427,0.582122266,0.485140234,-0.0115890931,0.568780661,0.555759728,-0.0172568318,0.573569179,0.578136384,-0.0130187524,0.617960691,0.551544249,0.000265967159,0.614712,0.504717827,-0.0277293902,0.599425852,0.572906256,-0.0157577731,0.603551149,0.59572345,0.000813453633,0.655753613,0.57456249,-0.0168907363,0.646814048,0.528253078,-0.0270810556,0.63091439,0.577136278,-0.0110026235,0.633667827,0.600304842,0.00529059628,a
0.548296869,0.749457777,-7.04969636e-07,0.480435073,0.682270646,-0.00441178586,0.453101575,0.598399937,-0.0050837,0.459872454,0.519329965,-0.0115714362,0.4759835,0.464997113,-0.0144512989,0.501561,0.536958575,0.027980851,0.50292182,0.480170935,0.00288166758,0.492374659,0.537724137,-0.0116888415,0.494517058,0.56898278,-0.0172076486,0.535581946,0.542265832,0.0183908679,0.53548044,0.48722288,-0.00748144602,0.522022188,0.557793856,-0.0130069293,0.528174698,0.582896411,-0.00901716761,0.570480227,0.555188775,0.0029179235,0.568130195,0.502769828,-0.0229261741,0.551965296,0.570292115,-0.0111543629,0.556666851,0.597517431,0.00485582044,0.607615411,0.576840401,-0.013901501,0.600251913,0.527484477,-0.0230554827,0.582497954,0.575214386,-0.00765262451,0.584858954,0.601545453,0.00792021211,a
0.513069034,0.75697422,-7.38063761e-07,0.440855563,0.695391357,-0.00424646353,0.409345567,0.616041362,-0.00509069,0.412601948,0.536483467,-0.0123968255,0.42467317,0.479149461,-0.0160229187,0.452690661,0.546810389,0.0322133191,0.447534055,0.488419,0.00560876355,0.440438658,0.548017919,-0.0102438312,0.446000844,0.579834342,-0.0160805,0.486495525,0.548529208,0.022232959,0.480735302,0.492557973,-0.00564132258,0.470394582,0.565208077,-0.0126694348,0.478040874,0.590351641,-0.00899002422,0.521865,0.557408392,0.00588197727,0.515297711,0.504465818,-0.021714408,0.501683414,0.574877381,-0.0110447463,0.50768286,0.602367878,0.00500056567,0.560448706,0.574108541,-0.0118807042,0.549530506,0.523651183,-0.0216068868,0.533623934,0.574037373,-0.00638613105,0.537490189,0.601289213,0.00950082671,a
0.50508064,0.749626696,-7.41966687e-07,0.430687636,0.703928471,-0.00558823347,0.393325,0.630188107,-0.00671228813,0.392635792,0.549503803,-0.01371169,0.402119935,0.492271155,-0.0164913312,0.432163894,0.557881832,0.0290785283,0.428146958,0.498089552,0.000120059223,0.424473614,0.558404446,-0.0158025976,0.429275721,0.590003252,-0.0206725542,0.466418296,0.556948662,0.0202868618,0.460054338,0.50057286,-0.0102485958,0.454880387,0.576517582,-0.0171274021,0.463228285,0.598398387,-0.012379609,0.502087772,0.560446799,0.00507061975,0.493849814,0.507299185,-0.0260976963,0.485262811,0.582505226,-0.0154501041,0.493132085,0.608129144,0.00216708402,0.541286647,0.569630742,-0.0113050742,0.528033614,0.518571317,-0.0231969766,0.515511632,0.572570443,-0.007923319,0.520949483,0.600118697,0.00897360127,a
0.536899567,0.732632756,-6.81785878e-07,0.463914663,0.688053489,-0.00300965179,0.425949305,0.618703663,-0.00484754052,0.420591086,0.549069703,-0.0121588102,0.425329894,0.497478545,-0.0162417013,0.456109911,0.550666034,0.0189146809,0.45135051,0.495199114,-0.00723332865,0.45173046,0.5491817,-0.0221775323,0.45696488,0.579883277,-0.0275605787,0.48961255,0.548146188,0.00894976687,0.485185683,0.496383846,-0.0165192038,0.482518256,0.560049355,-0.022644531,0.48746261,0.58443,-0.0201402158,0.525327802,0.550328553,-0.00582304411,0.518920183,0.504207551,-0.0298954081,0.513420284,0.566460848,-0.0198323969,0.517582119,0.592304885,-0.00615222193,0.56312269,0.559070766,-0.0216534715,0.550496399,0.51533705,-0.0297261719,0.542606771,0.559688687,-0.0153221488,0.54618907,0.583757579,-0.00117177772,a
0.58837235,0.721046269,-6.08562516e-07,0.525400758,0.647792339,0.00122635032,0.499579906,0.571828902,0.00111054548,0.504059076,0.504301846,-0.00586513942,0.518925309,0.456051767,-0.0108589614,0.54315263,0.517989814,0.0278610159,0.546719074,0.465498269,0.00464942819,0.536046326,0.51172787,-0.0125460075,0.534881,0.549328506,-0.0201511793,0.574567914,0.525862,0.0163091701,0.577770531,0.473127514,-0.00515604718,0.564620733,0.529335916,-0.0140989162,0.564442515,0.564786375,-0.0145754702,0.607023478,0.539663434,0.00024853248,0.608047724,0.489406437,-0.0190759972,0.592857778,0.543345809,-0.0115016624,0.591637,0.579022348,-0.000625065353,0.641429,0.562254608,-0.0167277679,0.637380719,0.510474145,-0.0222396888,0.6225155,0.548191667,-0.00863598567,0.620787263,0.577860355,0.00433045812,a
0.625680566,0.70570755,-6.47303921e-07,0.569904745,0.626810312,0.00124347885,0.55645436,0.546437442,0.00266418629,0.573056102,0.48029539,-0.00279472466,0.592233241,0.435868263,-0.006458316,0.609849632,0.505663276,0.0283913817,0.618559539,0.455554903,0.00638500974,0.598568738,0.499275863,-0.007892753,0.592929542,0.535695434,-0.0131516587,0.640979,0.519395,0.0172761474,0.648680031,0.465241,-0.00419675373,0.625395179,0.520747423,-0.0105853518,0.623690307,0.554061651,-0.00840110052,0.672621548,0.539594293,0.00157530571,0.677827358,0.486371458,-0.0189524237,0.653910697,0.540066123,-0.00981804077,0.651477695,0.574441254,0.00298519456,0.705699503,0.568039656,-0.0148983663,0.706893682,0.513556,-0.0217587855,0.685604,0.549062431,-0.0079809688,0.681830287,0.578752577,0.00568401627,a
0.65011555,0.711606205,-6.39903192e-07,0.59161818,0.630851686,-0.0026728143,0.573208809,0.549224794,-0.00193027989,0.590188503,0.479386032,-0.00737807853,0.610611856,0.435436904,-0.00955636892,0.62553221,0.508265257,0.0318169892,0.640476584,0.454151601,0.00738398451,0.623781085,0.501841366,-0.00838265475,0.615456,0.535918236,-0.0137738511,0.659861445,0.522977054,0.0232938584,0.672838151,0.468055367,-0.00119014946,0.651027918,0.526786268,-0.00922077801,0.645312488,0.555081308,-0.00716962107,0.693288684,0.542551816,0.00912325,0.704684794,0.485899091,-0.0151489982,0.681246519,0.543031096,-0.00723077357,0.674017131,0.574937522,0.00632497668,0.725996614,0.569710374,-0.0060070511,0.732549787,0.516243398,-0.0149047049,0.711248755,0.554088891,-0.0020081,0.704118311,0.583083272,0.0119425114,a
0,0,0,0,0,0,0,0,0,0,0,0,0,0,0,0,0,0,0,0,0,0,0,0,0,0,0,0,0,0,0,0,0,0,0,0,0,0,0,0,0,0,0,0,0,0,0,0,0,0,0,0,0,0,0,0,0,0,0,0,0,0,0,a
0.624831676,0.707757771,-5.92751576e-07,0.56567049,0.64542222,0.000692694797,0.545045435,0.56779027,0.001983647,0.553073645,0.503088236,-0.00319209858,0.569106281,0.45602107,-0.00656252354,0.59260422,0.512012,0.0288113,0.591552556,0.464669585,0.00951813068,0.575967,0.507243872,-0.00496809697,0.574719906,0.541825414,-0.0115829771,0.62134254,0.517208397,0.0181431379,0.619144797,0.464955866,-0.000949590874,0.601009965,0.519344032,-0.00883088354,0.602866411,0.555551589,-0.00826788,0.652244627,0.530623913,0.00316107902,0.647866249,0.479613,-0.0145543497,0.627909303,0.531690836,-0.00756296376,0.62837261,0.568087339,0.00289568165,0.685832441,0.553529501,-0.0127965352,0.678463042,0.50286895,-0.0186486337,0.658513725,0.538348,-0.00675445842,0.65610981,0.569397092,0.00511498097,a
0.583058357,0.71241188,-5.54119708e-07,0.530594945,0.65699017,0.00309291738,0.517458081,0.584560275,0.00673835771,0.525895357,0.52419585,0.00346791651,0.533432,0.478419185,0.00239902013,0.554585457,0.536794722,0.0357167833,0.550757647,0.486721,0.0182690974,0.538346887,0.529947937,0.00596270803,0.541376829,0.563653052,0.00129597774,0.576983869,0.537490606,0.0254702326,0.568597794,0.483408868,0.00636146078,0.55389595,0.537526488,-0.00138279842,0.560161352,0.572318673,0.00066251168,0.602750361,0.543834627,0.0107530355,0.588324368,0.493134558,-0.00675839419,0.572816908,0.546434283,-0.000574800477,0.579470754,0.581424594,0.0106261419,0.632247746,0.558256149,-0.0048583895,0.614218056,0.513805449,-0.0108567495,0.597952425,0.548625648,-0.000954433752,0.602641582,0.577437,0.0102804657,a
0.55317,0.718360066,-6.02737259e-07,0.507722318,0.65389508,0.00933162216,0.502845883,0.583044648,0.0140574938,0.514436424,0.529485404,0.0100481622,0.524114251,0.485928297,0.00770198554,0.540165722,0.546686649,0.0388551801,0.528740108,0.488149881,0.0191789959,0.515854776,0.532908857,0.0080142,0.523536205,0.567036,0.00485468842,0.556376815,0.547756732,0.025222864,0.535875082,0.4886522,0.000952769944,0.52328074,0.547749519,-0.00698991539,0.537569344,0.578705311,-0.00315278163,0.577587724,0.551595926,0.00738799758,0.547993898,0.499421299,-0.0171299465,0.536303818,0.560677826,-0.0116505465,0.552311659,0.591596723,0.00156193646,0.602777898,0.560927272,-0.0103721265,0.568784356,0.519341171,-0.0227783527,0.556993365,0.56114459,-0.0145705733,0.571719348,0.58921361,-0.00294375466,a
0.555475295,0.728794098,-6.87936279e-07,0.494873613,0.661804736,0.00336694461,0.476481467,0.588788748,0.00500355,0.483927,0.524713755,-0.0015702981,0.491275162,0.474146962,-0.00571695203,0.518986,0.534479678,0.036280565,0.505692,0.482833654,0.0119442986,0.497000813,0.538106918,-0.00230201404,0.505913,0.567912638,-0.00692901202,0.545030177,0.536298633,0.0232583508,0.53056407,0.482648909,-0.00274636177,0.518812299,0.54923588,-0.00908774,0.531859398,0.57442379,-0.00460713962,0.574951947,0.544178188,0.00471156742,0.556354,0.492609173,-0.0216260627,0.542862058,0.558955371,-0.0121683031,0.555134177,0.588022053,0.00346121099,0.608852,0.560798645,-0.0145546533,0.586841047,0.509675682,-0.0254257862,0.571813166,0.555390298,-0.0120946448,0.581017315,0.586059153,0.00305346935,a
0.55616349,0.719858885,-6.69599217e-07,0.484766036,0.676323831,-0.00303628063,0.446196556,0.609445393,-0.0037732732,0.440209448,0.536166966,-0.010476,0.448058754,0.48173666,-0.0140286544,0.481258273,0.544152081,0.0260969158,0.475521445,0.489004761,0.00190855132,0.474241227,0.542823613,-0.0122629907,0.480182528,0.570705593,-0.0177388433,0.513803184,0.53980273,0.0165493749,0.506176353,0.48765415,-0.00881125126,0.503696799,0.554326475,-0.0154364128,0.512223661,0.575785279,-0.0128331874,0.54808414,0.540882587,0.00178586144,0.539090157,0.490474463,-0.0229723901,0.533904374,0.556464553,-0.0123435194,0.541680694,0.582573,0.00244392944,0.585795283,0.548753202,-0.0141257895,0.572143,0.500020444,-0.0231197067,0.563630342,0.547803223,-0.00867788,0.56947124,0.574043751,0.00595170818,a
0.532274365,0.70360136,-6.3179408e-07,0.462009072,0.699542224,-0.0133377099,0.404902577,0.649961829,-0.0174015462,0.377474636,0.578629494,-0.0243216939,0.370252,0.521940708,-0.0265783109,0.418406427,0.569821239,0.0140047166,0.406536967,0.51356113,-0.0131822564,0.419305772,0.56648463,-0.0268169846,0.426085979,0.590961695,-0.0315672643,0.451976538,0.5526492,0.00896531064,0.440451831,0.501487374,-0.0180793591,0.45320636,0.566463113,-0.023274513,0.457962185,0.583674669,-0.0198699348,0.48627612,0.541635454,-0.00213035615,0.474122256,0.493742526,-0.0299162,0.484122366,0.556691945,-0.0189389251,0.489483833,0.577336,-0.00378486165,0.524067283,0.535678267,-0.0149521967,0.508237123,0.490246803,-0.0266388506,0.512072563,0.537036121,-0.0133846831,0.517820656,0.560169876,0.000498313166,a
0.496000707,0.69964397,-6.50728e-07,0.426145017,0.704309583,-0.0186831877,0.364520937,0.656037271,-0.0238334965,0.333678722,0.583827555,-0.0306830592,0.323231101,0.52656424,-0.0315193273,0.372951895,0.573264301,0.0118832421,0.358956665,0.517127812,-0.0192638673,0.377275527,0.575354099,-0.0328295976,0.384850204,0.596698642,-0.036452096,0.407939196,0.552910447,0.00933359563,0.395028353,0.50299263,-0.0223866459,0.412710041,0.575639,-0.0265693199,0.415507019,0.5875054,-0.0208341312,0.443267107,0.538804054,-0.000434204907,0.430212,0.492041767,-0.0334347636,0.444332182,0.561523736,-0.0211891569,0.448888,0.576802611,-0.00332662137,0.481521785,0.528413832,-0.0122308061,0.465619206,0.486640215,-0.0264751017,0.471735835,0.536624,-0.0132559435,0.47747153,0.555526853,0.00164065813,a
0.431631088,0.680259466,-6.68098892e-07,0.358959794,0.683817863,-0.0142185,0.295811206,0.638350427,-0.0179184955,0.263819546,0.567566395,-0.0245586,0.252593815,0.51115346,-0.0258213282,0.305964738,0.556022465,0.0142973606,0.287825406,0.499658406,-0.0164968781,0.307181954,0.556885839,-0.0304861087,0.317559868,0.579737723,-0.0344767794,0.341859,0.533754051,0.00936018769,0.324622601,0.484186649,-0.0215490609,0.343332201,0.555512667,-0.0260151438,0.349452496,0.568939,-0.020867696,0.378585607,0.517998874,-0.0023427757,0.361560285,0.46929732,-0.0339112692,0.376496136,0.538685679,-0.0212133508,0.383765459,0.557243288,-0.00350570935,0.418908149,0.506486416,-0.0157851,0.400183856,0.46213156,-0.0289359745,0.405863345,0.511488259,-0.0150922444,0.412395,0.532475293,-8.54603131e-05,a
0.402359,0.674415708,-6.93131938e-07,0.324097425,0.67407161,-0.0100420117,0.263525099,0.623136461,-0.0103086513,0.234806657,0.548655629,-0.0145965023,0.223609626,0.491206497,-0.0136570148,0.278632313,0.538083494,0.0268564802,0.260095239,0.4829005,-0.00168033096,0.277129859,0.539249718,-0.0167734437,0.289130867,0.565899849,-0.0213796459,0.315651685,0.518068373,0.0210814569,0.296268,0.466353565,-0.00891112164,0.314511567,0.540193319,-0.015966991,0.324389309,0.558733106,-0.0117027825,0.353253901,0.505401134,0.00861643907,0.334195554,0.453355432,-0.0231473669,0.347800463,0.526911855,-0.0121496953,0.358626097,0.550487518,0.00565163139,0.395514488,0.495890975,-0.00514785806,0.375102788,0.449090093,-0.0183544196,0.377705753,0.503629506,-0.00434228266,0.384836435,0.528506458,0.011541375,a
0.430120617,0.632811069,-6.87305715e-07,0.354362369,0.61890018,-0.0108690625,0.295586139,0.560046554,-0.0133424336,0.270740956,0.483502299,-0.0198193658,0.266097486,0.422850877,-0.0213913769,0.315051854,0.480927765,0.0184962898,0.301061094,0.420513034,-0.0112674152,0.311553478,0.479844153,-0.0254474953,0.321524143,0.508014262,-0.0295177121,0.352111667,0.464976639,0.0122321947,0.338033557,0.408559829,-0.017835984,0.348855257,0.485002488,-0.0222915504,0.358670175,0.505680799,-0.0168236699,0.390520692,0.455569148,-0.000510279322,0.37691161,0.400698572,-0.0317120552,0.383296669,0.475986481,-0.0195426289,0.392852515,0.504265487,-0.00160307344,0.433478206,0.451493263,-0.0146442447,0.415685028,0.399861246,-0.0279275607,0.413947374,0.452020079,-0.0142947342,0.420201182,0.479576468,0.000938855286,a
0,0,0,0,0,0,0,0,0,0,0,0,0,0,0,0,0,0,0,0,0,0,0,0,0,0,0,0,0,0,0,0,0,0,0,0,0,0,0,0,0,0,0,0,0,0,0,0,0,0,0,0,0,0,0,0,0,0,0,0,0,0,0,a
0.460868716,0.623058259,-6.55406438e-07,0.383617133,0.610729337,-0.0162695982,0.325173914,0.540865123,-0.0185033046,0.303807765,0.45419693,-0.0235303752,0.294896126,0.390068829,-0.0223509669,0.349393189,0.45281437,0.0225575157,0.33836621,0.389934212,-0.00859849248,0.347575,0.454136819,-0.0229288582,0.355485559,0.481686324,-0.0266679041,0.38873288,0.438683689,0.0185548496,0.378410429,0.379289806,-0.0126267085,0.385386288,0.461081535,-0.0169231221,0.391303182,0.476052254,-0.0104131112,0.428771019,0.43386206,0.0066047404,0.419603854,0.375079036,-0.0278876722,0.42352888,0.454223037,-0.0150046172,0.430749059,0.476651251,0.00449479092,0.474436641,0.433351338,-0.00727751199,0.461743683,0.37950784,-0.0237449277,0.459762305,0.436752141,-0.00993144419,0.465205103,0.462968916,0.00641015265,a
0.505437613,0.620286822,-7.00159603e-07,0.424716085,0.606226444,-0.0184700843,0.364090949,0.527479053,-0.0218650233,0.344624698,0.437735677,-0.0276361387,0.339118958,0.372003227,-0.0271821283,0.390665203,0.43735835,0.0158512089,0.382636398,0.373536706,-0.0177372564,0.391236693,0.441078305,-0.0325833037,0.397430807,0.467868149,-0.0365841463,0.43346563,0.425007373,0.0114768343,0.426566929,0.365162879,-0.0219743364,0.431888312,0.451683223,-0.0258154683,0.435352504,0.467118442,-0.0189046394,0.475991,0.421926737,-0.000853717385,0.470303327,0.365901858,-0.0374604873,0.472841889,0.449269474,-0.0237037912,0.477536,0.47160092,-0.00350291887,0.522341,0.424234062,-0.0152341,0.512373269,0.37034148,-0.0323760882,0.509467661,0.429781288,-0.0173359811,0.513157785,0.45687744,-0.000129560198,a
0.554704726,0.619212389,-7.37416769e-07,0.470864117,0.584641218,-0.0162937827,0.413437128,0.505636096,-0.0205078069,0.395598,0.412720621,-0.0283404775,0.396372914,0.343172669,-0.0300108586,0.444465369,0.417042196,0.0231460929,0.440392464,0.347533464,-0.0106227715,0.447353721,0.416128397,-0.0279315636,0.452189207,0.449692041,-0.0333693624,0.488436729,0.407699138,0.0177685507,0.484595478,0.344599247,-0.0155730117,0.488995343,0.429421127,-0.022155989,0.491822511,0.450780034,-0.0172238797,0.532308042,0.407118499,0.0043692193,0.528161645,0.348205298,-0.0304815695,0.529134,0.428347647,-0.0177053977,0.532164931,0.453817427,0.00154271105,0.579020619,0.413742661,-0.0110304626,0.569070101,0.355539799,-0.0254488569,0.564366162,0.413709074,-0.00916903559,0.567368925,0.44192338,0.008672731,a
0.606854498,0.609649181,-6.77998059e-07,0.526891887,0.565767229,-0.0166743957,0.477117598,0.478429556,-0.0198657978,0.46591413,0.384435058,-0.0263415668,0.472933978,0.317785889,-0.026253,0.514653385,0.399125695,0.0246540196,0.51929009,0.331030577,-0.0072221593,0.519085586,0.400076032,-0.0236116648,0.519331634,0.432380706,-0.0290673766,0.558381259,0.397071928,0.0199970528,0.562371612,0.333002925,-0.0121839009,0.558337212,0.416643113,-0.0185535699,0.557762146,0.439052165,-0.0138489828,0.600259602,0.40400207,0.00737148244,0.604326665,0.343188822,-0.0256717,0.598175466,0.420641214,-0.0131205684,0.597692251,0.449034393,0.00537826307,0.644872189,0.418340772,-0.00744029135,0.644132137,0.361355,-0.0209953263,0.634541273,0.41410625,-0.00599692622,0.633281112,0.441896528,0.0103784651,a
0.640645921,0.614377379,-6.87001091e-07,0.564566672,0.559314489,-0.0168928355,0.521553516,0.469986409,-0.0196699984,0.516664922,0.37433809,-0.0262267683,0.527520835,0.308271706,-0.0262186658,0.561902523,0.393034846,0.0311404821,0.571296,0.328005642,-0.00332172681,0.568823516,0.396422178,-0.0224981271,0.566605031,0.429044157,-0.02892025,0.60589385,0.396713525,0.0265942626,0.613741279,0.334101588,-0.00943518709,0.605612576,0.419078082,-0.0194955319,0.600949407,0.440654397,-0.0158762913,0.647086,0.407888293,0.0134587111,0.656226695,0.350221545,-0.0237109791,0.644569874,0.428788066,-0.0141667407,0.639077902,0.454397202,0.0040968745,0.690382421,0.42551741,-0.00169488648,0.694573283,0.368777394,-0.0168090891,0.682414472,0.421962202,-0.00239075255,0.678059518,0.448364288,0.014595327,a
0.637236357,0.604846716,-6.17356477e-07,0.561458349,0.555396378,-0.0160305388,0.516893089,0.465541333,-0.0179339945,0.512832522,0.372880906,-0.0230443142,0.52436173,0.3110089,-0.0221896861,0.555462658,0.394465029,0.026100697,0.565811694,0.332299024,-0.00407184847,0.566209197,0.394753397,-0.0210524164,0.56480062,0.4277547,-0.0270079412,0.599952459,0.395750195,0.0218010396,0.610598922,0.335272,-0.00947114825,0.606587589,0.412573397,-0.0172465909,0.602909207,0.439566284,-0.0133555168,0.640664,0.405796051,0.00974903349,0.651753247,0.349224389,-0.0226174947,0.644900739,0.419475824,-0.0129395351,0.640590668,0.45010218,0.00374728907,0.6823228,0.423577696,-0.00430205325,0.688865483,0.369686931,-0.0184211563,0.679734766,0.417088211,-0.00522094732,0.67486316,0.444883406,0.0100876493,a
0.559511065,0.613173187,-6.27699649e-07,0.481381118,0.573040426,-0.0124690132,0.434785903,0.492092818,-0.0150485989,0.425614476,0.406404793,-0.0213769414,0.432882428,0.343216419,-0.0227113366,0.46961996,0.414602935,0.0233633798,0.471781194,0.351470172,-0.00571241695,0.469794124,0.411886752,-0.0226255432,0.471826017,0.445303619,-0.0290657543,0.510341585,0.411117882,0.0171962976,0.511536837,0.350309432,-0.0106694419,0.505976498,0.42309013,-0.0182208121,0.508169293,0.447550654,-0.0158944819,0.550307333,0.415925056,0.00424258644,0.551025569,0.35791406,-0.0237875357,0.542999089,0.427138835,-0.0128721595,0.544448197,0.455036551,0.00252346834,0.593326569,0.428003341,-0.0106180208,0.588700473,0.375105888,-0.0213524438,0.578938663,0.425232828,-0.00641023088,0.57909447,0.451906651,0.00875355303,a
0.476480603,0.637168884,-6.22783659e-07,0.398542047,0.615174592,-0.0117205735,0.343111306,0.54246521,-0.0127555663,0.324964285,0.458331406,-0.0174777489,0.32390973,0.395092547,-0.0167901237,0.370308638,0.461591244,0.0243764911,0.364512682,0.398096591,-0.00261431444,0.370461047,0.458556384,-0.0163891502,0.375773609,0.488708943,-0.0209276676,0.410521239,0.449122667,0.0187439807,0.405342937,0.388732135,-0.00724399835,0.409122586,0.465205699,-0.0112485131,0.414212,0.486768126,-0.00625942089,0.451262981,0.445937365,0.00613655429,0.445639849,0.385391116,-0.0221238714,0.445223033,0.458983123,-0.0100045549,0.449894875,0.488152385,0.00685384311,0.496233225,0.449541748,-0.0082101617,0.486169338,0.395417154,-0.0211872719,0.479659498,0.448531,-0.00775411399,0.481588602,0.479149163,0.00702867424,a
0.43698293,0.661477089,-6.85813177e-07,0.351329237,0.643101215,-0.0104216794,0.291448146,0.581991315,-0.0104863765,0.267948151,0.497683674,-0.0150061864,0.264825523,0.434333682,-0.0135388272,0.313495636,0.498501927,0.0332972258,0.302630782,0.433653831,0.00355253438,0.315168649,0.493139654,-0.0134374034,0.322752953,0.523618102,-0.0192323346,0.355103374,0.481520891,0.0276436247,0.343113661,0.41994226,-0.00357768591,0.35557431,0.498779118,-0.0124942083,0.361399829,0.522246957,-0.0092606945,0.396065533,0.472636282,0.0147203887,0.384466618,0.411370933,-0.0180477295,0.392346472,0.489116043,-0.00755541306,0.399933189,0.519906044,0.0104518011,0.441677064,0.468807966,0.000337052858,0.426969647,0.41534847,-0.0130692059,0.425588906,0.470186532,0.000977112,0.430207402,0.497781247,0.0172337983,a
0.439067125,0.65378803,-6.86915484e-07,0.358529478,0.63572526,-0.0113394773,0.298737705,0.571937561,-0.0133870374,0.276523411,0.489819884,-0.0196721219,0.27456525,0.42584461,-0.0209109467,0.320672572,0.490170777,0.0233765431,0.310060918,0.426906347,-0.00568590267,0.319464266,0.485461861,-0.0202381443,0.326913953,0.514583111,-0.0247329734,0.360403597,0.474546939,0.0170861855,0.349660397,0.415433556,-0.0133413877,0.358968019,0.493420929,-0.019535901,0.365871072,0.516750693,-0.0149058932,0.40086323,0.466887593,0.004112917,0.390704423,0.410549432,-0.0284371246,0.396588236,0.488328874,-0.0170896631,0.404122353,0.518584371,0.000980648096,0.445877343,0.464931041,-0.0102130603,0.430456877,0.41043207,-0.0241323765,0.428850174,0.46466282,-0.00981946476,0.43381983,0.493424505,0.00631940225,a
0,0,0,0,0,0,0,0,0,0,0,0,0,0,0,0,0,0,0,0,0,0,0,0,0,0,0,0,0,0,0,0,0,0,0,0,0,0,0,0,0,0,0,0,0,0,0,0,0,0,0,0,0,0,0,0,0,0,0,0,0,0,0,a
0.482875288,0.634276509,-6.11731593e-07,0.406309724,0.605684459,-0.0122802658,0.354385227,0.535458207,-0.0144479973,0.338685036,0.455340117,-0.0202223677,0.337996542,0.394109368,-0.0207826328,0.381798804,0.458001405,0.0223963503,0.374997,0.398920447,-0.00528459,0.378867388,0.458713412,-0.0198378712,0.385281771,0.488183737,-0.0247178115,0.420452446,0.448453397,0.0168763,0.413537294,0.390241176,-0.0103699649,0.415115535,0.465373784,-0.0152385151,0.421494246,0.488059342,-0.0106262239,0.459502816,0.447990954,0.00453395117,0.452962101,0.390795738,-0.0236831419,0.450943768,0.462359786,-0.0117916688,0.457166404,0.491228044,0.00502317492,0.50292325,0.454423636,-0.0095963534,0.491977036,0.399975181,-0.0212473329,0.484508932,0.449503809,-0.00730959047,0.48737213,0.477814108,0.0076719746,a
0.548702359,0.632128119,-6.71000635e-07,0.470400631,0.583350122,-0.00948458537,0.424339622,0.505972385,-0.0117133837,0.414664865,0.420165241,-0.0187533535,0.423465967,0.356259167,-0.0211569667,0.460131615,0.432495713,0.0273944661,0.459099114,0.370693028,-0.000889219053,0.458485156,0.431168586,-0.0178653225,0.462854087,0.464336157,-0.0244046766,0.499924481,0.429523379,0.0199591182,0.497700721,0.368513882,-0.00836690702,0.494862109,0.443248719,-0.0160880536,0.500311673,0.470683873,-0.0132747842,0.539421201,0.434269071,0.00588241871,0.536411762,0.377454758,-0.0219616219,0.529457808,0.44683376,-0.0111635989,0.533673108,0.478018641,0.00477871,0.582213044,0.446520209,-0.00990687218,0.573163807,0.391124934,-0.0198662654,0.563113511,0.439705402,-0.00480238069,0.565688133,0.46865803,0.0107869888,a
0.592634201,0.631563902,-6.64861886e-07,0.518549323,0.577673554,-0.0122030992,0.476630628,0.495032549,-0.0141336853,0.471605957,0.405120611,-0.0205506086,0.482064962,0.341893733,-0.0215102173,0.516322613,0.421528578,0.0308960043,0.521182716,0.359076113,0.000509219128,0.518170059,0.422403395,-0.0168387573,0.519040763,0.454932809,-0.0228085965,0.55711025,0.423377454,0.0248875711,0.561741,0.362237453,-0.00661689509,0.553373516,0.441121906,-0.0154670104,0.553114,0.464914,-0.0122027816,0.59598577,0.432923317,0.0114050647,0.601169765,0.375229359,-0.0209994856,0.589711726,0.449566722,-0.011395826,0.58840704,0.477839053,0.00554757612,0.637279689,0.449623019,-0.00373436324,0.637048483,0.393573672,-0.0165472254,0.62450242,0.444799304,-0.00228065625,0.622950315,0.472456187,0.0138492696,a
0.598904252,0.633603692,-6.55797521e-07,0.523738086,0.581143856,-0.0155033106,0.480916142,0.495839775,-0.0177602619,0.476226777,0.404141694,-0.0237115175,0.487254709,0.341666758,-0.0233628899,0.520066738,0.423563123,0.0300464127,0.528712034,0.359530151,-0.00160564017,0.526851237,0.424137115,-0.0192232337,0.524516463,0.453132898,-0.0254079737,0.561677039,0.42557016,0.0255834926,0.569551706,0.364413023,-0.00736713456,0.562447548,0.443029016,-0.0166156646,0.557693601,0.461802036,-0.0136946309,0.600816965,0.434030175,0.0130680753,0.608917713,0.376274496,-0.0206297878,0.599446833,0.449704468,-0.0111362068,0.595048308,0.473686665,0.00567775173,0.641866207,0.448945642,-0.00146507879,0.645230353,0.395225704,-0.0150198052,0.634446919,0.445533663,-0.00141669868,0.630858898,0.470348448,0.0141520202,a
0.552669168,0.638352334,-6.47117588e-07,0.476214945,0.596950591,-0.0115048746,0.428916693,0.519677043,-0.0140164327,0.417718321,0.432773203,-0.0206739269,0.426636368,0.369860649,-0.0222288668,0.462695837,0.446269482,0.0246284287,0.463868231,0.378332853,-0.00437552156,0.462849081,0.436519,-0.0204669759,0.463823259,0.46732372,-0.0263239406,0.50284481,0.441295415,0.018287,0.503218293,0.378715634,-0.0106605692,0.499159157,0.450997919,-0.0179898795,0.500133872,0.472867846,-0.0150560876,0.54208082,0.44386965,0.00515043736,0.54158026,0.38620615,-0.0236863904,0.535577059,0.454838246,-0.0128258979,0.536883652,0.480424,0.00313107576,0.584016681,0.453878969,-0.00980808,0.579001665,0.399340391,-0.0206612926,0.570631444,0.447347701,-0.00623342115,0.571836412,0.472981244,0.00885647442,a
0.489332467,0.651933432,-6.31436194e-07,0.410397947,0.627373219,-0.0115350503,0.357500136,0.556192219,-0.0131525444,0.341549218,0.473196238,-0.0184848718,0.340892166,0.41234991,-0.0185100213,0.384567827,0.478822976,0.0219390448,0.37966311,0.41383934,-0.00664662616,0.383509725,0.472762674,-0.021259198,0.387442917,0.502222419,-0.025882639,0.424031556,0.467729151,0.0162363276,0.419192255,0.406445384,-0.0119612105,0.420418173,0.480977893,-0.0173517875,0.42336002,0.501749098,-0.013119122,0.463443756,0.464722872,0.00390211027,0.45783639,0.405486286,-0.0251049213,0.457462788,0.477122277,-0.0131741017,0.462105602,0.503982246,0.00372900232,0.506321132,0.468230814,-0.0101262173,0.497261763,0.41283524,-0.0216727164,0.492253542,0.462118566,-0.00736787869,0.495729417,0.488276392,0.00785242952,a
0.452945709,0.667675316,-7.08730568e-07,0.369549453,0.649339616,-0.0106536727,0.31155473,0.58466965,-0.0111272484,0.290070802,0.501084447,-0.0157621019,0.289350659,0.438514531,-0.0145004177,0.336334169,0.501719,0.0285550915,0.326816797,0.43780148,-0.00172556192,0.338106483,0.498997629,-0.0182664618,0.345611,0.529505551,-0.0237473045,0.377460659,0.488225758,0.0224682186,0.366351187,0.426860094,-0.00927969441,0.37719655,0.505555212,-0.0171600487,0.383026123,0.528207302,-0.0133313127,0.417467386,0.482099921,0.00938094128,0.406763822,0.42192027,-0.0233983025,0.412963212,0.499765486,-0.0113976169,0.420062482,0.528359652,0.00719220331,0.461959809,0.480409026,-0.00523578189,0.448311746,0.426511109,-0.0181042179,0.44561553,0.482269645,-0.00280174124,0.449022532,0.50968945,0.0139678717,a
0.459834933,0.658220172,-6.48451874e-07,0.381853729,0.639106393,-0.0139039578,0.325535089,0.572626531,-0.0170996916,0.306439847,0.491226137,-0.0236866828,0.305285513,0.42783618,-0.0249290932,0.349717,0.488649398,0.0213360824,0.341333121,0.428360522,-0.00861508586,0.348656565,0.487609148,-0.0240102354,0.355828911,0.517422676,-0.0289567243,0.389083564,0.477019638,0.0160942692,0.380417973,0.418759048,-0.0140345097,0.386383653,0.497042626,-0.0200301036,0.391911894,0.519175351,-0.0154632311,0.42932573,0.473505586,0.00381226116,0.421362132,0.41653,-0.0287492424,0.423716843,0.494054943,-0.0171105023,0.429727912,0.522525787,0.000927398738,0.473938525,0.475490749,-0.010093634,0.461301148,0.423205018,-0.0246476009,0.457371831,0.477749825,-0.0105379904,0.46078071,0.505029917,0.00548489,a
0.507698298,0.650339842,-6.30350712e-07,0.428939819,0.610090435,-0.011640979,0.378921419,0.538903832,-0.0147024,0.365633667,0.45617792,-0.022178486,0.369138598,0.393315405,-0.0242751818,0.408707798,0.461662859,0.0264918022,0.404051423,0.398970693,-0.00337848952,0.406945586,0.458250672,-0.019991124,0.411720812,0.48768115,-0.0258145779,0.449224532,0.454883903,0.0200467184,0.444449216,0.39547053,-0.00959409494,0.44429642,0.469301045,-0.0168435,0.448165298,0.489091545,-0.0135426875,0.490243852,0.455834568,0.00644198433,0.484406918,0.398667842,-0.0237890389,0.481392682,0.469784141,-0.0125942919,0.485889316,0.495498776,0.00436214963,0.533669114,0.463536769,-0.00897184759,0.522463918,0.410182208,-0.020623995,0.51472348,0.459549665,-0.00589758437,0.518254817,0.485020816,0.0100272465,a
0.564372778,0.643252075,-6.64446304e-07,0.48753196,0.590907514,-0.0109237917,0.444282949,0.511265218,-0.0133112976,0.436807901,0.425814182,-0.0205005426,0.446608484,0.362942547,-0.0226848163,0.48018685,0.439076,0.0279956404,0.482833505,0.376138926,-0.00250420836,0.481469512,0.438474894,-0.0202174168,0.483948708,0.47104463,-0.026596766,0.520756066,0.439063817,0.0210484788,0.522837281,0.377526075,-0.0101399468,0.517160594,0.454372436,-0.0190108567,0.519172847,0.478188038,-0.0162510891,0.560373127,0.446067303,0.00711213,0.562145472,0.388128757,-0.0239888579,0.553315699,0.460479468,-0.0136203822,0.554957271,0.489388406,0.00314244372,0.602613,0.46020329,-0.00849671,0.598522305,0.403340966,-0.0200182516,0.588090181,0.452697724,-0.00476086326,0.588996947,0.480460703,0.0116583006,a
0,0,0,0,0,0,0,0,0,0,0,0,0,0,0,0,0,0,0,0,0,0,0,0,0,0,0,0,0,0,0,0,0,0,0,0,0,0,0,0,0,0,0,0,0,0,0,0,0,0,0,0,0,0,0,0,0,0,0,0,0,0,0,a
0.666892529,1.00667107,-4.5599657e-07,0.622098505,1.00533867,-0.0179875921,0.573934376,0.981442213,-0.025774695,0.53996551,0.947938144,-0.0336784497,0.516846895,0.917482555,-0.0370864794,0.586650133,0.907798529,-0.00226231385,0.575741351,0.867341697,-0.0259367656,0.58868438,0.91100961,-0.03683763,0.5964064,0.933838844,-0.0403391384,0.615536153,0.892901599,-0.00349738495,0.605655,0.853404,-0.0279981811,0.616696715,0.908941031,-0.0313765705,0.620502114,0.925901413,-0.0275489446,0.643478274,0.887136161,-0.00970662106,0.635469615,0.85090816,-0.0338131525,0.642380834,0.901574254,-0.024562126,0.645816565,0.919318914,-0.0116541302,0.672540188,0.888096511,-0.0175871216,0.663490236,0.85393852,-0.0297435783,0.664929807,0.889566243,-0.0201375689,0.666937888,0.907011807,-0.0091509,a
0.592170656,0.646723449,-6.54840562e-07,0.518029928,0.592159569,-0.0130428169,0.477281749,0.508136451,-0.0137507794,0.47535193,0.418332547,-0.0187240802,0.484351069,0.356255621,-0.0173893403,0.519123197,0.432900846,0.0364438072,0.525465965,0.370670646,0.00438131765,0.520860553,0.434832871,-0.0147124846,0.519012392,0.466692179,-0.021395022,0.55988735,0.435892195,0.0312600844,0.564914584,0.375730872,-0.00155683153,0.555263281,0.455463111,-0.0124450894,0.551964521,0.474108487,-0.0101339035,0.59918946,0.44626528,0.0179085471,0.603859305,0.388346374,-0.0161321424,0.592396855,0.463388115,-0.00752727082,0.589901388,0.486081302,0.0093116723,0.640295744,0.462597042,0.00277305651,0.64058888,0.410403,-0.010854343,0.627049744,0.46216774,0.00303721917,0.624471605,0.485305429,0.0193450842,a
0.649538,0.880216241,-4.48517739e-07,0.599674,0.873924,-0.0121565294,0.554082036,0.835475683,-0.0149033591,0.528078139,0.792449117,-0.0188870989,0.508958042,0.765255213,-0.0193120595,0.578784108,0.771883905,0.00513628079,0.574774921,0.730082214,-0.015469091,0.58220309,0.770910919,-0.0257938113,0.584049225,0.79168427,-0.0293539204,0.607464373,0.764969707,0.00245474721,0.604608953,0.727714062,-0.01866078,0.609325349,0.778650701,-0.022733653,0.608181417,0.792592466,-0.0199665297,0.634215474,0.761836171,-0.00472263945,0.632423878,0.729141116,-0.0264357664,0.635076761,0.776712716,-0.0197819062,0.634148777,0.792036951,-0.00907613523,0.661645114,0.763390243,-0.0130952047,0.659227133,0.730831146,-0.0235525202,0.659233868,0.763506532,-0.01523495,0.658993185,0.778917372,-0.00558076,a
0.642401755,0.774834156,-4.11618743e-07,0.590319157,0.760037601,-0.00804765243,0.553133965,0.714812875,-0.00799249578,0.538178,0.667255461,-0.00983984768,0.52621007,0.638898253,-0.00808312,0.580785751,0.661198616,0.0105095189,0.584199905,0.619411588,-0.00688159792,0.587593853,0.659967542,-0.0154882269,0.586750925,0.679681182,-0.0182455126,0.609842837,0.657309473,0.00703359861,0.612740576,0.618409157,-0.0110686924,0.613733351,0.667431056,-0.0146491975,0.611608803,0.680725,-0.0121088848,0.636006951,0.657863915,-0.000399611308,0.638810873,0.624701858,-0.0187569913,0.637872934,0.668881595,-0.0121693974,0.635575473,0.684252203,-0.00231301365,0.661793172,0.663074493,-0.0087815905,0.663674176,0.631029308,-0.0154871531,0.660606563,0.660108507,-0.00650125602,0.658295393,0.674199224,0.00280762161,a
0.633143127,0.722992659,-3.52933483e-07,0.58216691,0.707033873,-0.00825014,0.546895623,0.664313853,-0.00857127,0.537046969,0.61066854,-0.0109404987,0.539100766,0.573161781,-0.00984228123,0.568727791,0.615186453,0.0158850495,0.568558216,0.573941052,-0.00158759521,0.573941469,0.6106565,-0.0112421466,0.577179074,0.633879483,-0.0144447219,0.596254349,0.609543443,0.0128150843,0.596034,0.569369614,-0.005996319,0.600365579,0.616299331,-0.011023405,0.600998521,0.635660887,-0.00868937559,0.621503234,0.610782146,0.00542477658,0.622261941,0.574709356,-0.0141163506,0.623534739,0.618100703,-0.00797253475,0.623250067,0.638347,0.00259758509,0.648082614,0.617115438,-0.00294341496,0.646176815,0.583646357,-0.0112954229,0.644998074,0.612861,-0.00260874233,0.643955886,0.629578352,0.00725962408,a
0.626236,0.701280236,-3.40909907e-07,0.576166034,0.685575426,-0.00939661544,0.543267548,0.637503743,-0.0104704564,0.536251485,0.58335048,-0.0131906914,0.538847387,0.547225237,-0.0122820511,0.565509439,0.589879274,0.0117599899,0.567432225,0.547584891,-0.00633942708,0.571872592,0.586207271,-0.0156847741,0.573013,0.608967,-0.0186441876,0.593171299,0.58684957,0.00912412815,0.595496535,0.545746386,-0.0099208327,0.597313464,0.593952298,-0.0144912787,0.594984591,0.611531556,-0.0120935198,0.618399262,0.590460598,0.00228828564,0.621509135,0.553152919,-0.0175102074,0.620708883,0.598070502,-0.0114766536,0.618027031,0.617758095,-0.00127615908,0.644165397,0.5988276,-0.00557702594,0.64563632,0.564841926,-0.0145104835,0.642995358,0.59450984,-0.00666177645,0.639890432,0.611378849,0.00247686543,a
0.628324509,0.689797342,-3.48298983e-07,0.578903258,0.666759789,-0.00639869971,0.547687888,0.620503068,-0.00681364816,0.542051,0.568134129,-0.00968976412,0.546367,0.531523705,-0.00951597653,0.571213961,0.573068321,0.0149798766,0.572927833,0.533614278,-0.00215412979,0.574207306,0.570516586,-0.0118217412,0.575260401,0.593657196,-0.015257963,0.598927915,0.570970356,0.0108080357,0.601083,0.530861199,-0.0080680605,0.599461138,0.578621089,-0.0134956595,0.598329425,0.597890198,-0.0116491644,0.624643,0.575641036,0.00280146278,0.626738369,0.539468229,-0.0166966934,0.622469068,0.584762514,-0.0110671651,0.620515764,0.605155349,-0.00100881222,0.651493609,0.585582435,-0.00594017934,0.650382638,0.551450789,-0.0144661749,0.645413458,0.581683874,-0.00597953284,0.642967224,0.599035621,0.00371193886,a
0.639887273,0.689448357,-3.83097444e-07,0.587592363,0.660588384,-0.00836045761,0.556232333,0.607987225,-0.0100548146,0.552496672,0.552350283,-0.0141251376,0.556791902,0.513403654,-0.0148279238,0.583399534,0.558141947,0.0148752201,0.586880267,0.517827868,-0.00501922844,0.585836589,0.556608856,-0.0165689215,0.585326791,0.579758883,-0.0206684358,0.611735404,0.558840096,0.0110502476,0.614853382,0.517992914,-0.00891132094,0.610915959,0.5676983,-0.0144668641,0.609671772,0.585910738,-0.0125280349,0.638572,0.563640058,0.0027797753,0.64087522,0.526306629,-0.0179860666,0.635334611,0.573998213,-0.0117270434,0.633990049,0.594424605,-0.000942273822,0.666031778,0.572743714,-0.00649730861,0.665094733,0.538254082,-0.0154080335,0.65859592,0.570255518,-0.00617848895,0.657221377,0.587860763,0.00425501307,a
0.642876923,0.688365817,-3.97008819e-07,0.590673685,0.658593416,-0.00823876727,0.561810434,0.604290724,-0.00979090668,0.559029222,0.547353387,-0.0138222119,0.559890389,0.506849229,-0.0145622361,0.588419735,0.551879346,0.01594631,0.591567516,0.509316862,-0.00357280136,0.590757668,0.549220443,-0.0158021078,0.590929747,0.576672196,-0.0205687061,0.616709173,0.551855505,0.0117705222,0.619851828,0.508287847,-0.00836365297,0.615572,0.559895396,-0.0150076635,0.614420772,0.583248615,-0.0138234543,0.643482327,0.558482826,0.00320166955,0.646427393,0.517777801,-0.0173187759,0.639678478,0.566485226,-0.0114334133,0.637847304,0.590173662,-0.0010554929,0.671523094,0.570644319,-0.00641911663,0.671189368,0.535837948,-0.0157717187,0.663004458,0.568242729,-0.00699813152,0.659717321,0.586589634,0.00305042719,a
0.641104519,0.69294256,-4.13031245e-07,0.589147806,0.652041614,-0.00410719356,0.564584374,0.595446587,-0.00551209552,0.564028382,0.541404366,-0.0110366074,0.564984858,0.500486791,-0.0140346587,0.594847381,0.547859371,0.0177234653,0.59703362,0.502414,-0.0019479628,0.592975855,0.53986454,-0.0149140358,0.592798829,0.571117878,-0.0197204761,0.621922493,0.550051332,0.0112685822,0.624387085,0.501163542,-0.00839702599,0.616168201,0.549935281,-0.0156348571,0.615593314,0.578569293,-0.0147411469,0.648794591,0.557764173,0.000923230429,0.650796831,0.50972414,-0.0176692605,0.640484929,0.55683279,-0.0121179959,0.638903618,0.586376667,-0.00211806013,0.676929176,0.571197271,-0.010328508,0.67637527,0.528872252,-0.018429555,0.664627671,0.55742985,-0.0097683724,0.660450518,0.580212176,0.000252255239,a
0.634907961,0.710591733,-4.27323243e-07,0.579356,0.67462492,-0.00426469138,0.55033803,0.620550931,-0.00551660452,0.545555055,0.564279377,-0.0108953435,0.542377234,0.521504164,-0.0136626018,0.576995075,0.567608476,0.0189726967,0.576659858,0.518397689,-0.000747679034,0.574210823,0.55516088,-0.0141240098,0.575160503,0.586453676,-0.0194101483,0.604746878,0.565863967,0.0125282556,0.604058385,0.515144527,-0.00758127,0.598828793,0.564841747,-0.0157583114,0.5996539,0.593586683,-0.0156132374,0.632750809,0.56987381,0.00211398746,0.631789088,0.520327508,-0.0171395764,0.624640763,0.56891036,-0.0118704978,0.625225306,0.599228144,-0.0020018518,0.662590623,0.57972604,-0.00919880718,0.658977509,0.53663981,-0.0174318813,0.649452329,0.56797564,-0.0084787216,0.64740026,0.591406763,0.00168162293,a
0.562924325,0.823526919,4.44555383e-07,0.497005492,0.805274844,-0.0179882832,0.449945211,0.731238484,-0.0155007336,0.4655599,0.667805374,-0.0127073331,0.501771331,0.664009333,-0.0087140277,0.465162754,0.644130111,0.0260623321,0.45042783,0.573933184,0.0335796066,0.444145858,0.532902062,0.0298679378,0.440184146,0.497840583,0.024231825,0.495118499,0.627286911,0.0287964437,0.477503538,0.552267492,0.0417454913,0.467775494,0.505372405,0.0406252332,0.461863428,0.469339252,0.0381656438,0.524295747,0.626318038,0.0261066295,0.509473264,0.559928477,0.0370616727,0.497733325,0.517545,0.0353947394,0.490267962,0.487298,0.0319826715,0.557722628,0.632395387,0.0191263109,0.545301676,0.576534271,0.0263318438,0.53508234,0.546320736,0.028763663,0.526979387,0.52221781,0.0291074757,b
0.510357916,0.784526,3.41162377e-07,0.442531973,0.754740119,-0.017136151,0.392003477,0.677353859,-0.0219577644,0.395617694,0.610692382,-0.0272142459,0.434984,0.607465327,-0.0326566137,0.433283895,0.548688889,0.00580262486,0.428451747,0.46897763,-0.0037879108,0.431006402,0.419760704,-0.0188972708,0.435094148,0.378564715,-0.0322177298,0.465625525,0.538037,0.00182141515,0.458923429,0.450771034,-0.00387389096,0.459366202,0.397754878,-0.0143236462,0.461212,0.353117377,-0.0229952466,0.497098416,0.545234799,-0.00660672085,0.489536852,0.46118623,-0.0130322762,0.486348152,0.41118443,-0.0199776236,0.486548185,0.370280385,-0.0256517306,0.531812489,0.568055928,-0.0184120294,0.52775979,0.502949178,-0.0236758832,0.525131166,0.462932855,-0.0253099333,0.524354339,0.428075552,-0.0272538606,b
0.597284317,0.767146,4.3732166e-07,0.530688286,0.726623178,-0.017135432,0.490376443,0.640288353,-0.0226439,0.507851303,0.57898128,-0.0283382609,0.549080372,0.584518492,-0.0344303027,0.538874805,0.519327223,0.00166197342,0.541989684,0.43537879,-0.0076944395,0.54738903,0.384500444,-0.0218826514,0.554149568,0.341843247,-0.0344528221,0.575993657,0.514747322,-0.00261803344,0.578244209,0.422198415,-0.00770544214,0.58190757,0.364419699,-0.0177347176,0.586355746,0.317040622,-0.0262728091,0.610121071,0.528556168,-0.0110214502,0.611217082,0.441065341,-0.0161570273,0.611865163,0.387294352,-0.023265155,0.614028692,0.344535381,-0.0294471979,0.645443141,0.558407,-0.0226465091,0.646975338,0.488672704,-0.0271277241,0.645932794,0.446115702,-0.028291937,0.644997358,0.410995752,-0.0299545843,b
0.647367418,0.787360668,4.02598403e-07,0.578082383,0.734110594,-0.017929865,0.539041,0.641713321,-0.0212608,0.565584421,0.576957762,-0.024446791,0.612398148,0.58451587,-0.027102001,0.591710508,0.523355424,0.00971537735,0.597443044,0.437079132,0.00425157789,0.603500247,0.385200083,-0.00899323821,0.60976845,0.340001523,-0.021879632,0.630962074,0.520114481,0.00655186549,0.633585691,0.423047245,0.00534017663,0.638090789,0.363782883,-0.00414284458,0.641804397,0.314988077,-0.0131424144,0.663763881,0.537129581,-0.00131631829,0.667976558,0.447841316,-0.00404834701,0.669088542,0.391815901,-0.0115309283,0.670605958,0.348703414,-0.0185236558,0.699792147,0.570702136,-0.0127970362,0.703009,0.497308195,-0.0171768963,0.701631725,0.452961415,-0.0191265959,0.699734,0.415249288,-0.0214797202,b
0.669810653,0.797309518,4.51302895e-07,0.599642336,0.743577242,-0.016647581,0.563738823,0.643023074,-0.0175838526,0.595160544,0.582731545,-0.0184154324,0.641634643,0.598018,-0.0187973175,0.6164518,0.5291484,0.0137368487,0.621783614,0.441330433,0.0105421981,0.627914,0.388786912,-0.00140799349,0.634342492,0.342695534,-0.0137128439,0.657858491,0.526393235,0.0106438017,0.661603332,0.427724689,0.0119070988,0.666405737,0.368175685,0.00320229447,0.669644713,0.316879153,-0.00552546186,0.692159891,0.544512153,0.0027110572,0.697346926,0.454169512,0.00244505587,0.698472142,0.398770094,-0.00500112679,0.698882818,0.355289519,-0.0126229115,0.729170918,0.578700781,-0.00882147253,0.733523,0.502779126,-0.0114674382,0.733087242,0.458695859,-0.0132980822,0.731113791,0.420376658,-0.0160812717,b
0.660667717,0.798162222,4.21197626e-07,0.590561867,0.743439674,-0.0184223857,0.554526031,0.647627771,-0.0207589585,0.588337183,0.587892652,-0.0227556713,0.636353493,0.59676367,-0.0243913028,0.606086493,0.534193397,0.0100095961,0.611894488,0.446717083,0.0045743729,0.617909729,0.39364326,-0.00858964212,0.623615205,0.347616851,-0.0213586446,0.647371113,0.530645549,0.007406021,0.650899708,0.430245399,0.00616958737,0.654695451,0.370175809,-0.0036313748,0.656619668,0.320154,-0.0127858864,0.680920362,0.54718703,-3.76687167e-05,0.686595201,0.456399351,-0.00219284208,0.686365843,0.399476767,-0.0099402247,0.685618043,0.355978072,-0.0174062233,0.717684269,0.580283582,-0.0111698983,0.722141445,0.505506337,-0.0150322122,0.720262408,0.461314857,-0.0171243455,0.716816962,0.42421031,-0.0198381674,b
0.635370672,0.793799639,4.02134617e-07,0.565422893,0.749232113,-0.0208374541,0.52447021,0.653871775,-0.0246776044,0.553508461,0.585757911,-0.0278250873,0.601606429,0.592625,-0.0304241534,0.571721256,0.536105096,0.00642792415,0.575104713,0.447874099,0.00130546431,0.580605388,0.394974589,-0.011208,0.586325943,0.349876612,-0.0234980546,0.611870885,0.529720068,0.00524719106,0.612196386,0.432503313,0.00509789446,0.615841746,0.374362826,-0.00309365802,0.619057119,0.326747239,-0.0111575481,0.646209598,0.543619633,-0.000750432257,0.647018433,0.453567147,-0.0020599491,0.646403134,0.398447335,-0.00874752831,0.647049487,0.356820077,-0.0154580725,0.682600558,0.573402464,-0.0107120043,0.683542,0.501549363,-0.0138683347,0.680405378,0.45859167,-0.0155671416,0.67753458,0.422978222,-0.0179514363,b
0.598915577,0.795470238,4.4072425e-07,0.527651787,0.755247653,-0.018335918,0.486420333,0.664779544,-0.0218511801,0.511087,0.598931372,-0.0251242127,0.556891322,0.605600238,-0.028297605,0.532742083,0.545243859,0.00720246,0.535158098,0.458004981,0.00189740339,0.539128602,0.406011343,-0.0104887011,0.543896377,0.361418,-0.0227115359,0.572137356,0.537433207,0.00416533882,0.572251,0.440160334,0.00284059532,0.574210644,0.380116761,-0.00590863032,0.575883865,0.332116544,-0.0142708151,0.606791437,0.550918937,-0.00359800039,0.606677592,0.460329205,-0.0063161226,0.604513049,0.404248297,-0.014432339,0.603321314,0.361035049,-0.0220370553,0.643810689,0.580336332,-0.0149047878,0.644701302,0.506716,-0.0197493732,0.64127773,0.462545335,-0.022937227,0.637366176,0.42559731,-0.0264148228,b
0.569274306,0.799602926,4.59685708e-07,0.497259915,0.766384,-0.0193412825,0.453453839,0.677903533,-0.0237280969,0.476561904,0.611141443,-0.0275715217,0.522804677,0.616101444,-0.0314174332,0.499093533,0.558648825,0.0038328534,0.498544633,0.471486419,-0.00371666858,0.503033876,0.418415487,-0.0179862529,0.509364843,0.373234451,-0.0310504269,0.53866446,0.548475266,0.0014586813,0.535480797,0.45283854,-0.00171282177,0.536479414,0.3918145,-0.0121153323,0.538810909,0.342607915,-0.0212231819,0.573952317,0.559525549,-0.00543831056,0.570908427,0.470231,-0.00907213,0.568241656,0.41498518,-0.0173785612,0.568062186,0.372447044,-0.0246398859,0.611567199,0.585953474,-0.0158593338,0.608970344,0.511107326,-0.0200419575,0.605169237,0.468644828,-0.0220436435,0.601955533,0.433379561,-0.0244194604,b
0.539247811,0.798546433,4.77703395e-07,0.467650592,0.769457757,-0.0174695868,0.424266219,0.68566674,-0.0210229736,0.443348259,0.621277273,-0.0240890831,0.488310039,0.6244151,-0.0271071065,0.46833095,0.562869728,0.00570263388,0.467786,0.477508187,0.000349541078,0.470501751,0.426134855,-0.0117559936,0.474164635,0.382237196,-0.0236114152,0.507695198,0.552163064,0.0024824813,0.50535804,0.457918942,0.000775779132,0.505793333,0.399186313,-0.00828728452,0.50670433,0.352147162,-0.0163569823,0.543391049,0.563002825,-0.00503297243,0.540495336,0.473759294,-0.00850292388,0.536712468,0.418449908,-0.0169429686,0.534095585,0.373989344,-0.0243388321,0.581398308,0.590573072,-0.015680857,0.578836799,0.516791701,-0.0212000161,0.574345291,0.473880082,-0.0242525339,0.56944716,0.436552167,-0.0272210296,b
0.529673,0.820464611,4.38240761e-07,0.456763655,0.790107667,-0.021026941,0.407158464,0.703071237,-0.0263415277,0.421895117,0.629775584,-0.0311379377,0.468787789,0.631735325,-0.0354194082,0.450205505,0.575699747,0.00665585,0.447785407,0.487349451,0.000604145869,0.450126201,0.435264498,-0.0129688028,0.453781277,0.389020264,-0.0260924399,0.489205182,0.564753771,0.00461625028,0.483754,0.468186677,0.00259267702,0.483104259,0.407885134,-0.00739898346,0.482948929,0.357665122,-0.0165816639,0.524727225,0.575218439,-0.0023294494,0.519514322,0.484469235,-0.005460463,0.514718592,0.428529024,-0.013531805,0.511868298,0.384222388,-0.0208592899,0.563213944,0.600239217,-0.0131154135,0.558529377,0.525650501,-0.0164765343,0.553450942,0.482025623,-0.0182716362,0.549321711,0.443909734,-0.0208358616,b
0.565099359,0.822611868,4.72747018e-07,0.497683,0.801446199,-0.0183519758,0.45250234,0.728366613,-0.0159670562,0.470321059,0.66579175,-0.0135221435,0.505299449,0.659920633,-0.00975636393,0.467333704,0.642260075,0.029318789,0.453142643,0.5712412,0.0375686176,0.44672972,0.528833389,0.0344039574,0.442872107,0.493117809,0.029110413,0.498442352,0.626188,0.0315358527,0.480864972,0.550306499,0.0452901535,0.470682591,0.502255619,0.0447986685,0.464704424,0.465475649,0.0429496877,0.528020799,0.625168681,0.0277430192,0.513181746,0.557636678,0.038748581,0.500823677,0.514101803,0.0374007709,0.491976708,0.481724232,0.0342479199,0.561947525,0.630175471,0.019429801,0.549721718,0.573093653,0.0256231949,0.53893739,0.542677939,0.0273723565,0.528954148,0.517487,0.0273554698,b
0.497935504,0.832859397,4.68695163e-07,0.424635142,0.812563717,-0.0201529264,0.372995496,0.730674446,-0.0256623477,0.386594564,0.658813953,-0.0304891709,0.432947904,0.655405283,-0.035307005,0.411285281,0.600509346,0.0018338674,0.406441301,0.512378871,-0.00643872377,0.40810746,0.45862183,-0.02064275,0.411896288,0.412904561,-0.0335208476,0.450753689,0.585659623,-0.0004798749,0.443735868,0.488228023,-0.00458146073,0.44179216,0.426907361,-0.0148295136,0.441889405,0.376535714,-0.0235527661,0.48785463,0.592310071,-0.00724973436,0.481274068,0.501108348,-0.0121898856,0.476620883,0.445826232,-0.0202056952,0.474652767,0.402020454,-0.0268766731,0.527891219,0.614802,-0.0174852181,0.521736622,0.539391935,-0.0224501938,0.515766859,0.495935,-0.0242604706,0.510407329,0.459057331,-0.0262858141,b
0.47300756,0.846848726,4.88675312e-07,0.40003565,0.832461596,-0.0196686704,0.34586668,0.755933821,-0.0253883023,0.356027424,0.685245693,-0.0306067634,0.402851582,0.678493738,-0.035622783,0.381264269,0.616915166,0.00320996158,0.374511182,0.529517353,-0.00374652632,0.374772787,0.477546811,-0.0168638285,0.377549589,0.433463275,-0.0290635955,0.419815689,0.599877477,0.000778822869,0.409837186,0.502912402,-0.00184000086,0.406475335,0.44279927,-0.0106907161,0.406208724,0.394414127,-0.0184305254,0.457467437,0.6047225,-0.0061256364,0.447739691,0.51305306,-0.00998601411,0.441756338,0.458584189,-0.0169720184,0.439035743,0.415873,-0.0230314024,0.498464972,0.626282752,-0.0164699834,0.490842342,0.550654948,-0.0210048016,0.484129429,0.507953644,-0.0223275516,0.478182435,0.472235739,-0.0239183381,b
0.448293269,0.866999507,5.06267497e-07,0.37290448,0.858140111,-0.0206267834,0.314709306,0.783999562,-0.0259342231,0.32271874,0.710557401,-0.030419236,0.370278716,0.700693667,-0.0347083583,0.346823305,0.643184781,0.00453743432,0.335772812,0.555383,-0.001927807,0.333445,0.501827478,-0.0156056089,0.333556682,0.455825984,-0.0286000129,0.385581166,0.622085154,0.00243026507,0.371167868,0.526470959,-0.000114217291,0.364594311,0.465660632,-0.0104623958,0.359890819,0.415369391,-0.0195402801,0.423223525,0.62388432,-0.00432031229,0.410696328,0.534278572,-0.00864922162,0.402363807,0.479246616,-0.0173644498,0.396464378,0.435408533,-0.0247365013,0.465393066,0.641908407,-0.0145461727,0.453947484,0.566758871,-0.0197438337,0.445307314,0.523736775,-0.0220836177,0.43698144,0.486175537,-0.0245821439,b
0.435354888,0.854866505,5.73236548e-07,0.358090758,0.850135505,-0.0207607988,0.301459372,0.779297709,-0.0256958529,0.307692885,0.710068047,-0.0292883683,0.356124878,0.703124762,-0.0327383727,0.337080777,0.647062302,0.000876785605,0.32735163,0.559326768,-0.00753688347,0.324831963,0.504186094,-0.0211845618,0.325356811,0.456627876,-0.0338681713,0.37496236,0.62681365,-0.00122270221,0.362088,0.530738235,-0.00701758731,0.356717229,0.467717707,-0.018951619,0.352397054,0.412891209,-0.028573487,0.41197747,0.628981352,-0.00777284475,0.399881393,0.538184643,-0.0160105918,0.390962601,0.482306838,-0.0275428724,0.384631485,0.435371757,-0.0360932611,0.453837395,0.645773411,-0.0173162706,0.441411078,0.569604635,-0.0262128096,0.433894396,0.525910556,-0.031435553,0.426435053,0.485455871,-0.0356868804,b
0.433948874,0.844763637,5.45030275e-07,0.364101171,0.831991553,-0.0185784176,0.312092185,0.756693721,-0.0255648233,0.314088255,0.688696384,-0.0323901065,0.357994,0.686538696,-0.0392067693,0.349116594,0.623416662,0.000139150841,0.346482038,0.536011,-0.00871337764,0.347826779,0.48320362,-0.0221189726,0.351189613,0.438470721,-0.0343225487,0.385691643,0.608255,-0.00371609372,0.379038692,0.511365116,-0.0092407316,0.377246112,0.450478435,-0.0186308362,0.376531303,0.399977565,-0.0263828374,0.422378212,0.612865031,-0.0117584374,0.414445549,0.520290792,-0.0181779396,0.410180956,0.465955734,-0.0256034713,0.407427758,0.422138482,-0.0315342844,0.461413205,0.632840633,-0.0229485873,0.454431236,0.556470275,-0.0289459042,0.44925338,0.512092054,-0.0311116148,0.443911552,0.473746836,-0.0332955047,b
0.445664883,0.823068678,4.57186189e-07,0.381777614,0.803776503,-0.0169494934,0.337719738,0.727827251,-0.0238359086,0.337918222,0.661691546,-0.0312945135,0.373202652,0.660966277,-0.0389321707,0.379861981,0.59550494,0.0010797719,0.381436229,0.512759566,-0.00930108,0.385956347,0.462276459,-0.0237367731,0.392220855,0.419787884,-0.0363442339,0.413249016,0.585148752,-0.004442723,0.411944568,0.491411626,-0.0117185535,0.413449615,0.430588245,-0.0219144374,0.416838765,0.381068915,-0.0302047376,0.445866644,0.593397796,-0.0140940072,0.443163335,0.503063738,-0.0219156332,0.442385316,0.447531879,-0.0291100051,0.444095641,0.401985228,-0.0348876975,0.479628265,0.617161214,-0.0268645305,0.477719188,0.544394791,-0.033097636,0.475960314,0.499650419,-0.03479895,0.475102484,0.460990846,-0.0367978886,b
0.461001843,0.816665709,4.54848958e-07,0.395359069,0.789153814,-0.0111965556,0.354693,0.708233893,-0.0148602491,0.355215907,0.641264796,-0.021226272,0.388446033,0.642780364,-0.0279330313,0.40281561,0.582670629,0.0154339187,0.404099554,0.499491036,0.00864263,0.409507364,0.448983,-0.00510509359,0.416889757,0.405371904,-0.01776875,0.433230847,0.573616743,0.0062199505,0.432984471,0.480834305,0.00226589735,0.436187536,0.418256223,-0.00846004672,0.440606415,0.367529452,-0.0177071933,0.462323934,0.582900703,-0.00753054069,0.461064756,0.493969858,-0.0121578155,0.462207139,0.436660469,-0.0197484028,0.465310603,0.390126348,-0.0266416632,0.492521,0.605954587,-0.0244785976,0.489928126,0.532731175,-0.0274983812,0.489698052,0.487351239,-0.0284025222,0.491186827,0.447820812,-0.0306795966,b
0.474145055,0.822648883,4.30393754e-07,0.406834304,0.792350352,0.00980404951,0.371036023,0.713251114,0.0162661523,0.367442191,0.6490134,0.0140762841,0.391091287,0.646689,0.0104763154,0.41218549,0.592828453,0.0488758087,0.411662638,0.512987196,0.0514711179,0.414818555,0.461714119,0.0426771082,0.420358151,0.41750437,0.0324709453,0.4385539,0.582184613,0.0278599989,0.435679078,0.489851475,0.0320241414,0.436331719,0.424967051,0.0226698201,0.439506173,0.373250663,0.0135298036,0.464134604,0.588297606,0.00260358676,0.459628344,0.499615371,0.00336884684,0.458677,0.440965652,-0.00348858396,0.460579902,0.392192632,-0.010961025,0.48878777,0.606891334,-0.024699565,0.48121959,0.532105148,-0.0249886382,0.479333758,0.48655194,-0.0253557395,0.480119884,0.445668578,-0.0280236341,b
0.478736043,0.819603443,4.78599475e-07,0.418583184,0.79260844,-0.00167957938,0.385127395,0.715803504,-0.00235928968,0.380611867,0.652133524,-0.00911572855,0.403073251,0.645609736,-0.0168868527,0.422248751,0.594505548,0.0288841594,0.423496187,0.516603529,0.0237005129,0.429425,0.463093281,0.0116781741,0.438880146,0.418236613,0.000448753679,0.445686221,0.582036138,0.0128839808,0.444647372,0.490401953,0.00945445,0.447904229,0.42490381,-0.0011765979,0.453252256,0.370760083,-0.00992373377,0.470987469,0.587964952,-0.00758531364,0.467095226,0.49770242,-0.0129885897,0.467800677,0.437731326,-0.0209140088,0.470613956,0.387321293,-0.0279125515,0.49726522,0.60860306,-0.0306768976,0.491618931,0.53269136,-0.0353311,0.491163373,0.483894229,-0.0373599455,0.493031979,0.440343022,-0.040398214,b
0.488812864,0.817148328,4.74250214e-07,0.426211894,0.793017149,-0.0040740557,0.388158679,0.715008616,-0.00478422828,0.382944524,0.649831533,-0.0105477488,0.411292583,0.644461274,-0.0169070382,0.428902596,0.59074086,0.0270219315,0.428814977,0.510877252,0.0231879354,0.432850182,0.460122347,0.0118819689,0.439420432,0.416653425,0.000890238443,0.454501718,0.578249276,0.0134592839,0.453746796,0.485552847,0.0122248242,0.45514825,0.422400415,0.00272133923,0.457586199,0.370180905,-0.00561625417,0.48068428,0.583284259,-0.00458511,0.476965785,0.493715584,-0.00753987767,0.475941122,0.435129642,-0.0147542618,0.47668612,0.386242688,-0.0214968547,0.506971538,0.602486551,-0.0254866425,0.500711083,0.528045058,-0.0279944818,0.498898208,0.480968833,-0.0291413851,0.499245077,0.440334439,-0.0316934846,b
0.554470837,0.810414195,3.75360656e-07,0.490278,0.793653905,-0.0148168076,0.443952143,0.718583643,-0.0144073,0.458993912,0.656699836,-0.013840613,0.497548074,0.657506287,-0.0132202441,0.463701755,0.628652155,0.00978679,0.452645749,0.554925859,0.00729443273,0.450292617,0.51068747,-0.00158478192,0.450295299,0.471984357,-0.0105718412,0.494899094,0.611385822,0.0086072376,0.481500596,0.532999873,0.00934922788,0.476060539,0.483189464,0.00287068868,0.473112792,0.442818284,-0.00307112304,0.525681674,0.612513125,0.00337626738,0.513881624,0.540377,0.00241816672,0.505408227,0.496675372,-0.00393374264,0.500449121,0.463666856,-0.00953437109,0.560132504,0.624045849,-0.00481966138,0.550074577,0.564343631,-0.00767859537,0.542298496,0.529473066,-0.00985032879,0.535999715,0.500445247,-0.012230468,b
0.490940422,0.814217508,4.44758939e-07,0.421487212,0.792868435,-0.0108285826,0.37640515,0.713924289,-0.0115673412,0.378443241,0.648681,-0.014256102,0.413136572,0.646980524,-0.0171872247,0.418928862,0.590090036,0.0162679404,0.417135328,0.507509887,0.0111859217,0.419816792,0.457447171,-0.00109113695,0.424417168,0.413717091,-0.0128122643,0.452083349,0.576580405,0.00872683618,0.447360903,0.483861923,0.00611322373,0.446997523,0.422247618,-0.00378414337,0.448129416,0.371863723,-0.0123253511,0.484297335,0.582007229,-0.00321608502,0.478349775,0.493871152,-0.00753447693,0.475634754,0.438156188,-0.0155007076,0.475044608,0.391565919,-0.0224387385,0.519254,0.600970089,-0.0180240981,0.512394369,0.52725184,-0.0224103704,0.508457601,0.482937634,-0.0244693924,0.505584,0.443189323,-0.0272149928,b
0.490327537,0.811376393,5.10993914e-07,0.418997258,0.788764536,-0.0158498138,0.372515172,0.707807183,-0.0190296024,0.38044256,0.643335104,-0.0222898852,0.420718759,0.64630419,-0.0255789142,0.41770649,0.584048033,0.00742621068,0.416721553,0.497636765,0.00152125699,0.42011562,0.445827603,-0.0106699131,0.4253847,0.401062429,-0.0222806036,0.455019,0.57189095,0.00307668163,0.451175183,0.475568056,0.000154111287,0.451648742,0.413795292,-0.00897334144,0.453086138,0.363402486,-0.0168751813,0.489627182,0.580577135,-0.00562794507,0.486096621,0.490487844,-0.010181264,0.48427406,0.435220718,-0.0182352215,0.483963549,0.390816301,-0.0250933785,0.526568294,0.60376,-0.0173465721,0.522347033,0.529082835,-0.0228289049,0.518805623,0.485061,-0.0256677289,0.515050173,0.445911467,-0.0286992099,b
0.48977989,0.81047368,5.01868897e-07,0.419606835,0.785491824,-0.0208302718,0.372135162,0.700018167,-0.0267805476,0.391910762,0.630556881,-0.0318539105,0.439268231,0.634575069,-0.0375070348,0.415065318,0.576594532,-0.00100921444,0.414570451,0.48928076,-0.00977298804,0.417966068,0.436946273,-0.0244195946,0.423530042,0.391333938,-0.038060952,0.454218268,0.564283311,-0.00346106454,0.450863838,0.470015138,-0.00843346398,0.450904697,0.409814507,-0.0198950805,0.451342434,0.358951896,-0.0298694614,0.4903934,0.574639559,-0.0103259254,0.487999678,0.485758483,-0.0167769864,0.485867381,0.429108322,-0.0273544211,0.484402776,0.384572595,-0.0360449553,0.527972877,0.600744307,-0.0204723533,0.523931563,0.525497377,-0.0286837798,0.519205511,0.480269432,-0.0335936099,0.513861299,0.441146553,-0.037955422,b
0.498814791,0.815814,5.00547344e-07,0.428100556,0.785239279,-0.0254995544,0.38084048,0.695483088,-0.0316551514,0.40755102,0.626016796,-0.0363705941,0.453981519,0.628749728,-0.0409702398,0.420820624,0.574453,0.00285174232,0.417143196,0.484274864,-0.00293033663,0.418233275,0.429897964,-0.0171892513,0.420007825,0.382525027,-0.0308840983,0.460577548,0.56383127,0.00348400837,0.4533678,0.467574775,0.00289062643,0.450468689,0.405611396,-0.00768338284,0.448854446,0.353988856,-0.0176699329,0.495943248,0.574036539,-0.00104830414,0.491848707,0.484863281,-0.00189715205,0.486112833,0.427500188,-0.00992582366,0.482608438,0.383260816,-0.0177887827,0.533348501,0.597765,-0.0100014154,0.528952181,0.525184333,-0.0124242557,0.521900833,0.481712908,-0.014217427,0.515398741,0.444325686,-0.0169902779,b
0.506144702,0.811069727,4.17729979e-07,0.44261241,0.771631718,-0.0255967285,0.405505389,0.682717681,-0.0323585346,0.439415544,0.619804859,-0.038085524,0.488830298,0.624355078,-0.043495331,0.431204468,0.564335823,0.00050541485,0.427366406,0.472892106,-0.00705396,0.425795764,0.417615354,-0.0211438574,0.423581779,0.369578481,-0.0340955518,0.467982978,0.554632664,0.0006768147,0.461777925,0.456885815,-0.00191552797,0.457297117,0.395428538,-0.0127884308,0.45257014,0.345154107,-0.0224159397,0.501595199,0.56455785,-0.00424203,0.498457313,0.474095881,-0.00685497746,0.491691083,0.417675257,-0.0169942845,0.484788716,0.37427932,-0.0257693715,0.53567946,0.587881923,-0.0135919107,0.534888804,0.517899632,-0.0167130791,0.527494609,0.476248443,-0.0199737716,0.519191504,0.441683292,-0.0235629249,b
0.512039,0.805712104,3.85290264e-07,0.449018478,0.760628,-0.0236070193,0.416853905,0.660765588,-0.0269426927,0.45447877,0.599473417,-0.0295592807,0.501444221,0.609743595,-0.0318505093,0.440460324,0.55835712,0.00606297376,0.435822725,0.467259228,0.00012168027,0.433603823,0.411650568,-0.0121603915,0.431288719,0.36392498,-0.0238298029,0.475813955,0.549540222,0.006185445,0.469298482,0.452688903,0.00408332143,0.463821709,0.390771866,-0.00633568037,0.457534671,0.339591414,-0.0154323829,0.507924616,0.560998559,0.000949992565,0.504494965,0.472145438,-0.00193805038,0.495764852,0.414518356,-0.0133143449,0.486021787,0.369283736,-0.0228887051,0.540521383,0.584476471,-0.00850381423,0.539002776,0.515345812,-0.0125433961,0.530113816,0.4739573,-0.0174406879,0.51937747,0.439286828,-0.0223981235,b
0.525678635,0.787603438,3.233028e-07,0.468704909,0.745919108,-0.0276097227,0.439868122,0.655626774,-0.0328642838,0.477045804,0.598373234,-0.0353078432,0.525442541,0.596707642,-0.0368804671,0.454237372,0.557165444,-0.00519042369,0.446975291,0.465097159,-0.0137144225,0.441945821,0.408774614,-0.0265622605,0.436914176,0.361660421,-0.03780929,0.487957478,0.546650171,-0.00205019792,0.478219151,0.449859321,-0.00564832846,0.468614072,0.388523787,-0.0167686865,0.458412349,0.337891698,-0.0262268912,0.518113,0.555000842,-0.00368938246,0.511714339,0.469761,-0.00718910107,0.501088738,0.412990123,-0.0186667126,0.489290953,0.367724329,-0.0282541271,0.549015701,0.575070798,-0.00947319809,0.544716954,0.507955313,-0.0134033393,0.535397947,0.4680852,-0.0173740964,0.524659038,0.436970949,-0.0213122014,b
0.534333,0.789305091,4.07401785e-07,0.476125717,0.735834122,-0.0389815271,0.450270236,0.642305851,-0.0451346152,0.48969388,0.587060392,-0.0466975309,0.535297096,0.58924377,-0.0462746136,0.466968566,0.551641464,-0.00196077744,0.462273121,0.459995627,-0.00774921058,0.458959281,0.403693616,-0.0187898558,0.455563575,0.357546449,-0.0282902587,0.501246452,0.544637859,0.00650678063,0.494132876,0.445608318,0.00789652765,0.485586256,0.382900029,-0.000801658607,0.476838768,0.331781149,-0.00847490504,0.531334519,0.554559469,0.00766469026,0.527584851,0.46865046,0.00590340281,0.517927051,0.409961224,-0.0073942584,0.506857157,0.361782104,-0.0176738556,0.562067747,0.573953509,0.00320761767,0.559287846,0.507364452,0.000495559652,0.551509082,0.468549281,-0.00489046192,0.541920424,0.439134,-0.0099116452,b
0.541244,0.794129133,3.34596564e-07,0.476015121,0.7506212,-0.0247381516,0.442826629,0.654750764,-0.029013874,0.47994855,0.590687633,-0.0320402458,0.526921034,0.590225816,-0.0342675447,0.470650852,0.546125174,0.00495140627,0.467775971,0.459653139,-0.00164526398,0.466977894,0.406400412,-0.0147705339,0.465870321,0.361279935,-0.0270654727,0.50787735,0.538968801,0.00536892517,0.502845407,0.44379127,0.00256869849,0.498972327,0.384170294,-0.00842102896,0.494247675,0.335972548,-0.0180279128,0.540546954,0.551659286,0.000438815856,0.540198326,0.464512,-0.00377277634,0.535118222,0.408400416,-0.0141902855,0.529047132,0.36383909,-0.0231837481,0.574159861,0.576979697,-0.00863655191,0.572773516,0.509649932,-0.0138354078,0.566112,0.46922484,-0.0175224598,0.559304178,0.434174836,-0.021382248,b
0.541536868,0.792794347,3.87964576e-07,0.471266299,0.74760592,-0.0216571596,0.431612551,0.648587465,-0.0235573929,0.463226736,0.579726458,-0.0245749075,0.509925723,0.587229311,-0.0248455126,0.47511214,0.539018691,0.0119307693,0.476884454,0.452777535,0.0108788097,0.480766386,0.402846158,0.000346481247,0.4838413,0.3597,-0.0109179756,0.514224589,0.533563435,0.0123776598,0.513778329,0.438573807,0.0159760099,0.514616251,0.381479383,0.00837062299,0.514513552,0.335429341,0.000376161333,0.547419488,0.547632575,0.00768801663,0.549188495,0.460527211,0.00927692279,0.547294736,0.405559659,0.00209178729,0.545603514,0.364432096,-0.00534984,0.582985818,0.575733542,-0.00112378376,0.583851576,0.505530298,-0.0020599782,0.579211235,0.4639,-0.00344281737,0.574534059,0.428730875,-0.00605335,b
0.539336741,0.79281354,4.71588152e-07,0.475387812,0.775084257,-0.0178399161,0.429665476,0.702785671,-0.0233198423,0.44538188,0.643731594,-0.0283102412,0.488476515,0.650012553,-0.0341356471,0.460078,0.589341938,-0.00296486774,0.456839889,0.511870086,-0.0121495072,0.457489789,0.464176238,-0.0251234807,0.460913062,0.423770249,-0.0367822908,0.493232697,0.576374888,-0.00622791518,0.487276703,0.489586502,-0.0121758701,0.485388517,0.433099419,-0.022164559,0.485779226,0.387145281,-0.0303631797,0.525579393,0.583686471,-0.0133470288,0.521147907,0.502643585,-0.0207283627,0.518938124,0.451116055,-0.0307478048,0.51863718,0.410185039,-0.0382569879,0.559110045,0.605887532,-0.0232252963,0.555481672,0.538804412,-0.0313204676,0.552210748,0.497611046,-0.0360017531,0.550122142,0.462539732,-0.0398055241,b
0.543085098,0.78272748,3.3434992e-07,0.474737406,0.740645409,-0.015404583,0.435094655,0.647425652,-0.0150760897,0.457473159,0.579566061,-0.0147685912,0.500932038,0.583302557,-0.0138963452,0.483802974,0.538926244,0.0154041359,0.488015413,0.456117272,0.014234649,0.494450301,0.409235835,0.00459811883,0.500366926,0.368935,-0.00570580596,0.523010194,0.532603681,0.0133573571,0.525486,0.440251887,0.0159900971,0.529396236,0.387236118,0.00948195066,0.531259537,0.34400475,0.00278899726,0.555992603,0.546335638,0.00683084549,0.557122,0.460802913,0.00724039366,0.556576967,0.409240603,0.00252954918,0.556719601,0.370046139,-0.00260110828,0.592431366,0.574942291,-0.00304460386,0.592270851,0.504891276,-0.00394553365,0.589294,0.464346498,-0.00341511308,0.585821569,0.429437578,-0.00430611568,b
0.542955041,0.791386604,3.2509422e-07,0.474568874,0.736857891,-0.00983694941,0.439878017,0.646201611,-0.00619606255,0.457315713,0.573227704,-0.00436831405,0.498386204,0.577321053,-0.0015686336,0.499289244,0.541068494,0.0361824781,0.508112967,0.460639447,0.0414817221,0.517106712,0.41854912,0.0338403173,0.524617553,0.381496072,0.024129577,0.537198901,0.536583781,0.0320169441,0.546459734,0.44551909,0.0406935513,0.554867268,0.396445334,0.0350239761,0.56035,0.355203509,0.0282027647,0.567437232,0.55121994,0.0228281077,0.575673163,0.468613535,0.0286776442,0.579998493,0.419450551,0.0270938929,0.584899426,0.38122654,0.0232122801,0.602423,0.582023323,0.0101854485,0.606693,0.513587236,0.0157974083,0.608514905,0.475839347,0.0209963229,0.610429406,0.443325609,0.0225297399,b
0.540677726,0.79355073,2.53380023e-07,0.471185774,0.736139655,-8.74211255e-05,0.441970408,0.646347821,0.0117505826,0.457536846,0.578494191,0.0204934608,0.494028,0.583363116,0.0299747922,0.502710879,0.555494666,0.0519781522,0.511999488,0.480188727,0.0632321835,0.521229684,0.441983461,0.0596529767,0.530269682,0.408327907,0.0527641214,0.539050281,0.549612,0.0459643938,0.547991276,0.462827027,0.0593462475,0.556394696,0.418004692,0.0554466769,0.562006712,0.378881186,0.0498878509,0.56837374,0.561547518,0.0352824144,0.576384544,0.482766569,0.0442185923,0.580572605,0.437293589,0.043386545,0.586391747,0.400725245,0.0399757214,0.602974176,0.587735951,0.0221170038,0.605805,0.519152522,0.0293034445,0.609234571,0.483603805,0.034680631,0.612934053,0.453076035,0.0363183208,b
0.537929833,0.801037669,1.80383537e-07,0.468397141,0.74073565,0.0141867865,0.442825168,0.660952449,0.037628226,0.452528328,0.595210612,0.0553783141,0.481372237,0.591618896,0.0745050311,0.502211571,0.576173604,0.0861878768,0.511756,0.508115947,0.112173013,0.520491064,0.473838985,0.118259989,0.529710054,0.447606325,0.118408166,0.536556304,0.568618417,0.0787155107,0.544115543,0.488719821,0.108597659,0.552142918,0.450377345,0.113683514,0.558764577,0.41916123,0.114472561,0.566723049,0.575402141,0.0662948638,0.57298696,0.501566231,0.090170376,0.576477766,0.461169213,0.0967126787,0.582787573,0.429770589,0.0974167585,0.602480888,0.595606,0.051905673,0.606144905,0.533716619,0.071278125,0.608925581,0.502307236,0.082030274,0.612449408,0.478173673,0.0870860517,b
0.527171314,0.80126065,1.42229595e-07,0.461421788,0.745875239,0.0113777453,0.439055,0.666716337,0.0302773323,0.448218673,0.600595713,0.0439760536,0.475271106,0.594769716,0.0586811416,0.499809355,0.575914502,0.0703834295,0.510920286,0.508723617,0.0885660127,0.52093184,0.47322166,0.090242289,0.531814098,0.444784433,0.0877826437,0.5339818,0.568254292,0.0616489276,0.544467032,0.488047302,0.0833313391,0.554263473,0.448101461,0.0851434916,0.561547101,0.41400966,0.0837863907,0.563248873,0.575513601,0.0485236,0.572604716,0.500443816,0.0644656792,0.577506125,0.458729386,0.0682203323,0.584638178,0.425696909,0.0676884204,0.597414315,0.595782161,0.0336370505,0.602061689,0.532565176,0.0471883453,0.60684669,0.499512255,0.0560217202,0.612148702,0.47323963,0.0600535907,b
0.523552597,0.811236739,1.92052198e-07,0.459054917,0.788128674,-0.00563282,0.414386809,0.718908906,-0.00176927622,0.408299148,0.650285423,-0.000497814,0.438886702,0.629259765,0.00187215745,0.448269665,0.588876426,0.0326801091,0.442313671,0.516368151,0.0324409902,0.445985824,0.474273622,0.0222934801,0.452299416,0.438812673,0.0121108936,0.480014294,0.574215412,0.0259564035,0.46973592,0.492772669,0.0284355134,0.469152123,0.445679337,0.0206197351,0.469484866,0.406004429,0.0132827787,0.509856284,0.576607883,0.0148123773,0.500308454,0.497301459,0.0142758358,0.495472103,0.451668,0.0120077366,0.495175,0.41292575,0.00903504,0.54816103,0.592135131,0.000982725294,0.539383948,0.526038468,0.00229058,0.534889638,0.489492834,0.00612846855,0.531354606,0.456646204,0.00756196864,b
0.514579952,0.809343576,7.73610793e-07,0.430562854,0.797875762,-0.0254443474,0.375800371,0.72977066,-0.0300085973,0.380368263,0.666998208,-0.034486603,0.418878049,0.658881247,-0.0384611189,0.409032434,0.609886,0.0279304311,0.395028025,0.522422791,0.0306809526,0.388418555,0.464500308,0.0189156421,0.385684073,0.418196768,0.00576705672,0.4475061,0.589088321,0.0266331416,0.427873462,0.491723776,0.0316812322,0.416751206,0.426252425,0.0165258627,0.407424778,0.372353405,0.00285393465,0.482275277,0.584979475,0.018421052,0.464398563,0.495005906,0.0212644543,0.451395541,0.44036752,0.00730864704,0.439583689,0.39382571,-0.00583142601,0.522779465,0.592145264,0.00539480057,0.506030083,0.518128216,0.00656447094,0.49309805,0.476958752,0.00174465135,0.477947444,0.435708225,-0.00525520742,b
0.502018452,0.802212894,6.70921281e-07,0.422197253,0.793570101,-0.0221100207,0.366030395,0.726234436,-0.0299683753,0.365892142,0.662435174,-0.0375851057,0.408340424,0.659432769,-0.0457309932,0.403632671,0.600022674,0.00152177946,0.391682416,0.508173943,-0.00867933,0.387777448,0.44993782,-0.024903262,0.385882378,0.398771822,-0.0400359854,0.44109714,0.579851747,-0.00332169258,0.42540887,0.478567302,-0.0132442797,0.417551607,0.40997389,-0.0310899392,0.409775108,0.351083279,-0.0453399457,0.477731973,0.581804752,-0.0128413877,0.463364571,0.486685723,-0.0239575729,0.453244418,0.427856714,-0.0400190949,0.443782568,0.378101468,-0.052286651,0.518778205,0.597263396,-0.0255216826,0.50608325,0.519891858,-0.0360450484,0.495541036,0.473387063,-0.0441490375,0.4838368,0.42802316,-0.0514201187,b
0.486054778,0.797659874,7.52132e-07,0.412369281,0.795229495,-0.032644894,0.358266205,0.73665911,-0.0533930585,0.347242028,0.672872066,-0.0726588145,0.383677363,0.663370132,-0.0930415168,0.390894294,0.596693218,-0.0262019876,0.379970908,0.503440082,-0.0486835912,0.377854913,0.442654371,-0.0713112131,0.377524495,0.39026767,-0.0900991485,0.426230878,0.5827021,-0.0308424868,0.41469273,0.478871942,-0.0536775365,0.408414274,0.406755328,-0.0763239563,0.402899563,0.344088107,-0.0933565497,0.46192646,0.588452458,-0.0400283635,0.449956924,0.490317166,-0.0609073378,0.442743212,0.428727627,-0.0784360841,0.435949236,0.375883937,-0.0908211395,0.500647306,0.606960714,-0.0529645458,0.490529358,0.528602183,-0.0703312084,0.481466115,0.478303075,-0.0805154294,0.471853673,0.43119663,-0.0886866823,b
0.474761635,0.794083297,9.20612877e-07,0.399001479,0.789998651,-0.0394631699,0.348141521,0.728972912,-0.0656024963,0.339894921,0.665545702,-0.0905167684,0.371817499,0.654015839,-0.116599023,0.381185472,0.589203298,-0.0248278603,0.372941285,0.497415811,-0.0468652,0.372085541,0.435956568,-0.0706379339,0.374245942,0.384805739,-0.0908555388,0.418101341,0.578978896,-0.0297190715,0.408970773,0.474846721,-0.0527200624,0.403309017,0.401898742,-0.0772328377,0.399671823,0.339794785,-0.0959204286,0.453978211,0.585061848,-0.0406258926,0.443290919,0.48754254,-0.0618558414,0.437102526,0.425725132,-0.0808782876,0.431370795,0.373854697,-0.0950774103,0.491939902,0.601456702,-0.0564566553,0.48371315,0.524150372,-0.0739239231,0.474718511,0.474084198,-0.0852844939,0.465303719,0.426741451,-0.0953229144,b
0.524044693,0.796881,5.04099717e-07,0.456092447,0.773183405,-0.0215117708,0.408337831,0.694611073,-0.0301495362,0.424550951,0.633389175,-0.0380124785,0.470566332,0.645441115,-0.0469438732,0.447067112,0.572439492,-0.00777213275,0.445400059,0.488295257,-0.0193617716,0.447937965,0.436951756,-0.035368342,0.452222556,0.392662585,-0.0497790948,0.482379198,0.560327888,-0.011342979,0.479167163,0.46722579,-0.0188954379,0.479539394,0.406572938,-0.0311575569,0.481085896,0.356134832,-0.0415286347,0.516368687,0.57039547,-0.0188861303,0.513907313,0.483473957,-0.0269947443,0.512984,0.427743495,-0.0377541892,0.513348401,0.38253063,-0.0463066138,0.552070141,0.597386718,-0.0296738185,0.549590826,0.527042687,-0.038067475,0.547866225,0.48225823,-0.0423605628,0.547269464,0.443730235,-0.0461895503,b
0.463145912,0.803781271,5.57798444e-07,0.39644593,0.780766189,-0.0228552409,0.350956678,0.708929062,-0.0375711806,0.345217437,0.643570602,-0.0521020703,0.377690136,0.64133811,-0.0674674064,0.395371407,0.572798312,-0.0157368686,0.396746844,0.47822693,-0.0343493558,0.402792603,0.420698285,-0.0537452772,0.410372883,0.371169209,-0.0694674253,0.43168354,0.565001607,-0.0221541151,0.432720512,0.461853027,-0.0377763659,0.435243309,0.393069744,-0.0534501635,0.438225508,0.33444348,-0.0654608086,0.466961712,0.576822937,-0.0324655063,0.466955692,0.478754222,-0.0477363616,0.468114734,0.416841209,-0.0591720305,0.46974054,0.365133703,-0.0672852546,0.502823532,0.604604661,-0.0459261946,0.503020942,0.527233243,-0.0586936101,0.501765728,0.475886762,-0.0638542399,0.50037,0.43058157,-0.0678516552,b
0.475981683,0.806326,4.91880087e-07,0.408875138,0.766950846,-0.0210120529,0.369745523,0.67909205,-0.0314628556,0.375205964,0.612496793,-0.0420324355,0.411212474,0.624461055,-0.0533141457,0.431315303,0.556938648,-0.00711683463,0.442317605,0.467688382,-0.020693833,0.452921093,0.413721859,-0.0375222825,0.463845521,0.367390335,-0.0522153527,0.468446881,0.5540483,-0.0129855424,0.480311602,0.453065723,-0.0233801,0.489588171,0.387257725,-0.0365931503,0.498310596,0.3319031,-0.0473578088,0.502383411,0.571784139,-0.0229498968,0.512153089,0.475746363,-0.0334473215,0.518656731,0.414385259,-0.0434838645,0.524746299,0.36265105,-0.0513269,0.535246253,0.606118619,-0.0362488069,0.543584704,0.529869437,-0.0449700728,0.547185183,0.479433864,-0.0486580841,0.549890101,0.43524611,-0.0521738604,b
0.478436768,0.797799766,4.868823e-07,0.417164922,0.749914885,-0.0172341242,0.388115197,0.654356122,-0.0241524484,0.398877591,0.589906394,-0.0318625,0.430749357,0.605876446,-0.0404307134,0.457115233,0.547164738,4.58897703e-05,0.475361973,0.462955832,-0.0106534073,0.491166711,0.413232505,-0.0255406071,0.507114172,0.370850146,-0.0388030522,0.495676696,0.548857927,-0.00666394271,0.515465915,0.454257965,-0.0139652994,0.531443536,0.392677128,-0.0254800096,0.546008885,0.342344284,-0.0351770669,0.528735876,0.570830643,-0.0174872931,0.545915306,0.481384754,-0.0251356792,0.558504164,0.424774528,-0.0337380581,0.569520295,0.377656162,-0.0409150757,0.558352411,0.608060598,-0.0314316154,0.57108438,0.534353,-0.0373439156,0.57948333,0.48750183,-0.0393626131,0.586755395,0.446423471,-0.0420303419,b
0.49498,0.799816132,4.06463585e-07,0.432315797,0.746398926,-0.010770821,0.405350268,0.655117333,-0.0116998972,0.415370256,0.585171402,-0.0145579362,0.444127262,0.592781067,-0.0173354391,0.478501946,0.544053137,0.0210866202,0.498418927,0.464104205,0.0179866757,0.51495266,0.41974318,0.00624543522,0.531072438,0.381374955,-0.00573181966,0.515889943,0.545605958,0.0132537037,0.536894858,0.456549883,0.0132583277,0.553997338,0.401387185,0.00483047077,0.568944514,0.356652081,-0.00366159412,0.545693278,0.566470087,0.000621075917,0.564513147,0.480750024,-0.00169273966,0.577994764,0.428863645,-0.00667704409,0.590657175,0.385333419,-0.0124948118,0.575250566,0.602947056,-0.0151542267,0.587952197,0.53228426,-0.0174768381,0.596616149,0.49108845,-0.0171728525,0.604618788,0.454057366,-0.0188434366,b
0.508184195,0.796620309,3.19372077e-07,0.442754239,0.735644698,0.00881100073,0.422878414,0.656690121,0.0247705113,0.431572407,0.598088503,0.0367108881,0.452651024,0.59199965,0.0497072,0.486909807,0.553087771,0.0623246133,0.502662838,0.478099346,0.0745273605,0.518368125,0.435815334,0.0688218698,0.533157229,0.399372697,0.0605464876,0.524641871,0.554229498,0.0516707189,0.540130079,0.465476632,0.0678365156,0.555602729,0.413657546,0.0619702153,0.567891896,0.37221697,0.0536841117,0.552684069,0.569223166,0.0366047658,0.566797,0.487429351,0.0478538461,0.576305449,0.439031541,0.0450435206,0.588063121,0.397814453,0.0388547815,0.584586084,0.597143292,0.0196730942,0.592635274,0.527065,0.0280806031,0.598964214,0.489884287,0.0319047384,0.60504365,0.453977287,0.0314748287,b
0.512396038,0.800873518,2.13976151e-07,0.448729575,0.75816685,0.00660986034,0.422581375,0.687067926,0.0190576166,0.423110276,0.626225114,0.0270487908,0.442837894,0.612472,0.0360326096,0.4756006,0.574926496,0.0530044362,0.482101262,0.501863301,0.0596472248,0.491632938,0.457955867,0.0528196245,0.502316058,0.42211467,0.0449375324,0.509446502,0.565634668,0.0426633619,0.514015138,0.479836375,0.0522714928,0.522497118,0.429190874,0.0467761308,0.530314088,0.388866663,0.0404597372,0.537882447,0.572326064,0.0281212125,0.542485952,0.490098327,0.0341354534,0.545527816,0.441736877,0.0330072,0.552163243,0.401554883,0.0296297763,0.571893156,0.593312621,0.0116745364,0.573368371,0.524737239,0.0174100045,0.575042546,0.487150788,0.0221844316,0.576981366,0.453445107,0.0235964283,b
0.516760945,0.809097886,1.83936095e-07,0.449484617,0.787044764,0.0069859107,0.413774163,0.722492874,0.020696478,0.406025976,0.661984861,0.0300938264,0.420386761,0.647253215,0.0407175608,0.451833814,0.597822487,0.056015607,0.447618872,0.526426613,0.0649226159,0.450667769,0.482796818,0.0589638,0.455665648,0.445516944,0.0514092818,0.483028203,0.580013514,0.0463391729,0.474814951,0.496323198,0.0586400293,0.47573,0.446288377,0.0539852343,0.477088302,0.405495733,0.0477832481,0.510878265,0.578729093,0.0324037969,0.503362954,0.498871624,0.0407749936,0.499537259,0.452432543,0.0400319584,0.500873148,0.412475586,0.0364544354,0.545943081,0.58916,0.0164580084,0.537823856,0.523288071,0.02417247,0.534554362,0.487897217,0.0293489881,0.53249377,0.455477506,0.0307050832,b
0.511771679,0.809747815,2.56247148e-07,0.442694575,0.805744231,0.00634565111,0.399842799,0.743825793,0.0221741609,0.386762559,0.6855492,0.0339330845,0.404309094,0.6697914,0.047262229,0.426940709,0.621742785,0.0595487058,0.414207429,0.549605727,0.0704350397,0.4125655,0.502484798,0.0648672879,0.413867831,0.461708575,0.0575683787,0.456174463,0.598425329,0.0515925288,0.438769,0.516089,0.0672935247,0.434096873,0.464470208,0.0624086112,0.430511832,0.420980066,0.0556807443,0.482605934,0.590886354,0.0392888226,0.466399431,0.511816,0.0514198057,0.45615828,0.465831578,0.0500760823,0.452364773,0.425499171,0.0454734638,0.516862273,0.594400406,0.0247234516,0.501625955,0.528869629,0.03485322,0.493399501,0.492143899,0.0394323431,0.486079782,0.457079858,0.0399966,b
0.504515767,0.811916411,3.23792904e-07,0.437677026,0.818681538,-6.1597957e-06,0.387437195,0.761029422,0.00932308193,0.370503336,0.702872038,0.0153766293,0.390993744,0.687011778,0.0225743428,0.404028177,0.631746888,0.0451503135,0.385023,0.560233057,0.0514089316,0.378734499,0.512677252,0.0436928943,0.375165462,0.471875668,0.0345498733,0.431276262,0.604598,0.0372954234,0.407408714,0.524523139,0.0470691435,0.397282839,0.471903145,0.0395439342,0.388934672,0.428646624,0.0312590227,0.457998425,0.595549226,0.0252105538,0.434790581,0.516486585,0.0316358283,0.420383543,0.469743192,0.0273230132,0.411915183,0.42948252,0.0211113952,0.493567348,0.597669959,0.0106614707,0.472422302,0.53224951,0.0153620858,0.46040687,0.494900644,0.016815573,0.448954761,0.459142208,0.0154291317,b
0.498931348,0.820068955,4.72487358e-07,0.421631724,0.824104607,-0.00604858343,0.368575811,0.768990815,-0.000978118158,0.352432162,0.710289299,0.0017854363,0.377758831,0.692093134,0.0058217831,0.385624379,0.637381852,0.0450211801,0.362311929,0.558272183,0.0527753569,0.353965223,0.506926894,0.0437667929,0.347755373,0.463005632,0.0326004289,0.416861564,0.609428346,0.0387960337,0.389415115,0.524672806,0.0499661341,0.376019448,0.467149198,0.0384512469,0.364988685,0.418993413,0.0261330605,0.445735514,0.601128697,0.0278519671,0.420931756,0.519092917,0.0365327746,0.404204607,0.470580459,0.0298052318,0.392789781,0.427678883,0.0206596833,0.486765,0.603752077,0.0138564287,0.462737769,0.533455968,0.0214351714,0.44910562,0.495267391,0.0235672556,0.434280843,0.457467258,0.0215195436,b
0.502947092,0.807639778,5.40107237e-07,0.434140742,0.785208404,-0.0220263246,0.384022981,0.706187725,-0.0311884563,0.400468498,0.643053532,-0.0396113433,0.448549598,0.65176487,-0.0490504615,0.42076695,0.577378213,-0.00764041441,0.418283075,0.488387883,-0.0198599026,0.42109409,0.434551209,-0.036522232,0.426082551,0.388171345,-0.0514795408,0.45721367,0.56481564,-0.0113089876,0.452589959,0.468684077,-0.0197363924,0.452424973,0.405680984,-0.0327956229,0.453583866,0.353084862,-0.0437058,0.492564261,0.574621379,-0.0191643201,0.488625646,0.483793437,-0.0281374827,0.486959487,0.426222324,-0.0395590626,0.486612111,0.379487157,-0.0485029072,0.529582918,0.601279259,-0.0303384308,0.52558291,0.527515233,-0.0402681,0.521895289,0.479874372,-0.0458331145,0.519171774,0.437935054,-0.0504632182,b
0.486966431,0.825534821,5.48087655e-07,0.410791457,0.831149,-0.0211808365,0.348681957,0.771961093,-0.0265650228,0.332903862,0.704414427,-0.0312118605,0.368808925,0.689067483,-0.0344029963,0.367120266,0.631653607,0.01843624,0.346945882,0.547492385,0.0183020122,0.341021389,0.49543494,0.00658030529,0.33668834,0.450374901,-0.00628864206,0.403007984,0.603731155,0.0172313433,0.378273934,0.514086664,0.0196917821,0.36701414,0.454951942,0.00873990729,0.356375843,0.405564904,-0.00209231512,0.437576473,0.599213243,0.0108712623,0.415856034,0.513941705,0.0116680916,0.402044654,0.46213609,0.00538744079,0.391354531,0.419369936,-0.00184655527,0.48235473,0.606930196,0.00056172366,0.459559977,0.535309851,0.00162179663,0.446324885,0.495328546,0.0025465386,0.432591438,0.456662834,0.000768708705,b
0.488001466,0.820454717,3.98770226e-07,0.415997863,0.814033866,-0.0191736557,0.358472526,0.750448227,-0.0239374675,0.355633646,0.682427168,-0.028273385,0.394244611,0.662914574,-0.0316107422,0.384644836,0.609213769,0.00866661686,0.371020943,0.526066899,0.00247999164,0.367676288,0.474928975,-0.0108773457,0.366207719,0.431444705,-0.0232313462,0.423615187,0.587906182,0.00662605697,0.406114757,0.496501505,0.00432833796,0.398130238,0.439257085,-0.00542902527,0.391929775,0.392513543,-0.0142374495,0.460349739,0.587032139,-0.00010471412,0.444409549,0.501137614,-0.00362750422,0.432874978,0.450613678,-0.00946885813,0.4253892,0.411088049,-0.0148725444,0.502558649,0.599305689,-0.0103766387,0.487226039,0.528612494,-0.0133273993,0.475272894,0.489959598,-0.0132058915,0.464065969,0.457487166,-0.0140076466,b
0.51839453,0.820438921,4.43121962e-07,0.442717314,0.797344,-0.023084471,0.386353433,0.720121801,-0.0281002484,0.3940925,0.647524476,-0.0325774923,0.436733216,0.642073154,-0.0359002128,0.419246525,0.58434242,0.0160452984,0.408201039,0.49742046,0.0150345825,0.406071067,0.447067946,0.00261990889,0.403160036,0.401986301,-0.0106797796,0.458079159,0.568006575,0.0156240705,0.44409883,0.47482276,0.0189950503,0.438032478,0.417427838,0.00929899607,0.432213426,0.370123386,-0.000615487341,0.493003696,0.573566735,0.00978033245,0.481529444,0.486477971,0.0119902417,0.471951902,0.434561461,0.00691829668,0.4651016,0.394675612,0.000705263345,0.534282446,0.593600929,-0.0006335582,0.523456335,0.523640811,0.00100298459,0.51307869,0.48430866,0.00271792826,0.503207147,0.44985202,0.00203984394,b
0.560517,0.807911694,2.7358513e-07,0.488792896,0.770899236,-0.0189110897,0.442060739,0.69083339,-0.0232667755,0.459007859,0.621412754,-0.0279546399,0.498454571,0.615375,-0.0318225622,0.478251368,0.55937463,0.0113924555,0.472144216,0.473718017,0.00485314894,0.471131891,0.422823131,-0.00964186527,0.469178557,0.379541397,-0.0232991334,0.514681,0.548631191,0.00855617598,0.505549,0.455601275,0.00544926,0.500679374,0.400115103,-0.00576250162,0.494989097,0.354788065,-0.0157307088,0.5484429,0.557122529,0.000755616522,0.540309727,0.467479408,-0.0039022814,0.532713711,0.415680766,-0.0121504823,0.525863469,0.376211733,-0.0193357971,0.587486744,0.581634521,-0.0108017251,0.582681954,0.511362314,-0.0158751253,0.572441936,0.473399401,-0.0180372857,0.560733318,0.443249315,-0.020506354,b
0.615960956,0.802353621,3.36776878e-07,0.545209467,0.75153023,-0.0212026,0.504158914,0.658409,-0.0254578013,0.530115128,0.59065789,-0.0292687584,0.570697904,0.59259063,-0.0322102942,0.552824318,0.539822519,0.00868329126,0.552814901,0.448242366,0.00285758078,0.555287242,0.396259308,-0.0106334025,0.556350648,0.351500899,-0.0231097788,0.58975637,0.534803212,0.00790510513,0.588062704,0.436170071,0.00670117233,0.587465703,0.378694415,-0.0025787293,0.585762918,0.332903951,-0.0109800305,0.622202814,0.548550427,0.0020425308,0.622790277,0.458215654,0.000397656171,0.620124221,0.403818369,-0.00624978,0.617593825,0.363851398,-0.012344229,0.657817483,0.57724458,-0.00794789381,0.659461856,0.505088449,-0.00932666659,0.653711081,0.464340508,-0.0094507616,0.646578431,0.43238607,-0.0105780903,b
0.656824589,0.802364111,4.03415243e-07,0.586150706,0.743506253,-0.0231410526,0.547069967,0.646070361,-0.023992233,0.579274595,0.580808818,-0.0239358507,0.624835312,0.585053086,-0.0226184502,0.599906802,0.534092844,0.0192657951,0.601842821,0.443908632,0.0202511307,0.605774939,0.391450167,0.00961325876,0.608038843,0.346961737,-0.00175881619,0.638867855,0.53203994,0.0207956322,0.640404105,0.432046205,0.0263835751,0.641378641,0.371688128,0.0172912665,0.640950859,0.3246077,0.00812025461,0.670914471,0.548235357,0.0163656734,0.676266193,0.457776368,0.0192598086,0.674708,0.400372386,0.0094660921,0.672076285,0.357762337,0.000253296137,0.706064343,0.578934491,0.00754537899,0.710753202,0.504392207,0.00728346,0.70537132,0.462833136,0.00459830277,0.698307157,0.428997695,0.00106752187,b
0.668511808,0.804216325,4.92285949e-07,0.597235441,0.743393242,-0.0255727954,0.56060493,0.644060254,-0.0254359953,0.596671522,0.583772719,-0.0231781267,0.641645491,0.58878535,-0.0190476812,0.613205969,0.530498087,0.0201713387,0.617219746,0.441415727,0.0248171408,0.62152797,0.388444722,0.0172675774,0.625407457,0.3438164,0.00820967,0.653915107,0.531976223,0.0244270973,0.655069947,0.433554441,0.0350123942,0.655714,0.373389244,0.0304375254,0.656174541,0.326097667,0.0246358551,0.686483324,0.550167501,0.0222467966,0.691290915,0.462492079,0.0300256293,0.689324617,0.405075431,0.0244854968,0.687079608,0.36153844,0.0180924479,0.722227395,0.581074655,0.0150765758,0.726600051,0.507206559,0.0177693125,0.722314,0.466194808,0.0169924609,0.716779172,0.431351632,0.015137339,b
0.644310892,0.799883,3.77314478e-07,0.570479393,0.745366156,-0.0183778424,0.529756904,0.649166107,-0.0162745602,0.55562073,0.579612851,-0.0136986254,0.598053217,0.586607516,-0.00993855949,0.582581103,0.541488707,0.0251172036,0.585170507,0.451880872,0.0280876271,0.590213299,0.401770771,0.0186274312,0.593815148,0.358247,0.00777212624,0.622536182,0.536614835,0.0256675761,0.623966932,0.439952642,0.0323163271,0.626577854,0.383909762,0.0242431369,0.62730366,0.338657409,0.0158256348,0.655096948,0.551041722,0.0208436921,0.658376932,0.463967651,0.0251328256,0.657413483,0.40982458,0.0186901372,0.657029748,0.370236456,0.0118697807,0.691892147,0.581250727,0.0120138638,0.693725288,0.509929478,0.014238338,0.68900913,0.469480067,0.0145615283,0.68308872,0.43697378,0.0131399063,b
0.592547894,0.802914,3.04366978e-07,0.519230604,0.753546834,-0.0126814842,0.47587049,0.669110298,-0.0113672148,0.489212662,0.597125173,-0.0112216901,0.530568242,0.593215883,-0.00969686732,0.531073093,0.545530379,0.0300028622,0.534505844,0.462266266,0.0328404829,0.540588915,0.416850507,0.0234241355,0.545392215,0.37646839,0.012571577,0.570786357,0.539692,0.0264281873,0.57308048,0.447105199,0.033224009,0.576871634,0.396015316,0.026308991,0.578583837,0.35318464,0.0182188451,0.603433549,0.551735044,0.0177017804,0.606681764,0.465797603,0.0222252794,0.605762303,0.41588819,0.0187596176,0.605944335,0.376880646,0.013162653,0.6410743,0.579948962,0.00531286513,0.642641485,0.512261868,0.00832417794,0.639706731,0.473486185,0.0107039148,0.636519194,0.439170659,0.010314282,b
0.542535484,0.800312757,3.20939193e-07,0.470806479,0.759619176,-0.0102546941,0.42754975,0.683398366,-0.00851086061,0.430733651,0.6120314,-0.00841501355,0.465378702,0.603059947,-0.00697547803,0.479278594,0.555966139,0.0336531848,0.482697785,0.475116968,0.0361426212,0.489974827,0.428774565,0.0257366318,0.495292664,0.38882795,0.0145249097,0.518162966,0.545916677,0.0291013941,0.521271,0.454477876,0.0359159485,0.526574969,0.402805775,0.0284639467,0.529039323,0.359727114,0.0203338023,0.549373627,0.555093467,0.0197211672,0.551784933,0.469616,0.0248296969,0.551369369,0.420398355,0.0243109558,0.553398788,0.382388026,0.0211363584,0.587854862,0.58184576,0.00682970649,0.587701082,0.512488723,0.0128733143,0.586137,0.474274039,0.0196770467,0.584688485,0.440649688,0.0225608721,b
0.492227554,0.810192287,5.77295225e-07,0.421704799,0.786232471,-0.0211512093,0.371272266,0.703870773,-0.028682597,0.390951484,0.638507485,-0.0357083529,0.439482331,0.647425175,-0.0440584198,0.409979761,0.578379333,-0.00393657712,0.407748729,0.490022093,-0.0147942854,0.410405517,0.435703337,-0.0314892642,0.414953858,0.387527853,-0.0469063185,0.447046638,0.565032423,-0.00775613263,0.442543268,0.469548225,-0.0150717851,0.441627681,0.406326473,-0.0290187057,0.440747291,0.351765841,-0.0408507399,0.482876956,0.574925065,-0.0159004964,0.478963643,0.485344768,-0.024315903,0.476224,0.426725268,-0.037317425,0.473359883,0.378929257,-0.0476007,0.52012229,0.601012886,-0.027281845,0.515481949,0.525150716,-0.0373613834,0.511272848,0.477311,-0.0440848917,0.506923079,0.434740484,-0.0498255603,b
0.491547585,0.804916263,3.40850249e-07,0.420996815,0.771209359,-0.00810622144,0.379123628,0.691771805,-0.00439312635,0.378584296,0.622456551,-0.00253793248,0.411204398,0.620507836,0.000251976046,0.427867383,0.570781171,0.0335477181,0.430244714,0.492564201,0.0355887227,0.436842561,0.446576,0.0255800504,0.443543166,0.407206297,0.0147969183,0.465208948,0.558437824,0.0278380178,0.465830863,0.470731556,0.0339420438,0.470477641,0.416941196,0.0264002625,0.473344386,0.372435331,0.0183904208,0.496876508,0.565694571,0.0173675269,0.498004109,0.482572794,0.0209195595,0.49796921,0.431720555,0.0177841447,0.500014186,0.390143752,0.0129765347,0.533581,0.588398337,0.00380237238,0.532256782,0.519917428,0.00748063,0.531295,0.481210828,0.0110840583,0.530205369,0.446163684,0.01166608,b
0.451059222,0.823858798,3.23303738e-07,0.379419863,0.801605821,-0.00792611111,0.331942916,0.728329241,-0.00497365836,0.325345606,0.65739572,-0.0043761651,0.358925223,0.651589096,-0.00300555327,0.374747932,0.597899437,0.0327267423,0.373246342,0.520392835,0.0341336876,0.377719313,0.473990917,0.0241749492,0.383237273,0.434455633,0.0133593148,0.410108745,0.581675828,0.0263319928,0.405596226,0.49471572,0.0313191675,0.407446414,0.441936612,0.0240470283,0.409355432,0.397914618,0.0163386445,0.442504734,0.585349441,0.0151729072,0.437773913,0.501612067,0.0173167773,0.434611976,0.452567339,0.0143115837,0.434609383,0.411120534,0.00985946413,0.4803451,0.604872048,0.000947357,0.474002182,0.535332918,0.00376284029,0.470781773,0.496647894,0.0071983831,0.468674958,0.461690784,0.00771732768,b
0.421846032,0.846895576,3.84004238e-07,0.347805262,0.836380363,-0.0100401063,0.295498639,0.767621517,-0.00820023939,0.285228819,0.694520772,-0.00810282677,0.320641339,0.680123866,-0.00698923087,0.331239343,0.631159246,0.0299291108,0.325377673,0.549280703,0.03084605,0.327015787,0.501363695,0.02079794,0.330175638,0.459755063,0.00993368216,0.366516441,0.610471487,0.0246226545,0.35729748,0.52119112,0.0286586173,0.356320769,0.466628581,0.0209284425,0.355824411,0.421510637,0.012944852,0.399678,0.610790133,0.0144908754,0.390495539,0.526059449,0.0153767308,0.385020286,0.476426721,0.0117410794,0.38280496,0.435182154,0.00701394817,0.439870238,0.62449789,0.00127825,0.428630531,0.553452,0.00254034949,0.422955245,0.514091074,0.00520628644,0.417881221,0.478121638,0.00529265543,b
0.397967398,0.865679443,4.2862348e-07,0.322121143,0.860752106,-0.00811115094,0.267949015,0.792032301,-0.00395205198,0.25606519,0.722764552,-0.00188736385,0.287852228,0.711244822,0.00146536506,0.298863471,0.656441689,0.0394621603,0.289068043,0.574668229,0.0455557071,0.289883465,0.526178718,0.0374855399,0.292360276,0.48498714,0.0273028109,0.33484441,0.632651925,0.0339401327,0.320694059,0.544316053,0.0429071411,0.317628324,0.488542557,0.0355379842,0.315973759,0.443687022,0.0270650815,0.367488921,0.630024552,0.0234467182,0.354837716,0.545681357,0.0291022,0.348203957,0.496942341,0.0263465885,0.3456918,0.456352,0.0211667344,0.408012062,0.640827358,0.00970008224,0.393939912,0.5702039,0.015002328,0.386683,0.531789601,0.0189398546,0.379951656,0.495570302,0.0191017259,b
0.3942734,0.871407211,6.34258242e-07,0.31202957,0.861161113,-0.0140352501,0.256612182,0.795215249,-0.0121934889,0.248821616,0.730748594,-0.0123385591,0.280939609,0.717104793,-0.0108243776,0.287593246,0.66689384,0.0527379,0.275277019,0.58525604,0.0663282,0.273141652,0.533872783,0.0608093664,0.274824888,0.494276,0.0518026166,0.324701488,0.645758212,0.0498501025,0.308289796,0.555224121,0.0690882429,0.302708745,0.497435123,0.0633997694,0.299754828,0.449991912,0.0550676621,0.357669652,0.639875293,0.0400198288,0.342761636,0.555044,0.0559718721,0.334957629,0.504930437,0.0534664467,0.33054,0.462049067,0.0463613197,0.398371816,0.645387948,0.0254332,0.381987,0.574488044,0.0384251699,0.373567343,0.537270308,0.0430941842,0.364074528,0.500209093,0.0420480855,b
0.412332237,0.854908884,3.86463313e-07,0.336878419,0.847504556,-0.0094882315,0.280863971,0.781095505,-0.0073159812,0.268217951,0.711725295,-0.00698136166,0.302685201,0.701408327,-0.00588812912,0.311189264,0.646833539,0.0296595916,0.301279217,0.566206396,0.0310033932,0.299939305,0.518793702,0.0214476399,0.300303966,0.477486253,0.0108814547,0.345137089,0.62403053,0.0241931602,0.33136183,0.536183774,0.0287329238,0.327318341,0.481778622,0.0212147441,0.324067295,0.43663016,0.0133758532,0.378356218,0.622067213,0.0140522989,0.364895284,0.53864944,0.0157813095,0.357008755,0.489944577,0.0121227326,0.352677256,0.449109286,0.00729052536,0.418706179,0.632457554,0.000873889367,0.405016422,0.564460754,0.0029463286,0.397013187,0.525933206,0.00575677026,0.389899254,0.490572095,0.00590068661,b
0.450224161,0.827498,3.5513284e-07,0.378136247,0.814023256,-0.0107268505,0.32463792,0.745759,-0.0102907,0.315613419,0.678477228,-0.0112753855,0.350200862,0.671155334,-0.0116670895,0.358325154,0.617389202,0.0230534,0.350610822,0.537858248,0.0224678628,0.34999758,0.49108,0.0123822344,0.350521803,0.451632798,0.00177157752,0.39325434,0.598022103,0.0180573761,0.381644964,0.510159731,0.0207012929,0.377994299,0.456610143,0.0127832359,0.374923855,0.412663341,0.00492114387,0.426629037,0.598334372,0.00877509,0.415424079,0.514394403,0.00927375443,0.407821685,0.465192497,0.00480006495,0.403505445,0.425165117,-0.000279127416,0.466166794,0.612000763,-0.00341205322,0.454816878,0.542536676,-0.00208360073,0.44702962,0.503449798,0.000166531943,0.44041121,0.469286621,0.000128750326,b
0.49339664,0.808187604,3.85271761e-07,0.420581639,0.788214,-0.0101645626,0.371324241,0.715693235,-0.00839143526,0.366030276,0.648236513,-0.00808612071,0.400677651,0.640935898,-0.00678215036,0.409589648,0.593082845,0.03031829,0.403681874,0.513358951,0.0327792093,0.404883981,0.467416614,0.0233962443,0.406577587,0.427643776,0.012843092,0.445475847,0.575345933,0.0258307047,0.436443,0.487872839,0.0321787,0.435342342,0.434586942,0.0244059321,0.433686763,0.39037472,0.0160753932,0.47775656,0.577769101,0.0168096479,0.469801486,0.496153682,0.0212536603,0.464530557,0.447063446,0.018149985,0.462368369,0.407005936,0.0131791765,0.517576396,0.593800843,0.00460881041,0.508172035,0.525414348,0.00927140564,0.501936316,0.487662107,0.0132270195,0.496057272,0.453810036,0.0139130419,b
0.535699129,0.80076772,3.41848249e-07,0.461318403,0.770041943,-0.00922320224,0.415062726,0.699529946,-0.00682217255,0.412313879,0.631239831,-0.00638895389,0.445063442,0.623144329,-0.00478445878,0.455703676,0.575969815,0.0374833606,0.452069968,0.497932047,0.0419164374,0.454779536,0.452537417,0.0320999026,0.456028432,0.41181156,0.0207056496,0.492418498,0.561536551,0.032673344,0.486703336,0.474486,0.0410848036,0.486795306,0.423434496,0.0330128185,0.484621465,0.380241096,0.0237693656,0.523256123,0.566375136,0.02297429,0.5182271,0.484865963,0.0294290856,0.512901604,0.437078714,0.027301779,0.510893166,0.39957729,0.0223625768,0.562200785,0.585427642,0.00984609127,0.556017756,0.518353939,0.0165900569,0.551108599,0.480945349,0.0219793301,0.546408474,0.447430789,0.0232365262,b
0.58269304,0.788069427,3.17201e-07,0.511923671,0.756439,-0.0111097051,0.465257108,0.680471718,-0.0102247167,0.466240644,0.612762034,-0.0101984981,0.500819206,0.606985033,-0.00917709339,0.508106351,0.560266137,0.0224178303,0.506893158,0.479831755,0.0218230337,0.510756969,0.43286404,0.0115704499,0.514188051,0.392191261,0.000918563106,0.545513868,0.548485458,0.018397551,0.542142808,0.459783643,0.0219215862,0.543948829,0.408497334,0.01448543,0.544124722,0.365162104,0.00677733915,0.577825189,0.555579782,0.0101381764,0.574647784,0.47228542,0.0121317878,0.571508527,0.424479365,0.0087383287,0.570905387,0.386421978,0.00392639264,0.616158843,0.577129304,-0.00117389369,0.611567438,0.510466576,0.00073989766,0.607332528,0.472883463,0.00333134015,0.6034922,0.439445406,0.00352047407,b
0.510951281,0.806375623,4.69792184e-07,0.440243095,0.777198672,-0.0215324685,0.390681773,0.696246445,-0.0305122565,0.403802454,0.628832638,-0.0391008779,0.448209226,0.635437,-0.0480450243,0.42891252,0.57029593,-0.00384799624,0.425813377,0.482209533,-0.0145653142,0.426762313,0.429348826,-0.0301708467,0.429367095,0.383725196,-0.0442904457,0.464669079,0.55838275,-0.00756610371,0.458880156,0.461775959,-0.0140556879,0.457863092,0.399259806,-0.0253862757,0.458264381,0.347633451,-0.0352266729,0.499281228,0.56750226,-0.0156070553,0.494982779,0.476614177,-0.0222897884,0.492147267,0.418735504,-0.0314297415,0.490872264,0.37275058,-0.0390842035,0.535854,0.59281677,-0.0272718687,0.532346129,0.52070564,-0.0333484076,0.527740836,0.474375546,-0.0362226218,0.52431643,0.435523152,-0.0393104888,b
0.632274508,0.788332701,3.21618728e-07,0.559495032,0.747656584,-0.0111520058,0.5138129,0.666027,-0.00894178916,0.520239532,0.596877515,-0.00750525575,0.557313561,0.593674779,-0.00502440752,0.562652707,0.548551857,0.0253132619,0.564254522,0.466729075,0.0256678704,0.570401907,0.419606596,0.0155843906,0.575426757,0.378307939,0.00469865976,0.601632535,0.539653361,0.0216904096,0.601817787,0.44915989,0.0262750834,0.606008947,0.398264498,0.019033134,0.60752213,0.354332417,0.0112611372,0.634372592,0.549915075,0.0135850813,0.634370744,0.466282278,0.0161219742,0.632921696,0.418409407,0.0131476307,0.63343817,0.380628467,0.0085493857,0.673654914,0.575726449,0.00232230616,0.671952367,0.509520292,0.00389836938,0.66909349,0.472419977,0.0064142975,0.666153789,0.439377844,0.00657567056,b
0.667827547,0.79497087,3.2307031e-07,0.595002532,0.741962373,-0.0100222975,0.55303961,0.654631317,-0.00665698107,0.564768791,0.586600661,-0.00436918112,0.601611912,0.588345587,-0.000905641587,0.610919774,0.541716874,0.0297805779,0.616569638,0.459216863,0.0306657646,0.623537958,0.411226869,0.019971177,0.629339576,0.369112968,0.00873230211,0.650627196,0.537333667,0.0255540833,0.654339194,0.444234401,0.0306481477,0.660058,0.390414357,0.0223559719,0.663491309,0.34557116,0.0135057271,0.682428598,0.550933838,0.0165942069,0.68754971,0.466038555,0.0196108911,0.689002275,0.414860845,0.0151020428,0.691937089,0.375450909,0.00914691575,0.720260501,0.58068,0.00451335777,0.721902788,0.511208236,0.00643927883,0.720419943,0.470742643,0.00823513512,0.718625486,0.434831768,0.00765435724,b
0.682513237,0.799963355,3.96378454e-07,0.606028914,0.738022506,-0.0068360772,0.568847477,0.647875309,0.00101329735,0.580947638,0.581116319,0.00742401741,0.616950393,0.585351408,0.0153575307,0.633722186,0.543077,0.0432730131,0.643307805,0.457884848,0.048811242,0.653659523,0.408019215,0.0395397022,0.663088143,0.362463117,0.028491348,0.675631762,0.540523,0.0385552,0.683840036,0.443400145,0.048328042,0.694292128,0.386666119,0.0404433161,0.70139581,0.338687122,0.0311487764,0.708122671,0.555281,0.0284842774,0.716983676,0.467022628,0.0355177969,0.721767306,0.41358757,0.0305155106,0.72762,0.36995,0.0232465938,0.747110844,0.586319327,0.0152603388,0.750479281,0.512304246,0.0192798469,0.750858426,0.469915152,0.0201721825,0.750752509,0.429181814,0.0181026794,b
0.658184826,0.788236737,3.41159e-07,0.587348342,0.730633676,-0.00317163044,0.55656606,0.643602,0.00371104199,0.564969778,0.575777888,0.00803359505,0.59378624,0.579208791,0.0131350234,0.622613072,0.540051639,0.0372418277,0.634860098,0.4592852,0.0387197,0.64722091,0.411394209,0.0285662282,0.659265816,0.369469017,0.0179877765,0.661264718,0.536534727,0.0295580029,0.673657894,0.443174422,0.0353928544,0.686163247,0.387446642,0.0281178728,0.695404649,0.340896726,0.0200684369,0.691899657,0.550525963,0.0172073245,0.702117741,0.463773459,0.0207102671,0.708399892,0.409833,0.0165189859,0.71618855,0.366848886,0.010604349,0.725829124,0.579213619,0.00217470736,0.731936,0.508894861,0.00463810423,0.73557508,0.467180729,0.00625483505,0.739351153,0.42992425,0.0051807859,b
0.618588746,0.77863878,3.67810856e-07,0.555299342,0.733488142,-0.010311937,0.521890581,0.652154326,-0.0117787868,0.524939835,0.585466266,-0.0151811382,0.554607511,0.588712,-0.018373955,0.583326578,0.540349364,0.0191324875,0.593027294,0.461166769,0.0139609752,0.604488671,0.414020211,0.000833357626,0.616480172,0.374458849,-0.0113075236,0.617458,0.535398722,0.0121122543,0.627829552,0.446152598,0.0109556681,0.639194965,0.390861094,0.00125056878,0.650003254,0.345440924,-0.00757122,0.647621214,0.548280656,0.000802669616,0.655643106,0.463283,-0.0014195753,0.662924647,0.410786599,-0.0067902,0.671947896,0.368098706,-0.0123028979,0.680005848,0.576954305,-0.013470673,0.6856305,0.506386936,-0.013719026,0.690431416,0.465436786,-0.0120232804,0.695602119,0.43029356,-0.0123955915,b
0.571990907,0.790805399,3.76950169e-07,0.50663811,0.75238055,-0.00912750605,0.471434832,0.67259109,-0.00961358473,0.472599298,0.606615305,-0.0122127272,0.502344,0.607554436,-0.0144750122,0.527071536,0.558772802,0.0193938948,0.532787323,0.47839433,0.0146247977,0.54260838,0.430113822,0.00241433736,0.553417742,0.389020741,-0.00874630082,0.561427891,0.550172687,0.0122513454,0.567422628,0.459853053,0.0115960827,0.575403154,0.40273118,0.00322604924,0.583547294,0.355515957,-0.00426620385,0.592128813,0.559926331,0.000937475474,0.596335411,0.472907245,-0.000386011205,0.599143863,0.420143306,-0.00444376562,0.604037166,0.376469016,-0.00882856268,0.624581218,0.585963726,-0.013292321,0.627031922,0.513577461,-0.013215675,0.628133059,0.470912158,-0.0110762287,0.629123867,0.434267938,-0.0107927443,b
0.533650219,0.790408134,3.85469974e-07,0.471671462,0.762581408,-0.0088701006,0.435485274,0.684961915,-0.00892401952,0.434380382,0.621675313,-0.0109896529,0.461847901,0.621218324,-0.0128697678,0.485725373,0.568414152,0.018164875,0.489829659,0.489339411,0.0137001397,0.497000307,0.442141205,0.0022804155,0.505595326,0.402360082,-0.00836887863,0.518572569,0.558367968,0.0111817047,0.521105766,0.470305026,0.00973815192,0.52564919,0.414201319,0.000797023939,0.531033933,0.36806944,-0.00689257402,0.549633086,0.566300333,0.000333168951,0.550743639,0.480249345,-0.00250828685,0.552875757,0.428884387,-0.00765152,0.556364536,0.385219693,-0.0125177652,0.582627058,0.589473844,-0.0130843427,0.583399117,0.519194067,-0.0150285028,0.583629489,0.477820873,-0.0142320301,0.583627641,0.440771043,-0.0147445202,b
0.480699927,0.813892066,3.8020147e-07,0.42084989,0.795757592,-0.00738407252,0.381849319,0.721810222,-0.0070069884,0.375556499,0.656800091,-0.00975351501,0.400334835,0.652356863,-0.0125000412,0.423473686,0.595628381,0.0229318477,0.422866195,0.517211914,0.0195516311,0.427149117,0.469414294,0.00853099488,0.433663905,0.428433239,-0.00196566,0.452042162,0.582100093,0.0141402958,0.449687749,0.49432227,0.0139627084,0.451583207,0.436460137,0.00576075399,0.455608815,0.38932997,-0.00158432103,0.480307817,0.586580396,0.00109836517,0.47562328,0.500768602,-0.000729455496,0.47510308,0.447800934,-0.00533763552,0.477063864,0.402470827,-0.0100425417,0.510658,0.605768204,-0.014814877,0.505015433,0.534403861,-0.0157147087,0.5033831,0.491654098,-0.0146206832,0.50284189,0.45368737,-0.0152403526,b
0.456727892,0.828622,3.60823975e-07,0.395098895,0.812133491,-0.00512809912,0.35668394,0.73481,-0.00278789643,0.349420935,0.66791147,-0.00418476807,0.37049821,0.664009631,-0.00587884104,0.395462126,0.608748913,0.026727546,0.39266029,0.527640939,0.0243779849,0.395272911,0.477859735,0.0136423847,0.399823666,0.434531868,0.00310668815,0.423495322,0.593970478,0.0166472159,0.418001235,0.503186762,0.0166720189,0.417533398,0.442676187,0.00772899296,0.41921851,0.393672287,-0.000317318307,0.451449454,0.598002911,0.00236935797,0.443748325,0.508953512,0.000435690046,0.441045254,0.453448683,-0.0055426741,0.440919131,0.405673683,-0.011519501,0.481692404,0.615965903,-0.014569453,0.474969655,0.543474495,-0.0156841855,0.472268403,0.499227,-0.0155851142,0.470328927,0.459524572,-0.0172732435,b
0.452164,0.837316036,4.97157373e-07,0.378354937,0.82135421,-0.00931828469,0.330771595,0.751196265,-0.00778372213,0.321455568,0.686291337,-0.00829377212,0.352917582,0.675845623,-0.0074026403,0.366299331,0.620605767,0.0357718207,0.357081085,0.537488699,0.0387760289,0.35763067,0.486489177,0.0284238029,0.360291094,0.442579448,0.0168289393,0.401003748,0.602718771,0.02920237,0.388547212,0.510354877,0.0358046517,0.385831863,0.450605482,0.0262493808,0.383819222,0.400742948,0.0162515175,0.432419717,0.603764832,0.0175468251,0.421285272,0.516696751,0.0225145482,0.415425867,0.464090317,0.0182239376,0.412910312,0.417906046,0.0115294689,0.471384197,0.618339837,0.00242434372,0.458376259,0.544568241,0.0066386275,0.452447057,0.503773212,0.00883616507,0.446392834,0.462942958,0.00746426405,b
0.5547539,0.831923664,4.6879012e-07,0.490633816,0.815706849,-0.016054444,0.444672585,0.744468391,-0.0140586467,0.461834103,0.683133423,-0.0123174535,0.498239517,0.676488519,-0.00987549778,0.458264053,0.655041575,0.0258301888,0.442835242,0.588569105,0.0315025039,0.436457425,0.54905659,0.0259427056,0.432497442,0.514231205,0.018654203,0.489026725,0.637599409,0.0260489788,0.471042156,0.566407382,0.0355877429,0.459961712,0.519440234,0.0310468487,0.453270048,0.48237288,0.0261813551,0.519062102,0.636351883,0.0210347772,0.503774285,0.57273221,0.0282322,0.491667658,0.532262385,0.0242735669,0.48305732,0.501856208,0.0196117423,0.553286,0.64272064,0.0121215479,0.539866447,0.587569773,0.0158536267,0.529795706,0.557698965,0.0165967587,0.520956457,0.53178674,0.0158538483,b
0.586397111,0.779462278,3.9766789e-07,0.517744303,0.744474292,-0.0208007414,0.472876936,0.663051128,-0.0279720593,0.489895254,0.599109113,-0.0346345603,0.531940222,0.606399894,-0.041499231,0.511643,0.545254827,-0.00198167772,0.508467376,0.462820411,-0.0130522707,0.51107043,0.411163598,-0.02899158,0.515560746,0.36747691,-0.0427897759,0.545591414,0.535160363,-0.00427919114,0.539722621,0.44523412,-0.0106228366,0.539961278,0.388488,-0.021693958,0.541776061,0.341171324,-0.0309959445,0.577603877,0.544127584,-0.0108534219,0.572163224,0.459453702,-0.0172159486,0.569023073,0.407085776,-0.0254197605,0.568911,0.366449893,-0.0320478864,0.612099528,0.56934458,-0.0210539717,0.609395385,0.502946794,-0.0265640561,0.606176,0.461655468,-0.0289216377,0.604200363,0.428072333,-0.0313277468,b
0.46266681,0.835012615,4.64363893e-07,0.3854509,0.822946429,-0.0148938391,0.331157982,0.747594416,-0.0151878102,0.327057838,0.680363953,-0.0156376548,0.364083707,0.678845942,-0.0155320866,0.367481291,0.62170887,0.0164230019,0.357041985,0.533640265,0.0145098642,0.355859727,0.48041898,0.00392954517,0.356063128,0.433908761,-0.0071705,0.405567437,0.601347744,0.0126736788,0.392083377,0.506177127,0.0131071415,0.386879712,0.445219636,0.00400983635,0.381909728,0.394982576,-0.00442389259,0.441196,0.603296757,0.00438069552,0.428766429,0.514208376,0.0026468772,0.420090348,0.460533172,-0.00488358596,0.413827449,0.416253924,-0.0120532028,0.48219654,0.619602084,-0.00700898515,0.470414937,0.546738327,-0.00962586049,0.461718142,0.504379034,-0.011329283,0.453066647,0.465206921,-0.0141000105,b
0.686165154,0.759677947,3.33529954e-07,0.61604476,0.710289121,-0.0152133834,0.574475944,0.622037947,-0.0178412069,0.599062443,0.558135211,-0.021014085,0.643788457,0.56349504,-0.0238459,0.612746477,0.511798203,0.011435899,0.611637533,0.430242598,0.004923122,0.615110576,0.381699979,-0.00857666414,0.618891299,0.340259492,-0.0214682128,0.650939524,0.504477859,0.00752648059,0.64613831,0.413414299,0.00434258301,0.646935284,0.359357476,-0.00576637266,0.647270799,0.314643532,-0.0149997436,0.684265137,0.516172409,-0.000797421555,0.681767225,0.43218714,-0.00515960949,0.680460513,0.381761402,-0.0117042828,0.680640697,0.343771219,-0.0177270491,0.722336233,0.544057071,-0.0123929186,0.721024871,0.478322208,-0.0164173152,0.716905594,0.436322153,-0.0174674541,0.712809205,0.401290536,-0.019320542,b
0.728136,0.759780645,3.95908899e-07,0.653840363,0.705943227,-0.0155660082,0.615472317,0.607394755,-0.0135559114,0.647769392,0.542909324,-0.0118076494,0.694812059,0.554311335,-0.00929660909,0.658524275,0.503686547,0.0229308549,0.658105433,0.41852212,0.0224549,0.661714792,0.36816588,0.0110976882,0.665964842,0.323648453,-0.00117243815,0.701046824,0.496738285,0.0204798318,0.698076129,0.399334133,0.0237103701,0.700110435,0.342396557,0.0141324215,0.700347245,0.293996096,0.00458371686,0.736527,0.510280967,0.0127870962,0.735954821,0.419451177,0.0126744537,0.734425962,0.366066337,0.00403963262,0.733239233,0.325534433,-0.00412746659,0.776764095,0.538630366,0.00163166225,0.775254667,0.463204056,-0.00180001161,0.770547509,0.419606119,-0.00484184269,0.764873922,0.381808817,-0.00845188741,b
0.667374,0.765096784,2.96989924e-07,0.598859429,0.715820074,-0.0163487978,0.558720112,0.629855633,-0.0199342463,0.582851648,0.563524425,-0.0241736807,0.627769589,0.56096828,-0.0277976114,0.602656245,0.512450159,0.0122091183,0.60529232,0.432562262,0.00505485106,0.609899819,0.384897947,-0.00923566893,0.614347,0.345265031,-0.0222343765,0.641501307,0.507145166,0.00829367712,0.64275521,0.415631652,0.00527546275,0.644879878,0.361663073,-0.00531545328,0.646734059,0.317787796,-0.014822768,0.674556732,0.519806504,-0.000354730408,0.677818358,0.433340907,-0.00468344102,0.678027928,0.382377,-0.0116064083,0.678768039,0.343485206,-0.0178818,0.710956216,0.54823482,-0.0124138063,0.713852108,0.480199784,-0.0164758042,0.710828781,0.43901819,-0.0171322692,0.707260072,0.405111969,-0.0185318701,b
0.566270292,0.785554051,3.65202823e-07,0.497496516,0.753643513,-0.0163410548,0.452029884,0.67092,-0.0206140522,0.466324478,0.604990125,-0.0254477859,0.507589459,0.605263114,-0.0306451265,0.494683653,0.549622953,0.00539979385,0.493174195,0.468626261,-0.00337319705,0.4961285,0.418950677,-0.0179049633,0.500810266,0.377209127,-0.0309509,0.530984402,0.538418055,0.000755942543,0.527225733,0.448683977,-0.00391410617,0.52768451,0.392224967,-0.0145380972,0.529425204,0.345852822,-0.0235068686,0.565256715,0.547278225,-0.00812239666,0.55989635,0.460862398,-0.0135813272,0.556980431,0.409509271,-0.0211075842,0.556173623,0.36769551,-0.0273405742,0.601781666,0.573181033,-0.0202106778,0.59733367,0.502438247,-0.0254425835,0.593021691,0.460962176,-0.0269510522,0.589199662,0.42610094,-0.0286886506,b
0.48006475,0.800368547,4.06382412e-07,0.410545707,0.781057179,-0.014970446,0.361385226,0.703881741,-0.0177542064,0.367137909,0.632801294,-0.0211714916,0.407317281,0.624913096,-0.0244246181,0.400504023,0.574491262,0.0102610411,0.397882968,0.493746579,0.00497520855,0.399917394,0.446061373,-0.00714813033,0.404052198,0.405737877,-0.0186349954,0.435287118,0.560052752,0.0062997858,0.430007368,0.471084058,0.00478344178,0.429420441,0.415830016,-0.00361670321,0.431317061,0.371248692,-0.0111319702,0.469229668,0.565196633,-0.00189061614,0.463272154,0.479986,-0.00479545,0.459941477,0.429470658,-0.0105529949,0.459332407,0.38894248,-0.0159025416,0.506952941,0.585321426,-0.0132115502,0.502549,0.515265,-0.0160305351,0.498450756,0.474723428,-0.0162499547,0.495207816,0.440388471,-0.0173262246,b
0.420148373,0.813693821,4.13567534e-07,0.35041514,0.795755744,-0.0158331878,0.298655033,0.717217803,-0.0184073709,0.303104311,0.64663583,-0.0212749839,0.345990449,0.640938163,-0.0242075659,0.338839769,0.589760721,0.00908214506,0.336918741,0.508534968,0.00397002092,0.339960098,0.46082437,-0.00774749089,0.345009625,0.420108318,-0.0190559365,0.374798656,0.574354,0.00556287402,0.370731831,0.485326082,0.00427967077,0.371345758,0.430488467,-0.00383059,0.373719156,0.385356545,-0.0112976134,0.409762084,0.579191864,-0.00229704916,0.405207276,0.495178849,-0.00526888808,0.402070791,0.444765657,-0.0115665114,0.40095225,0.402980506,-0.0173883662,0.447111279,0.598883867,-0.0132768387,0.441167086,0.529119,-0.0165561028,0.43742156,0.489110619,-0.0172438752,0.434966922,0.453724474,-0.0188096743,b
0.385758936,0.839769602,3.82245958e-07,0.313690871,0.823618889,-0.0150996447,0.260655284,0.744868457,-0.0171734523,0.262561083,0.671607375,-0.0199780464,0.304470539,0.663243651,-0.022456035,0.301264942,0.6140908,0.0123016993,0.297024518,0.532330513,0.00738661829,0.299228847,0.484348416,-0.00423278101,0.304010183,0.443631887,-0.0153835174,0.3366974,0.597515225,0.00830666814,0.330818981,0.508317292,0.00733875437,0.330648,0.453595042,-0.000238134555,0.332895815,0.408473343,-0.00733259832,0.371123552,0.600818276,-0.000275310507,0.365155041,0.517497,-0.0026296142,0.361365885,0.467312068,-0.00768526876,0.360580385,0.425756037,-0.0128086843,0.408740759,0.61862421,-0.0121699627,0.40262562,0.549181938,-0.01418404,0.398559839,0.508870244,-0.0138885072,0.39605552,0.473712504,-0.0149259428,b
0.375083804,0.845344484,3.81548659e-07,0.302320123,0.838275373,-0.013596274,0.244796664,0.762223363,-0.0132065592,0.241645187,0.689092636,-0.0134582771,0.283202082,0.679386258,-0.013155574,0.278392315,0.633887053,0.0180121157,0.270057499,0.555382,0.0169667713,0.270633,0.509355783,0.00789929088,0.273732096,0.469822139,-0.0018297995,0.314122647,0.61365205,0.0142954392,0.303105116,0.52415,0.0167272817,0.300428808,0.469390035,0.0105583658,0.299738228,0.424590528,0.00426160963,0.349250227,0.614202797,0.00591564784,0.338149667,0.530376554,0.00556111615,0.331403702,0.480000436,0.000506207754,0.328189105,0.438769698,-0.00474971952,0.388642073,0.62761569,-0.00557839125,0.376821339,0.55753988,-0.00634329161,0.37027353,0.517962933,-0.00590415625,0.365795612,0.482852042,-0.0070855082,b
0.425746441,0.80310607,4.07928525e-07,0.355168909,0.788696587,-0.0149968974,0.30275315,0.715560496,-0.0167517737,0.305869162,0.645703554,-0.0189864449,0.346814394,0.634747922,-0.0208517034,0.336081892,0.588408649,0.0132910181,0.329354018,0.509994745,0.0103101823,0.328968167,0.464306056,-0.000192766325,0.33062464,0.425176054,-0.01060241,0.370318025,0.57202071,0.0104827294,0.361244738,0.486247689,0.0114387134,0.35801959,0.43407172,0.00425708713,0.357245862,0.391186059,-0.00253032031,0.40465194,0.57474345,0.00335226045,0.395113528,0.494169235,0.00274270214,0.388855755,0.446659803,-0.00212453865,0.385728538,0.408042312,-0.00710124243,0.443154156,0.591386914,-0.00694948528,0.435215354,0.525421262,-0.00739784166,0.429570019,0.488171279,-0.00636214903,0.425440341,0.455655754,-0.00680099335,b
0.577692211,0.820913613,7.48744178e-09,0.514228582,0.829709113,0.0175539982,0.457679242,0.806748211,0.0296495836,0.413737625,0.795152843,0.0311016906,0.373710632,0.781479,0.0320488848,0.482497752,0.685425222,0.0803801492,0.454185188,0.637978256,0.0931242555,0.427543461,0.623081923,0.0883995369,0.40160954,0.62439692,0.0823405832,0.494845271,0.666171,0.0622708276,0.462543041,0.611054,0.0742425174,0.428839,0.597080469,0.0639220849,0.404058516,0.607679129,0.0546752661,0.50682503,0.653415859,0.0393606797,0.475986391,0.594195187,0.0482292026,0.442413151,0.58143568,0.0412278809,0.415345401,0.591648757,0.0346874632,0.519628823,0.646247447,0.015115222,0.490356,0.594798,0.019860832,0.459185749,0.580101848,0.0180354491,0.431750685,0.582821,0.0154130086,c
0.581174,0.859866738,-2.72442815e-08,0.519745171,0.853669584,-0.00266253599,0.466643572,0.816161275,-0.00793354306,0.422482342,0.80303818,-0.0186793469,0.38295275,0.795265317,-0.0284545571,0.491185933,0.690314412,0.0267854,0.468724042,0.628782511,0.0137167452,0.44174996,0.613044918,-0.00365928863,0.416301548,0.617845774,-0.0151002631,0.508111954,0.67901808,0.0149791325,0.484389812,0.605864465,0.00181298819,0.451414287,0.594961405,-0.0141274119,0.425619781,0.611317337,-0.0235122,0.526451886,0.677172184,-0.00134346052,0.506713271,0.601520658,-0.0104962774,0.47146529,0.588227093,-0.020752674,0.443145275,0.600379109,-0.0264772493,0.545671821,0.685851157,-0.0197529178,0.528496861,0.623841524,-0.0267208926,0.498684853,0.603475392,-0.0330228209,0.471757442,0.603757381,-0.0368520766,c
0.584544778,0.860040784,-7.02728755e-08,0.517762065,0.848659754,0.0332690813,0.467537642,0.808393,0.0461232364,0.426696956,0.797052801,0.0446005426,0.387375057,0.791450381,0.0423313975,0.497398674,0.691148579,0.0797731057,0.476481318,0.63099885,0.0820525289,0.446902871,0.617424846,0.0729757473,0.418819547,0.624062896,0.065644525,0.51156,0.678773522,0.0486901514,0.487260908,0.604006171,0.0480913408,0.447998405,0.593171716,0.0366257355,0.42000711,0.615140855,0.0295272898,0.524305522,0.677210271,0.0137506248,0.502092123,0.600296,0.0128080649,0.458939,0.59069103,0.00640735403,0.426751465,0.607201397,0.00280395313,0.532820344,0.684589386,-0.021197807,0.509894609,0.621556878,-0.0219697263,0.474386394,0.606724262,-0.0243505947,0.444480211,0.610370874,-0.0262883566,c
0.588931084,0.8633008,-3.10692513e-07,0.524271607,0.842916965,0.0726451948,0.479495794,0.802802682,0.103250027,0.44506979,0.787607968,0.113223858,0.409153163,0.778139114,0.12070816,0.526111603,0.688458264,0.115676478,0.49666518,0.627706289,0.130192831,0.460445166,0.617674708,0.132120728,0.43252784,0.631759405,0.133239046,0.536079466,0.678391218,0.0699905455,0.497613549,0.601448298,0.0825386792,0.453098774,0.595668316,0.0828800723,0.425454855,0.616398036,0.0839526206,0.536307335,0.679118276,0.0231563281,0.497585356,0.600941181,0.0318842344,0.452137798,0.596249938,0.0368957892,0.420892864,0.611374319,0.0401491858,0.525746405,0.68717283,-0.0200612731,0.491790622,0.621891677,-0.0157949068,0.455549419,0.613009632,-0.0109135089,0.427674532,0.618996322,-0.00749014178,c
0.581125796,0.854115129,-3.82734783e-07,0.534724236,0.836605489,0.0731421262,0.496942,0.792419076,0.105776466,0.466911972,0.776757598,0.12142586,0.435848683,0.766624212,0.135159731,0.543062747,0.679861844,0.0905584767,0.504141,0.621068716,0.10402666,0.464078963,0.615690649,0.108669095,0.437972486,0.632341862,0.111470051,0.54690963,0.67279774,0.0495775491,0.503648639,0.595645249,0.0639051273,0.459956586,0.594531655,0.0687482432,0.433374286,0.613082469,0.0713488683,0.538654923,0.679527819,0.0103554325,0.496608526,0.596941292,0.0207939465,0.456018388,0.596220374,0.0279633235,0.427852362,0.610001802,0.0309228264,0.516634405,0.69619441,-0.0240958538,0.485811979,0.628543317,-0.0214342605,0.456322163,0.618513227,-0.0170142986,0.433456,0.622945428,-0.0142401392,c
0.58495307,0.853710294,-3.6749276e-07,0.539064229,0.83177197,0.0963345617,0.505765796,0.792246222,0.139257625,0.475764543,0.774483681,0.162396818,0.444395334,0.761710227,0.183748916,0.544597507,0.677097261,0.112290464,0.508582413,0.623537,0.136604309,0.472121865,0.618803501,0.149406046,0.44948867,0.634512961,0.157736659,0.541113615,0.673694968,0.0643053651,0.505335867,0.596420169,0.0891531,0.465305358,0.594086468,0.102066174,0.441207469,0.610332966,0.110548101,0.528494179,0.678515553,0.0204680823,0.498136401,0.601830304,0.0430618264,0.461156726,0.597816,0.0599188283,0.435672224,0.60991931,0.0687912107,0.506342709,0.691512108,-0.0169290565,0.483540744,0.625955582,-0.00191773265,0.456646979,0.614822626,0.0117828986,0.436390132,0.619465828,0.0213142186,c
0.569704175,0.857960582,-3.90641333e-07,0.519703686,0.839797139,0.0746689439,0.483194113,0.791982055,0.108598106,0.452918589,0.776300192,0.124422953,0.419151872,0.766880155,0.138310745,0.535421789,0.679494441,0.102033779,0.496137083,0.618598819,0.119254254,0.456665069,0.614495099,0.124687023,0.431118876,0.630522728,0.127850696,0.541021109,0.67322284,0.0603626929,0.49774915,0.593991816,0.080228813,0.452698827,0.595344,0.0862430334,0.428060085,0.614429891,0.0894357786,0.533631623,0.678402722,0.0198243186,0.491288215,0.594631195,0.0357672237,0.449508876,0.596199572,0.0457734801,0.423808098,0.610006869,0.0502027497,0.511957586,0.691995621,-0.0164641403,0.48019594,0.620620608,-0.00950955413,0.448308289,0.614010394,-0.00190177734,0.426055789,0.621564925,0.00314759114,c
0.572603464,0.873005807,-3.27163548e-07,0.506282926,0.851035893,0.0620044768,0.461441338,0.807241857,0.0860571861,0.425830185,0.790555716,0.0909094438,0.390015393,0.779673,0.0934445933,0.517431498,0.691582322,0.102328271,0.486026943,0.630005717,0.113115259,0.449283063,0.621130168,0.112940706,0.420775324,0.63479203,0.112637058,0.529004633,0.679983258,0.0606110767,0.486857206,0.605202734,0.0702630058,0.440050513,0.602024674,0.069188863,0.4115915,0.624405146,0.0689112,0.529598296,0.681512535,0.0172239039,0.487000227,0.602014124,0.0231238659,0.438966155,0.599894762,0.0262668971,0.406925231,0.617059708,0.0282799378,0.51737833,0.691510916,-0.0233005956,0.481115699,0.623971343,-0.0205537342,0.44409278,0.616364121,-0.0164543,0.416137844,0.625535965,-0.0136736799,c
0.567540169,0.872202814,-5.01612156e-08,0.499698371,0.861208916,0.0184637159,0.448327392,0.822020411,0.025353469,0.405754775,0.807144403,0.0210787319,0.366359651,0.795752704,0.0172062349,0.481530696,0.699745,0.0665398911,0.459441483,0.642323256,0.0672379807,0.432234108,0.626591623,0.0567923337,0.405470341,0.628550291,0.0485971123,0.495889395,0.687085629,0.044390481,0.469118208,0.617905259,0.044287134,0.433103442,0.604037762,0.0324171297,0.405899793,0.622303128,0.0243508164,0.508513629,0.682922959,0.0176704321,0.485773057,0.609638214,0.0178476572,0.445895553,0.596400738,0.01156954,0.415324271,0.611663699,0.00762631558,0.518101,0.685336947,-0.0103398217,0.497451186,0.624242067,-0.0103368526,0.464492351,0.606776178,-0.0125055742,0.436467052,0.611431599,-0.0141273187,c
0.565410614,0.877380133,-5.83522e-08,0.50018,0.864509106,-0.000516518601,0.445908576,0.828025222,-0.00349177816,0.399392128,0.811076283,-0.0132389152,0.358632088,0.797821641,-0.0217084177,0.477110118,0.702983916,0.0385738909,0.45464009,0.643259645,0.0298812576,0.428392261,0.626655,0.014599015,0.402374566,0.627255857,0.00384287466,0.493050516,0.689840317,0.0259855427,0.465508521,0.621520936,0.0170900505,0.433048129,0.606442392,0.00222936342,0.40695706,0.619054794,-0.00745173078,0.509566367,0.684494674,0.00824811682,0.485158056,0.611838579,0.000880194188,0.448830247,0.597576737,-0.00799668767,0.419057578,0.609949648,-0.0129185887,0.526956379,0.686488152,-0.0117292972,0.504409909,0.625931,-0.0179447941,0.473011792,0.605226696,-0.0232481658,0.44468078,0.606155157,-0.0263028163,c
0.569783926,0.881427884,-5.7657811e-08,0.503296316,0.870262,0.00112564326,0.447239906,0.831803322,0.000408071472,0.401149094,0.812499285,-0.00686531886,0.36142993,0.797813892,-0.0132170357,0.478497,0.708759785,0.0402050875,0.457394809,0.647201955,0.0331749469,0.432215065,0.629036367,0.0185563024,0.405943811,0.628755033,0.007841032,0.496153474,0.695085108,0.0274312794,0.470672637,0.626387477,0.0193715841,0.438539267,0.609781861,0.0036216639,0.411147982,0.620537639,-0.00711366534,0.514984846,0.690603375,0.00978951529,0.492257953,0.617393732,0.00277630868,0.457530141,0.600137591,-0.00820548553,0.428012341,0.609224141,-0.015103641,0.535769,0.693609536,-0.00973439496,0.515415728,0.631582677,-0.0165078826,0.48551622,0.607517779,-0.0235471278,0.457899272,0.603958964,-0.0282224938,c
0.570597649,0.82159549,-1.89885547e-08,0.507773817,0.828667045,0.00931986,0.451674581,0.80447036,0.0165414382,0.407110572,0.791573703,0.0151454667,0.367664725,0.778078496,0.0142334942,0.475733221,0.682410538,0.0646107346,0.449372,0.634111,0.0708561763,0.423112452,0.619112074,0.063798584,0.398080111,0.619895756,0.0571427606,0.487896234,0.663892865,0.0503721498,0.457056075,0.60734117,0.0557239614,0.424271315,0.595706165,0.0453765169,0.400022566,0.607898414,0.0374659635,0.50039351,0.651936412,0.0311219897,0.470988333,0.591180801,0.0345698446,0.43732512,0.579996824,0.0278741419,0.411013216,0.592054069,0.0230402127,0.514207721,0.644683957,0.0100918952,0.487054676,0.593033254,0.0112317922,0.455556214,0.577662647,0.00859664939,0.42859754,0.580567896,0.00647810614,c
0.567961395,0.879827142,1.11966409e-08,0.502109647,0.871446788,-0.0074521834,0.445758343,0.837787151,-0.0129456073,0.399399728,0.818274438,-0.0229072627,0.358952641,0.802827179,-0.0319305696,0.47206077,0.71144104,0.0296183415,0.450132906,0.650304735,0.0200311579,0.427290112,0.628258049,0.00306563452,0.401889443,0.62578,-0.00934304297,0.492530555,0.696844935,0.0206704121,0.466184169,0.629162669,0.00970541686,0.437940985,0.608810246,-0.00905902311,0.411210597,0.615159273,-0.0217943192,0.51416415,0.69163388,0.00669212872,0.491016239,0.62019515,-0.00311758439,0.461716712,0.597976267,-0.0173976906,0.434494317,0.601403713,-0.0264145229,0.538877189,0.695377,-0.00950379949,0.518222451,0.634852827,-0.0184590053,0.490929544,0.608206391,-0.0274988171,0.464084029,0.599650681,-0.0335666239,c
0.577537775,0.881416142,-3.3284941e-08,0.514187574,0.870920777,-0.000328558352,0.458580375,0.830428362,-0.00330325263,0.413011104,0.813414037,-0.0124212801,0.37361002,0.79929167,-0.0200943,0.487861365,0.70263952,0.0345327035,0.465965271,0.641496778,0.0248993691,0.439299524,0.62411654,0.00970605761,0.41321069,0.626034379,-0.000560238957,0.504411757,0.691289,0.0221798457,0.479860514,0.619697571,0.0127046937,0.447000682,0.605507135,-0.00111479044,0.420719713,0.619291902,-0.00947056897,0.521782935,0.688560843,0.00505236676,0.500879109,0.614262104,-0.00185316487,0.46552074,0.598452032,-0.00995368231,0.436531961,0.609281957,-0.0143066589,0.539900422,0.694431722,-0.0142078772,0.523287058,0.631577849,-0.0199303124,0.493908167,0.607912958,-0.0251277406,0.466891408,0.605701923,-0.0280169789,c
0.603985,0.869828,-4.6106841e-08,0.544021487,0.858640552,0.000149259053,0.488682598,0.81236285,-0.000491571787,0.444488525,0.790953696,-0.00717749353,0.406678081,0.776043952,-0.0123627773,0.521094561,0.693231344,0.0361939482,0.503273904,0.629746318,0.0274646357,0.478504777,0.610845089,0.013874718,0.452558428,0.612503409,0.00524477195,0.536188364,0.682902634,0.0246900115,0.516059041,0.611790121,0.016771391,0.485549599,0.594632506,0.00557634095,0.459041178,0.605155051,-0.000459226634,0.551319122,0.680495441,0.00822997373,0.533203125,0.607064486,0.00201857649,0.500736773,0.588915467,-0.00365437334,0.472651839,0.596535325,-0.00568664866,0.566257656,0.685123205,-0.0103791896,0.549637437,0.62271446,-0.0157866068,0.521814704,0.599253774,-0.0194468386,0.495763034,0.596191764,-0.0206983574,c
0.65005213,0.85984838,-5.17849834e-08,0.592756093,0.843542099,0.00195658137,0.540846527,0.792844057,0.00298845535,0.499430895,0.766599119,-0.00196774676,0.464491904,0.744958937,-0.00539315678,0.578394115,0.68139118,0.0376391336,0.563169718,0.617686391,0.030422071,0.539847851,0.596898854,0.0177240763,0.514406919,0.595321715,0.00962833688,0.594012141,0.673813879,0.0265266821,0.577286124,0.603515,0.0197285023,0.549082279,0.583140612,0.00864586234,0.522944927,0.588157237,0.00263735931,0.609481,0.673060656,0.0108877448,0.594370544,0.600647569,0.00567133864,0.564257383,0.579331458,0.000310695963,0.536921263,0.582707047,-0.00158179132,0.624610424,0.678239882,-0.00658935821,0.611803174,0.616209924,-0.0113413054,0.586523354,0.589448154,-0.0145804314,0.562092066,0.582170784,-0.0154901752,c
0.691755772,0.881238,-1.12236613e-07,0.627937794,0.853731513,0.00908938702,0.578289866,0.800450623,0.011707739,0.537526667,0.77083081,0.00576475868,0.501752436,0.744562268,0.000601285312,0.621758103,0.689723611,0.0492495857,0.608616889,0.624343514,0.0433994718,0.585374594,0.603141665,0.0302172862,0.560152531,0.599616945,0.0211281404,0.639116943,0.68056488,0.0322301425,0.622986138,0.605060577,0.026275048,0.591686308,0.584583938,0.0138066066,0.563489377,0.59275794,0.00606542593,0.655490935,0.679690957,0.010486301,0.641815782,0.602296233,0.00506544253,0.606302798,0.580867589,-0.00151540386,0.574564278,0.585952342,-0.00484508555,0.670930564,0.686035752,-0.0127703752,0.658046782,0.620119333,-0.0173580311,0.629591644,0.592500865,-0.0207050703,0.601494372,0.585593581,-0.0223607514,c
0.692014933,0.889011145,-1.46361174e-07,0.628623903,0.85823518,0.00363376155,0.579107165,0.805908501,0.00289253495,0.537822604,0.775547445,-0.00519107655,0.502031922,0.750440776,-0.0120458463,0.622670054,0.692467511,0.0392458811,0.607864439,0.626008213,0.0289854445,0.584133148,0.605353594,0.0134987067,0.559273124,0.60240823,0.00345192524,0.639898837,0.682798922,0.0252175648,0.623932898,0.60724026,0.0160019957,0.593972325,0.587513208,0.00309370016,0.567056775,0.594987273,-0.00459355535,0.656649053,0.682089865,0.00633363845,0.642965913,0.604117453,-0.00166910829,0.607457638,0.585466385,-0.00797073077,0.576016426,0.592610419,-0.0105345808,0.672676921,0.689370811,-0.0143849542,0.660184324,0.623924553,-0.0208656285,0.630711913,0.598019779,-0.0243921541,0.601418138,0.593574405,-0.0255614296,c
0.662057042,0.881940186,-7.98810547e-08,0.600772858,0.863355398,0.00180898828,0.548402071,0.813067913,0.000968820183,0.505640507,0.787399292,-0.00641549425,0.468394905,0.766076,-0.0122527368,0.584114909,0.692481935,0.0370060578,0.57041,0.624268651,0.0265088566,0.545081317,0.605374873,0.011762334,0.518827319,0.607467711,0.00289672,0.600662,0.683645427,0.0243078303,0.584155381,0.60759449,0.0149981985,0.552502155,0.590526879,0.00329333241,0.524737835,0.600525379,-0.00264466438,0.617589951,0.683480144,0.00671137543,0.602551401,0.606008053,-0.00055213162,0.568347,0.587280869,-0.00572839053,0.538536668,0.594392657,-0.00697928946,0.634654641,0.690794349,-0.0128906621,0.620952129,0.625085533,-0.0185161363,0.593157589,0.597763717,-0.0215482842,0.56654644,0.590879619,-0.0219567418,c
0.608833194,0.872844636,-3.20647553e-09,0.548681438,0.867932439,-0.00386455492,0.490349382,0.828342795,-0.00635505421,0.443798,0.81215322,-0.0139736971,0.404077113,0.801602662,-0.0198647771,0.517692268,0.701478779,0.0325053222,0.495747447,0.636127949,0.0223722886,0.469901562,0.620307803,0.00718097622,0.444776505,0.625999331,-0.00249971123,0.532240629,0.691462934,0.0231152028,0.507910728,0.620351195,0.012870972,0.475706577,0.606109738,-0.00152239425,0.449116826,0.619421959,-0.0097877318,0.548264563,0.688513875,0.00856755394,0.525371671,0.615876853,0.000793574553,0.49199158,0.600214124,-0.00850603543,0.463821411,0.610018432,-0.0129760392,0.566038549,0.691704333,-0.00827056915,0.54636687,0.629303694,-0.0141494535,0.518801451,0.60500288,-0.0197623,0.493328899,0.600861728,-0.0226905514,c
0.577875495,0.869667888,5.54846693e-08,0.517572045,0.87673533,-0.00341069931,0.460035473,0.845825493,-0.00595695106,0.414295405,0.833997488,-0.013838809,0.373430133,0.822255313,-0.0203690268,0.480009675,0.712798119,0.0363154598,0.454786837,0.651768625,0.02914677,0.427446842,0.638458908,0.0142925093,0.400718838,0.645339549,0.00408407254,0.494532883,0.70051378,0.0266947672,0.466105103,0.633017182,0.0191612486,0.431828558,0.621489286,0.00314985425,0.405370772,0.636465669,-0.00712421536,0.510160506,0.695736825,0.0120694228,0.484027743,0.625547409,0.00648149662,0.449408531,0.612155199,-0.00499065081,0.421616465,0.624105513,-0.0118114064,0.52781266,0.697340488,-0.00479507539,0.504203379,0.636422098,-0.00962797087,0.474266142,0.616598487,-0.0161346812,0.448066443,0.617823362,-0.0202973895,c
0.55394423,0.876015604,5.39835e-08,0.488875657,0.885435343,0.0107935769,0.432762146,0.862657964,0.0146830576,0.388917267,0.858751595,0.00941733737,0.3471331,0.849926353,0.00423088809,0.444829941,0.726363361,0.0587652475,0.415709078,0.668011606,0.0575413406,0.387009621,0.657334268,0.0445686765,0.359299749,0.667063415,0.034547314,0.459040433,0.712664425,0.0411049388,0.425484598,0.646817803,0.0379588418,0.388700604,0.639035,0.0203856193,0.36281839,0.659691513,0.0081558954,0.473786175,0.706785917,0.0187900644,0.443370819,0.637245953,0.0162217114,0.405174732,0.628709,0.00286405254,0.376126111,0.645954669,-0.00611489732,0.490213215,0.707345784,-0.00480437884,0.462701887,0.646962404,-0.00806443207,0.430021405,0.631190777,-0.015158549,0.402156174,0.635647953,-0.020456465,c
0.563637137,0.822346807,1.56270763e-09,0.503175855,0.826213419,0.00462103868,0.448400378,0.799262106,0.00749792717,0.403960586,0.785569847,0.00266776979,0.364861548,0.772553444,-0.00111577823,0.474666178,0.6773296,0.0536439382,0.450554669,0.628391147,0.0557867661,0.424256057,0.612722695,0.0476052798,0.399513781,0.613679588,0.0408576652,0.487216473,0.660643041,0.0408880375,0.458212584,0.602483511,0.0440422818,0.425564528,0.589582,0.0358415917,0.400808215,0.599065423,0.0296405368,0.499495268,0.649597287,0.0229686499,0.472552449,0.588097513,0.0252738763,0.439106792,0.575413,0.0213446785,0.412858695,0.585862279,0.0185163096,0.512263834,0.643758535,0.00274885981,0.488082618,0.591059923,0.00347471889,0.458050162,0.574120939,0.00222334266,0.432389796,0.577140272,0.00133220479,c
0.55276686,0.880504072,7.10674755e-08,0.483077914,0.887983441,0.0172032863,0.427383721,0.8658005,0.0252572168,0.383247524,0.86145848,0.0225087553,0.340755761,0.853262722,0.0193377808,0.442429334,0.73176229,0.0729568228,0.412163854,0.676213324,0.0779099688,0.383712679,0.663192153,0.0673788488,0.356001019,0.66848886,0.0575286523,0.456726581,0.716529667,0.0520012937,0.421237648,0.652511179,0.0535051413,0.384226412,0.641920269,0.0356531963,0.359288096,0.661953628,0.022098152,0.470885098,0.709678769,0.0265120659,0.439134717,0.640212893,0.0276439041,0.400523514,0.629075408,0.013928296,0.371670365,0.645546496,0.00356076029,0.486812949,0.709364116,2.82630754e-05,0.459063619,0.650199473,-0.000939856342,0.425882101,0.634419322,-0.00793757848,0.397610694,0.638639331,-0.0140294749,c
0.558416247,0.877575397,2.66233275e-08,0.498762161,0.884756863,0.00188405521,0.440415204,0.85484463,0.00182522496,0.394303977,0.846131742,-0.00485566491,0.353627324,0.837418795,-0.0101846959,0.460075974,0.720675111,0.0425928608,0.434480309,0.659213066,0.036981307,0.406154126,0.647255599,0.0235076398,0.379130542,0.656254292,0.0142801702,0.473908126,0.708380342,0.0300976057,0.443926871,0.639841795,0.0248615798,0.40840596,0.629576385,0.011113192,0.381925136,0.647612453,0.00225226092,0.487957031,0.702893,0.0126603171,0.460213751,0.631599665,0.00882385205,0.423165113,0.62063694,-0.00050308404,0.394351274,0.636128545,-0.00596686685,0.502232373,0.703124702,-0.00680954242,0.476432532,0.643009186,-0.0105143329,0.444680482,0.625559151,-0.015739901,0.417731136,0.629927814,-0.0189512316,c
0.580872238,0.869071841,2.88665323e-08,0.519808173,0.86980921,0.00157238904,0.46219185,0.838000894,0.00258588465,0.417098314,0.824418426,-0.00266908947,0.37830627,0.811710298,-0.00646654097,0.48473981,0.708179712,0.04356746,0.461781144,0.647500634,0.0397137031,0.436497033,0.630411446,0.0277637206,0.411108404,0.633180141,0.0192012731,0.498271942,0.69685775,0.0321422182,0.471019477,0.631441474,0.0280341096,0.439060867,0.614862204,0.0154370395,0.412860841,0.625744462,0.00711800437,0.512495458,0.691720724,0.0157582909,0.487160295,0.62339735,0.0122709405,0.454188138,0.606479526,0.00408676732,0.426412106,0.615925491,-0.000684933621,0.528137743,0.69090724,-0.00268294313,0.505244434,0.632978618,-0.00657093618,0.476668984,0.610958219,-0.0113835409,0.450900912,0.608535707,-0.0141895944,c
0.607259631,0.848301768,1.03114139e-08,0.549358845,0.840429604,-0.00384788541,0.497704029,0.802608,-0.00705532171,0.456119925,0.780394614,-0.0151215186,0.420826912,0.759287059,-0.0214192569,0.526013732,0.683028698,0.0308112614,0.507966697,0.621605873,0.0220143422,0.484450817,0.600295,0.0084744487,0.460045695,0.598368406,-8.54514292e-05,0.5404948,0.672877669,0.0220813192,0.51944989,0.607113421,0.0149796037,0.491098732,0.585888803,0.00396950962,0.465488315,0.588407874,-0.00226765964,0.555287,0.669255316,0.00852617715,0.535375416,0.602588296,0.00343958894,0.507360637,0.580512226,-0.00130982953,0.481797606,0.581457,-0.00304404483,0.571262479,0.672407031,-0.00747805741,0.554653,0.614928842,-0.0122139128,0.530057132,0.588005543,-0.0150824739,0.505928397,0.578705728,-0.0156315304,c
0.635226548,0.81959,-3.2953027e-09,0.57833904,0.804572701,-0.00173621741,0.530420244,0.762661397,-0.00317130098,0.491309851,0.736785471,-0.0098446412,0.458802491,0.712087035,-0.0150228664,0.563818038,0.650600851,0.0332311094,0.550920248,0.589160919,0.0258205608,0.5294559,0.565602958,0.0131692393,0.505438924,0.560035467,0.00490287971,0.578984737,0.641264379,0.023649564,0.562570333,0.574918866,0.0176103655,0.536223888,0.55208987,0.00705201,0.511224,0.551636159,0.000950772548,0.594208717,0.638584375,0.00940963067,0.578772366,0.571578503,0.00467683887,0.551780581,0.54795,-0.000295309903,0.526297808,0.546318,-0.00223237625,0.610603333,0.642698646,-0.00706997281,0.598963261,0.583923519,-0.0114355544,0.576511,0.556479692,-0.0140112471,0.553820431,0.547057509,-0.014458078,c
0.670775354,0.790589452,-2.42483988e-08,0.61369586,0.768483281,-0.000614116492,0.56672,0.721701741,-0.00070160575,0.528283119,0.692588687,-0.00611035712,0.497665316,0.662408,-0.00994473789,0.606256,0.613419414,0.0362607837,0.593384802,0.553394437,0.0309227,0.573071063,0.528266668,0.0188486502,0.549819,0.519135058,0.0102425991,0.622222722,0.604765713,0.0264133,0.606583834,0.537602663,0.0214594416,0.581251264,0.512883544,0.0102622993,0.556461275,0.510911882,0.00318939169,0.638333619,0.603190362,0.0120096076,0.624397457,0.533739269,0.00796896,0.597753704,0.508623719,0.00188880647,0.572126329,0.506626904,-0.00130451855,0.655502498,0.608366609,-0.00446739281,0.644630253,0.548613369,-0.00851284899,0.621969283,0.520962656,-0.0117757535,0.599142313,0.511564255,-0.0131402314,c
0.693309426,0.773777068,-6.23190104e-08,0.633783281,0.743846,0.00265710615,0.587309659,0.696523905,0.00365534564,0.548991263,0.66483295,-0.00161458424,0.519120693,0.630566895,-0.0052643856,0.629553795,0.588442087,0.0413538441,0.618870199,0.525739908,0.0354335271,0.5976969,0.500757098,0.0224956684,0.573955297,0.49235633,0.0136092631,0.646413386,0.579539,0.0297492743,0.633356929,0.508282721,0.0252036843,0.607030511,0.483048171,0.0142933419,0.581810594,0.481522262,0.00725389645,0.662912428,0.578137755,0.0133912731,0.652174652,0.505178452,0.010059013,0.624906123,0.478408277,0.00480079558,0.598801434,0.475683391,0.00190628076,0.680194497,0.583619118,-0.00495538348,0.672498226,0.522162378,-0.00828094874,0.649029,0.492461443,-0.0109419487,0.624741,0.481327385,-0.0119974595,c
0.706149042,0.758592367,-6.04450747e-08,0.645088792,0.727199256,0.00118093123,0.597248077,0.67353195,0.00136763393,0.557139575,0.639181256,-0.00466418,0.524650037,0.606202364,-0.00931472797,0.647018611,0.563177407,0.0396957248,0.634148717,0.497446358,0.0342713781,0.61277777,0.467984498,0.021090271,0.588131428,0.454775721,0.0112588117,0.665459,0.5547629,0.0276930872,0.65126121,0.47931847,0.0224458799,0.623415649,0.44992131,0.0101892902,0.595724344,0.446450472,0.001752096,0.683351517,0.553866804,0.0109398663,0.672623336,0.476218015,0.00690001948,0.643294036,0.446189672,-8.20749119e-05,0.61471349,0.442285538,-0.00454113772,0.70093143,0.560278833,-0.00793369,0.692528367,0.49549374,-0.011832403,0.668305755,0.462533772,-0.0157545283,0.643081069,0.44950673,-0.0181910973,c
0.679435849,0.748104393,-8.0445389e-08,0.61799264,0.719263911,0.00425737584,0.568922877,0.664382279,0.00496061612,0.527775645,0.632849514,-0.00167740323,0.493429,0.601528764,-0.00670235744,0.615479171,0.546659648,0.042322211,0.606418371,0.478298277,0.0342157371,0.582385302,0.452830553,0.0208197758,0.555572629,0.446951449,0.0121875554,0.632897556,0.538681328,0.0278502814,0.622279704,0.460354596,0.0212792251,0.591964841,0.436742723,0.0114444075,0.563533247,0.438532352,0.00589660835,0.649183,0.538615346,0.00822270568,0.641066313,0.45817259,0.00211010757,0.607923746,0.432903409,-0.00187839987,0.577379704,0.433317482,-0.00285277632,0.664123952,0.545126438,-0.0134481452,0.656013668,0.475373298,-0.018892685,0.628992736,0.444965899,-0.0212175269,0.601584554,0.43595767,-0.0213862639,c
0.629973471,0.724396765,-5.46183081e-08,0.570989907,0.706692338,-0.00112965715,0.51962328,0.655337095,-0.00195928337,0.478712559,0.62492311,-0.00842984859,0.444447935,0.599719107,-0.0131663429,0.562373877,0.537115872,0.0328655876,0.551957309,0.470878422,0.0236590486,0.527656496,0.444770783,0.0107487673,0.501205862,0.438884735,0.0025609252,0.577831805,0.528780639,0.0218548812,0.564710855,0.454227269,0.01414432,0.534303844,0.43068105,0.00528763095,0.506220043,0.430565774,0.000535897096,0.59226948,0.527224898,0.00570838852,0.581217408,0.451090693,-0.00100765936,0.549481034,0.426048428,-0.00472308975,0.520314753,0.42392686,-0.00553612644,0.605536938,0.531457663,-0.0128165884,0.595060289,0.465434194,-0.0188568905,0.569189072,0.435471892,-0.021620702,0.543338895,0.424962819,-0.0221789032,c
0.565807,0.822898567,-4.09259e-08,0.507168472,0.82209444,0.0023113736,0.455080062,0.784845889,0.00242943689,0.411892474,0.766833067,-0.00454411516,0.373297334,0.75299561,-0.0100494474,0.485095,0.662199497,0.0441021621,0.466607124,0.604056835,0.0386507586,0.440334797,0.588728547,0.0266938973,0.415436864,0.593731642,0.0190800019,0.497585654,0.650066733,0.0317249522,0.475162745,0.584209144,0.0282842908,0.443268985,0.571472466,0.0187308192,0.41793412,0.581851721,0.0131357303,0.509960115,0.643610656,0.0141133349,0.488842547,0.576266229,0.01145929,0.455330789,0.563633204,0.00733547146,0.428328633,0.573477864,0.00573967118,0.522337317,0.642462671,-0.0057971864,0.502052307,0.58525455,-0.0075720665,0.472889453,0.56613481,-0.00903943647,0.447327852,0.566336,-0.00930783432,c
0.574044168,0.709370613,-5.86638116e-08,0.517368,0.699607,-0.00364105706,0.466357172,0.654082119,-0.00668250956,0.424810231,0.628126562,-0.0145227518,0.389641762,0.607164323,-0.0204671975,0.504695952,0.53139472,0.0273226742,0.494472891,0.46597296,0.015140553,0.46873045,0.444362432,-3.05245e-06,0.441549778,0.445269346,-0.0090602152,0.518674254,0.521963716,0.01779259,0.506156,0.449648559,0.00801552739,0.475279599,0.430405825,-0.00192031672,0.447573245,0.434564948,-0.00723467255,0.531701565,0.519540548,0.00314339576,0.520440578,0.446744889,-0.00399241643,0.489070415,0.426132381,-0.00788301416,0.460703641,0.427527606,-0.0089278,0.543522716,0.524029136,-0.0140399607,0.531947076,0.46191892,-0.0187916011,0.506798506,0.435854286,-0.0209222194,0.481936932,0.428171664,-0.0213484168,c
0.518646717,0.70557189,-5.38695133e-08,0.461686462,0.699339807,-0.00701665459,0.410193175,0.662241936,-0.0124126254,0.367429942,0.641036451,-0.0218662526,0.331152797,0.622745395,-0.0290527102,0.444390327,0.535841346,0.0215915833,0.430098265,0.470122606,0.00683029601,0.401277572,0.452240437,-0.00935909711,0.373222291,0.457151324,-0.0186693277,0.457429975,0.524953246,0.0133810397,0.440217406,0.452120662,0.00118077756,0.405768692,0.436993212,-0.00895433128,0.377539217,0.445375681,-0.0141462041,0.469292879,0.521129251,-0.000215855442,0.453955561,0.447279185,-0.0092715174,0.418816149,0.431497425,-0.013328582,0.389196217,0.437732786,-0.0141099785,0.480013222,0.524738967,-0.0165802725,0.465019852,0.461974442,-0.0229573529,0.437380105,0.439455837,-0.025764266,0.411441624,0.435727417,-0.0263306201,c
0.484636724,0.706273496,3.77413567e-09,0.426746875,0.705805898,-0.00192072836,0.373381704,0.673508167,-0.00427972199,0.328499585,0.657004952,-0.0126465177,0.289360166,0.640794277,-0.01915,0.403921813,0.545501471,0.0370072946,0.38411954,0.485566378,0.0290356409,0.35594067,0.467208087,0.015878344,0.329132885,0.469557524,0.00739506539,0.416175246,0.533024907,0.0262031015,0.392918348,0.466040581,0.0206084121,0.358834594,0.45063746,0.011113774,0.33100155,0.457843184,0.00522948615,0.426923275,0.526443362,0.00986696873,0.406194806,0.457918,0.00535325892,0.371882021,0.442090839,0.00117250427,0.343091965,0.448782533,-0.000619476195,0.436757654,0.525563598,-0.00912799593,0.418753564,0.465073407,-0.0130681153,0.390666485,0.44481653,-0.015386194,0.364913553,0.444976181,-0.0161752608,c
0.468443602,0.718210042,5.47106e-08,0.398151696,0.718231082,0.0335229225,0.343917787,0.690117061,0.0511268154,0.299838126,0.677352071,0.0538009368,0.257020414,0.661739588,0.0549422726,0.375800043,0.564547241,0.103632249,0.348135233,0.511878967,0.121629484,0.319154203,0.492850095,0.118106455,0.290163904,0.490923822,0.111480989,0.388569146,0.546628475,0.0754268467,0.356396198,0.485212028,0.0924847126,0.317811787,0.464961529,0.0813573524,0.289735585,0.471986413,0.0696021318,0.398379207,0.536462784,0.0427036248,0.369746864,0.470314264,0.0559030361,0.331570029,0.452507317,0.0487414487,0.301177889,0.459747285,0.040098127,0.407151043,0.533441126,0.00939939916,0.382859,0.472577035,0.0170262,0.351341695,0.455001324,0.0158280209,0.322826594,0.456869811,0.0120789418,c
0.467420906,0.70908916,-8.5075863e-10,0.407043755,0.710133374,-0.00172985322,0.352474272,0.679859638,-0.00362515915,0.306486607,0.663058639,-0.011706613,0.266066879,0.646712065,-0.0178548899,0.380682528,0.549064517,0.0402613208,0.358206242,0.491992414,0.0340590961,0.329843581,0.474073648,0.0212001447,0.302738309,0.47622034,0.0123461094,0.393221557,0.535388827,0.0292448588,0.366813958,0.470765442,0.0246802252,0.332490921,0.455426961,0.0141539602,0.304775357,0.463915527,0.00712370686,0.404595375,0.527702272,0.0126607055,0.380302,0.460700542,0.0087263,0.345453829,0.445817292,0.00329309469,0.316596419,0.454878151,0.000362683233,0.415729821,0.525356174,-0.00658338238,0.394787222,0.466247052,-0.0103945611,0.365546048,0.446582,-0.0135126924,0.339168608,0.448022962,-0.0151060503,c
0.48877266,0.692158282,-1.23985657e-08,0.43136692,0.692408562,0.00170715328,0.377318412,0.657402098,0.00222758832,0.333107084,0.638526738,-0.00385998166,0.295054674,0.619357705,-0.00825796,0.407998085,0.532366753,0.0433417,0.389701694,0.473143965,0.0384150147,0.363169879,0.455647886,0.0268950276,0.336735457,0.459079772,0.0193100385,0.420819789,0.520090103,0.0315492339,0.399475694,0.454633772,0.0291944873,0.367425621,0.438570261,0.0207299534,0.340524346,0.445752203,0.0151843242,0.432553142,0.51394403,0.0143671744,0.413238794,0.446665466,0.0120181739,0.38086012,0.430362523,0.00838151202,0.352870375,0.436687022,0.00661910279,0.443329,0.513336837,-0.00518477522,0.425552934,0.45445925,-0.00801530574,0.397987902,0.434509754,-0.0101116737,0.372334659,0.43380326,-0.0109686907,c
0.522376657,0.679632723,-3.20502771e-08,0.466713279,0.674163818,-0.0024221607,0.415877342,0.63774085,-0.00402578292,0.374055177,0.615672469,-0.0108053777,0.339254737,0.592183948,-0.0156501606,0.450253695,0.515930057,0.0336710103,0.433726043,0.458354264,0.0265377816,0.408706069,0.438796401,0.0141350543,0.383144885,0.438115597,0.0058284509,0.463406831,0.504420161,0.0240878519,0.443070322,0.44050473,0.0191569328,0.412768304,0.421438873,0.010121909,0.386463284,0.424565196,0.00412183348,0.475461721,0.498791039,0.00930185337,0.457006425,0.43335408,0.00512800692,0.426968694,0.414064407,0.00076397974,0.399831533,0.415571839,-0.00154927932,0.48714,0.498277,-0.00801456347,0.471928596,0.439799249,-0.01239252,0.446484596,0.417161882,-0.015498329,0.421490163,0.413024604,-0.0170457792,c
0.555306911,0.674028397,-3.28413243e-08,0.500240207,0.661507428,-9.56892545e-05,0.453124821,0.619606376,-0.00112641952,0.414614439,0.59429,-0.0081113819,0.381549448,0.56952858,-0.0133330487,0.49330923,0.505285859,0.0352789611,0.480664223,0.445820659,0.0278219413,0.456625462,0.423407972,0.0157802235,0.43203032,0.420113206,0.00818621,0.506798685,0.495379388,0.0244378652,0.492001742,0.428990781,0.0200789534,0.463139296,0.408393681,0.0127024399,0.437783211,0.408275753,0.00825592224,0.518588,0.490827084,0.00855159387,0.504941702,0.423922,0.0052354713,0.474980831,0.40361923,0.00369679695,0.44851917,0.403079808,0.00358929532,0.528866291,0.491467357,-0.0098297745,0.516906679,0.431778729,-0.0128499381,0.491609722,0.407807708,-0.0133568225,0.467077911,0.401795089,-0.0127785075,c
0.589619696,0.674631953,-9.40011375e-08,0.534595191,0.655342698,0.00127921312,0.491109669,0.607180595,-0.000421774952,0.455288619,0.578071833,-0.00788719207,0.423328847,0.552643,-0.0139323203,0.537302911,0.498146951,0.0297857672,0.529314339,0.436514914,0.0185489636,0.505112231,0.412977546,0.00380927837,0.479640603,0.410679698,-0.00525886053,0.550823,0.489315629,0.0177984517,0.540693462,0.418758631,0.00905616768,0.511514425,0.395990849,-0.000983111095,0.485213459,0.396763474,-0.0070370459,0.562642694,0.487182558,0.00129656063,0.554366589,0.415468425,-0.00469681108,0.524165392,0.392301798,-0.00860310439,0.496854573,0.391016424,-0.0103995726,0.572187543,0.49154824,-0.0172658786,0.56445843,0.431226403,-0.0211321861,0.541080475,0.403298587,-0.0229693949,0.517518222,0.393493772,-0.0237647779,c
0.6090042,0.681815147,-1.33240178e-07,0.551172,0.65430069,0.0162373837,0.514571905,0.603969455,0.0195164382,0.481401891,0.576007962,0.0131834932,0.451367915,0.548752785,0.00745980395,0.571077347,0.499542862,0.0491841957,0.561849,0.438557684,0.0437979,0.536905944,0.41454649,0.0320005938,0.511374414,0.410525173,0.0243210662,0.585915923,0.49164176,0.0284225885,0.574661911,0.417826623,0.0249643959,0.541949809,0.39277494,0.0161207896,0.51324296,0.395592868,0.0100902487,0.595549524,0.491455287,0.0036997206,0.587150693,0.414389968,0.00170649018,0.551593602,0.388610065,-0.00130602776,0.5211972,0.388743132,-0.00335293612,0.598144829,0.496670812,-0.0221375506,0.589364171,0.432663828,-0.0231574681,0.562356353,0.402912855,-0.0237668511,0.536276519,0.39294374,-0.0244104583,c
0.579577625,0.826979339,-1.07506828e-07,0.52221489,0.81451869,0.0177020431,0.480004221,0.764662087,0.02347783,0.443398833,0.741616666,0.0189487133,0.408483982,0.723341227,0.0149687137,0.52758044,0.653960824,0.0550852977,0.51502794,0.592946887,0.0528404601,0.486860931,0.573785663,0.0444528721,0.460459352,0.574956715,0.0392914489,0.541466892,0.644365907,0.0339624323,0.52429086,0.571347833,0.0331563763,0.487359375,0.555458248,0.0271847937,0.458305895,0.565511882,0.0241396111,0.550582051,0.642895639,0.0086547574,0.533606052,0.566479087,0.00714329863,0.493337214,0.551171958,0.00557912141,0.461696148,0.559685826,0.00570676615,0.551482797,0.647268653,-0.0176999308,0.533528149,0.585618913,-0.0183861349,0.502090573,0.56443733,-0.0182033405,0.474461913,0.562264442,-0.0175903961,c
0.597816885,0.685439408,-1.30393801e-07,0.542176604,0.661111116,0.00447479961,0.503219,0.611846626,0.00219253148,0.468594372,0.584357619,-0.00680243364,0.437947273,0.558372438,-0.0144140273,0.55848223,0.501507223,0.0295339115,0.552562714,0.433678061,0.0164210349,0.525973916,0.410755038,0.000965070329,0.498888195,0.410966575,-0.00795130804,0.572191477,0.495016247,0.0147445025,0.562119842,0.418505877,0.00420428207,0.528183281,0.396377802,-0.00615332648,0.499029756,0.40136832,-0.0120855169,0.581215262,0.496042818,-0.00434222212,0.571858168,0.417006195,-0.0123184239,0.535555124,0.394536316,-0.0163971297,0.504838228,0.397152543,-0.0177197903,0.583677,0.503819764,-0.0251101423,0.573405623,0.437990755,-0.0301745608,0.54708004,0.409454554,-0.0319151916,0.521930695,0.40156889,-0.0322832577,c
0.580978334,0.691714048,-3.85685048e-08,0.520164549,0.672607541,-0.00181947381,0.470254272,0.63188374,-0.004700833,0.428798437,0.607256114,-0.0132674798,0.394059122,0.58374,-0.0199482497,0.505597,0.513198853,0.0331173316,0.491435409,0.452766,0.0245851353,0.468469739,0.430792809,0.0116809653,0.444907904,0.425533146,0.00316968258,0.521410644,0.50254792,0.0226277336,0.50437659,0.433906525,0.0164421126,0.475242853,0.412544906,0.007956733,0.449492574,0.412285864,0.00263352739,0.536999464,0.498356581,0.00686555682,0.522863328,0.427057862,0.0014819192,0.492153555,0.405319899,-0.00186709373,0.464566767,0.405913264,-0.00311304443,0.553081632,0.499980718,-0.0114517324,0.542304277,0.438108683,-0.0166722238,0.515701234,0.413199,-0.0191976242,0.488951027,0.408248931,-0.0199010707,c
0.561135173,0.688552856,4.08730116e-08,0.500759,0.682071686,-0.00986553449,0.447407186,0.649126112,-0.0159593131,0.40368104,0.627892315,-0.0251573138,0.36738348,0.606639802,-0.03276008,0.474921077,0.526914477,0.0222382415,0.454261065,0.467627943,0.0131342337,0.432497382,0.444019139,-0.00148612831,0.408691913,0.43761763,-0.0118560595,0.492577463,0.514148533,0.0161811132,0.469825357,0.449152857,0.00784884766,0.443947643,0.42532891,-0.00579080591,0.419336915,0.423684031,-0.0149983233,0.511581063,0.509720683,0.0053367177,0.490387172,0.443205535,-0.00130286592,0.46515429,0.418037504,-0.0100376932,0.440835178,0.413644522,-0.0155632617,0.533070207,0.513438106,-0.00807842147,0.51602608,0.455390066,-0.0148475645,0.492643356,0.427488506,-0.020568762,0.468749434,0.415245175,-0.0239539091,c
0.546775401,0.690137446,7.53166063e-08,0.486899585,0.684718072,-0.0144495303,0.434505016,0.656494439,-0.0224710908,0.392338753,0.636304796,-0.0319081768,0.357558638,0.614035487,-0.0398618467,0.453958362,0.535992444,0.0142410882,0.432538748,0.475560278,0.00390770612,0.413385332,0.449463904,-0.0117123527,0.39096126,0.4374713,-0.0234923381,0.474929124,0.520967662,0.0104857711,0.452430129,0.456036299,-0.000805993215,0.430639803,0.431402683,-0.0166724492,0.408402801,0.426957369,-0.0273095984,0.497463435,0.515860856,0.00220573531,0.475921154,0.450317472,-0.0072727669,0.454638153,0.424848586,-0.0179564506,0.433145434,0.417678058,-0.0246109534,0.523959577,0.518398583,-0.0086339917,0.506129324,0.462522924,-0.0174087416,0.484941244,0.435911685,-0.0240481347,0.462809384,0.421629161,-0.0280813538,c
0.539157391,0.694167,1.00259236e-07,0.477550149,0.68809092,-0.016011212,0.426161021,0.660856664,-0.0247346535,0.385455161,0.638661563,-0.034586411,0.352468729,0.612037897,-0.0429915078,0.444259673,0.543489397,0.0125385933,0.423988849,0.482375085,0.00178047305,0.40579015,0.454638809,-0.0144230751,0.38385269,0.440434396,-0.0269195959,0.466411948,0.527303517,0.00901810173,0.44356665,0.460407019,-0.0037470602,0.421656549,0.435251772,-0.0208245069,0.399064749,0.431186616,-0.032164935,0.489546925,0.522220135,0.000925567874,0.46743539,0.454323947,-0.0100117289,0.445437789,0.428165436,-0.0217966,0.423560083,0.421433896,-0.0290693715,0.517312288,0.525383472,-0.00977484882,0.499424309,0.46843645,-0.0201370753,0.477632046,0.440353602,-0.0280364268,0.45490995,0.42433691,-0.0329507813,c
0.53825438,0.697928786,3.43213884e-08,0.482245356,0.691797256,-0.0126690762,0.430485308,0.658320129,-0.0199985541,0.387847424,0.635731697,-0.0293908194,0.352837473,0.613368571,-0.0374059267,0.452150822,0.540205121,0.0152848018,0.431153953,0.481017083,0.00462812511,0.411489755,0.457152307,-0.0106408633,0.389255047,0.448640913,-0.021695232,0.471362382,0.527483344,0.0104679475,0.448765337,0.4627738,-0.000505042844,0.426066041,0.439262569,-0.0158647764,0.403511435,0.43593353,-0.0260665044,0.492443383,0.523785353,0.00124814291,0.47059235,0.458339632,-0.00811274629,0.447606415,0.433513969,-0.0184757393,0.425075889,0.427341908,-0.0248490218,0.516655,0.528369248,-0.0103946012,0.497990489,0.472364724,-0.0190058202,0.47587949,0.444879115,-0.0256983731,0.453397423,0.430748612,-0.0297721922,c
0.551954627,0.701835036,-5.10974303e-08,0.491302282,0.690123916,0.0163224488,0.446232051,0.650657594,0.022513641,0.408588231,0.631310105,0.0190294273,0.373651981,0.613527,0.0160629563,0.481867343,0.53900671,0.0579256266,0.463236272,0.485473931,0.0582386367,0.437600881,0.465819538,0.0491282307,0.412441343,0.463678062,0.0421745852,0.494683862,0.527624071,0.038387619,0.474107921,0.462277234,0.0397148505,0.441140294,0.442808867,0.0312102679,0.413911819,0.450115234,0.024811076,0.505193055,0.523586392,0.0146707781,0.489306599,0.454385281,0.0159473736,0.455325425,0.434954882,0.0121385772,0.426964313,0.440718323,0.00907515,0.512452543,0.525050044,-0.0102920588,0.499426365,0.466970623,-0.0100721624,0.471932381,0.443426877,-0.0114430729,0.446393818,0.438823909,-0.0127945086,c
0.554304838,0.709937871,-1.97842979e-07,0.497663021,0.687275887,0.0507876202,0.4583565,0.644450128,0.0710949376,0.426429778,0.626178563,0.0743492842,0.394884199,0.608222127,0.0764339119,0.50559622,0.539237201,0.0942832753,0.486312121,0.477557868,0.102250047,0.454520613,0.459651262,0.100633711,0.428676665,0.467825055,0.100133091,0.517233908,0.528258622,0.0573404431,0.492995709,0.453236163,0.0650267079,0.452128828,0.437643051,0.0639364,0.424351782,0.452877074,0.0642891154,0.520755291,0.527131557,0.0175799783,0.49732846,0.449992597,0.022539515,0.454623163,0.434360951,0.0262397025,0.423582375,0.443900526,0.0293204859,0.513293326,0.533049524,-0.0207352415,0.490057081,0.468277156,-0.0181545522,0.457043499,0.450143546,-0.0142201688,0.429982811,0.449729502,-0.0111070219,c
0.556087375,0.698937237,-2.77501982e-07,0.503616214,0.68029213,0.0780669451,0.472029984,0.637199223,0.114962339,0.445444942,0.617664218,0.132772639,0.416634023,0.598389506,0.148414671,0.528687894,0.535161316,0.117096275,0.505571365,0.475151509,0.140527576,0.472721964,0.45979169,0.147783756,0.448045224,0.464444399,0.151202783,0.535260439,0.52640295,0.0742277727,0.509214044,0.44560504,0.0968523845,0.466654539,0.434167743,0.100089222,0.440589,0.447590411,0.101200916,0.528306067,0.525210142,0.0322958827,0.505186439,0.442754239,0.0515719652,0.465504974,0.431509078,0.0586981252,0.43797639,0.437454641,0.0609070323,0.507713616,0.530578077,-0.00525522372,0.489413202,0.46229893,0.00667362614,0.459882438,0.446511507,0.0146215456,0.435583413,0.444155216,0.0191456303,c
0.551746488,0.697653234,-2.88261248e-07,0.50180459,0.680468,0.077418752,0.472712755,0.636668801,0.114355974,0.447353929,0.615756512,0.132687315,0.418202668,0.596781492,0.148945481,0.530662537,0.534503281,0.115399048,0.506728172,0.475114465,0.139276624,0.47355026,0.459689736,0.146884874,0.448639512,0.464950144,0.150368035,0.535144567,0.525295913,0.073500894,0.509309053,0.445528269,0.0964430422,0.466760367,0.435101599,0.0997722894,0.440217376,0.448436648,0.100710571,0.526190042,0.524768591,0.0327825658,0.503049195,0.442052335,0.052570574,0.464006871,0.431798875,0.0594337173,0.436339796,0.438195884,0.0610825792,0.503305674,0.531348646,-0.00349597051,0.485091507,0.464155227,0.00886886474,0.456439525,0.448892057,0.0166339073,0.432675034,0.446280479,0.0208101533,c
0.593801916,0.839215279,-1.76378791e-07,0.540500641,0.822414041,0.0179057028,0.50237149,0.769214809,0.0219973139,0.468193322,0.744454741,0.0166949686,0.437042534,0.724172,0.0119462162,0.564002812,0.668083787,0.0431970172,0.550914645,0.599616647,0.0367959179,0.519710243,0.579798341,0.0275203455,0.491185874,0.582545459,0.0224965755,0.577702165,0.660828888,0.0219234191,0.558120251,0.580576479,0.0168359391,0.518967032,0.562061131,0.0104849115,0.488436103,0.571405232,0.0076527535,0.583333611,0.662900925,-0.00277472497,0.559825957,0.581382871,-0.00796857849,0.518059731,0.562947094,-0.010696792,0.486112118,0.568706572,-0.0110231657,0.576681,0.670927227,-0.0278645419,0.554626405,0.606244504,-0.0323376469,0.523852944,0.581516147,-0.0344005972,0.497835785,0.575385273,-0.0351590961,c
0.55128777,0.712711036,-2.89519164e-07,0.494811952,0.688694775,0.0691240579,0.45873329,0.64419,0.0983725786,0.429057896,0.624743819,0.108478084,0.398157239,0.604932666,0.116101444,0.521813035,0.540736854,0.108473234,0.497408748,0.475418,0.125723362,0.463021338,0.458912611,0.129844472,0.435609877,0.46549505,0.131937906,0.530405,0.530995905,0.0659340471,0.50173533,0.447529942,0.0827157795,0.458131909,0.435512185,0.0845527127,0.4298428,0.449590266,0.0854192227,0.526339352,0.530948699,0.0229394976,0.496543258,0.447880566,0.0364379473,0.454036921,0.435021788,0.0419827588,0.423964798,0.441563487,0.0437631644,0.50912869,0.536646962,-0.0166291352,0.484057933,0.466921061,-0.00880154874,0.452531189,0.450471759,-0.00266693952,0.427331835,0.448826432,0.000583393965,c
0.540586948,0.720800757,-5.74833585e-08,0.483355641,0.705295742,0.00461047515,0.439044774,0.664149404,0.00317143765,0.401350617,0.642593622,-0.00539080333,0.367571056,0.619378507,-0.0124320472,0.479949325,0.545932591,0.0377346314,0.465303808,0.487345159,0.0288876854,0.437898844,0.46731627,0.0152017307,0.412564635,0.466303706,0.00632395316,0.492387176,0.537362635,0.0228445213,0.47650972,0.464009,0.0142539376,0.44241488,0.448952585,0.00389393652,0.415673643,0.459396034,-0.0016782782,0.502818346,0.535933197,0.00335223018,0.490006834,0.461026698,-0.00206754915,0.455158174,0.443921208,-0.00602232479,0.427206844,0.450033247,-0.00743411807,0.510711193,0.541295707,-0.018180022,0.499808073,0.479147732,-0.0214841887,0.472794563,0.453815877,-0.0233637653,0.447766513,0.447502851,-0.0240333453,c
0.536772788,0.729085207,-2.08411066e-08,0.478974134,0.715918124,-0.00708135543,0.427922398,0.683403611,-0.0116673792,0.384969711,0.661032438,-0.0202406961,0.350968301,0.635952353,-0.0271808058,0.456095159,0.564829588,0.0265338793,0.437777579,0.508850515,0.0180882141,0.415452331,0.487890899,0.0042591705,0.392284751,0.482004255,-0.00575150689,0.472908169,0.551552474,0.019168321,0.451438,0.487073094,0.0109624909,0.42368421,0.468202323,-0.00187486,0.398711652,0.469445,-0.0105427802,0.490781248,0.546250045,0.00694075506,0.472026,0.479293287,-0.000211024264,0.443516433,0.458464593,-0.00884503406,0.417502165,0.458605319,-0.0141317565,0.51094228,0.548539758,-0.00770460675,0.49697423,0.490843594,-0.0146873984,0.472605288,0.464946,-0.0207202695,0.448166311,0.45654276,-0.0243752543,c
0.527631938,0.724962711,9.50567127e-08,0.468092203,0.721258402,-0.015632594,0.417396396,0.692670166,-0.0237170346,0.376677513,0.671644032,-0.0330133028,0.344291627,0.645373225,-0.0406628363,0.437159568,0.573595703,0.015235438,0.417440057,0.513881743,0.00541886315,0.399135441,0.488443315,-0.0102221724,0.377822042,0.47777009,-0.0219480898,0.458772719,0.558948517,0.0122919539,0.437472492,0.494829059,0.00105142104,0.415968567,0.470889,-0.0157103427,0.394136548,0.468732864,-0.0267612413,0.481118262,0.553699553,0.00463848608,0.461274624,0.488237262,-0.00472373,0.440352,0.463645756,-0.0167457629,0.419229835,0.458714157,-0.0241562575,0.507320881,0.555835366,-0.00566202449,0.490894735,0.49988234,-0.0147621036,0.470495582,0.473377585,-0.0226966031,0.449332774,0.460006028,-0.0275660399,c
0.527154565,0.722249925,1.32088331e-07,0.465453804,0.720080793,-0.0168449581,0.415501952,0.69403851,-0.026583489,0.376546711,0.673429489,-0.0373418666,0.345043421,0.645272315,-0.0468373522,0.43287605,0.575138152,0.0122492323,0.413136929,0.514719725,0.00239805784,0.395499349,0.488152921,-0.0139506143,0.374191135,0.474985629,-0.026780054,0.456139922,0.559306741,0.00891299639,0.435568303,0.492962,-0.00391978538,0.414934933,0.468976289,-0.0234349687,0.393375218,0.467468321,-0.0364731327,0.479540288,0.554288685,0.00119063794,0.460691899,0.487565488,-0.00864377245,0.439188302,0.461555302,-0.0233510323,0.41758132,0.456218809,-0.0331167,0.50744009,0.557701349,-0.00913837366,0.490522206,0.501897275,-0.018884778,0.469415367,0.474234,-0.0286996551,0.447882801,0.459527671,-0.0354100354,c
0.529462397,0.726923168,7.44948423e-08,0.470859885,0.720986068,-0.0126383379,0.420169055,0.690557778,-0.0199370962,0.378849536,0.670568287,-0.0292235762,0.345481217,0.646472394,-0.0371772349,0.443231255,0.57095319,0.0172411744,0.422950208,0.512031853,0.00792118628,0.403729856,0.487512916,-0.00743701542,0.381465524,0.477698714,-0.0190163795,0.463450938,0.558090568,0.0125184963,0.442060232,0.493125975,0.00198011054,0.419119775,0.469487846,-0.0143286949,0.396324068,0.467871904,-0.0253012665,0.48463428,0.554419696,0.00335287233,0.465260357,0.487949044,-0.00502308924,0.442618847,0.463445544,-0.0165377036,0.420329958,0.459299952,-0.0239861235,0.508949876,0.558555365,-0.00829664804,0.493022263,0.501804948,-0.0164066255,0.471891016,0.474679857,-0.023817379,0.450287551,0.461364985,-0.0286121927,c
0.540191412,0.734391689,-1.44569636e-08,0.480416268,0.723995388,-0.000629614398,0.430680364,0.690107822,-0.00257664919,0.388912916,0.670672238,-0.0104095927,0.353535354,0.649704635,-0.0164382532,0.460321128,0.569866061,0.0362522602,0.441014051,0.512418,0.0290841833,0.415995896,0.494363964,0.0162176266,0.391706079,0.493762434,0.00751071936,0.474255532,0.558676302,0.0254028514,0.452578664,0.492011398,0.0193652865,0.421936512,0.475180507,0.00874513946,0.396731973,0.48266387,0.00205156975,0.488181263,0.553734601,0.00952279754,0.470512331,0.484723389,0.00512037659,0.438625544,0.467201084,-0.000456469163,0.411495268,0.473336875,-0.0033945546,0.502539,0.554703832,-0.00871657301,0.488745034,0.49602586,-0.012708134,0.462274194,0.473701298,-0.0163222961,0.437474757,0.471234053,-0.018161159,c
0.5452528,0.742934585,-1.04516985e-07,0.48677671,0.730266035,0.0108126597,0.442331553,0.691140115,0.0126202805,0.405304879,0.672544897,0.00628112862,0.371739179,0.653370857,0.00100471731,0.483422726,0.575660169,0.0434338413,0.462544203,0.519154489,0.0368629061,0.433975458,0.502343297,0.0248347856,0.407948792,0.505156875,0.0173279904,0.49645409,0.564317286,0.0260105152,0.471095294,0.496526897,0.0210785754,0.435873955,0.480759323,0.0119244475,0.408638746,0.490958512,0.00633497583,0.505322099,0.562070668,0.00441499474,0.482281417,0.490319103,0.00113856373,0.446092725,0.474051028,-0.00257407478,0.418260366,0.481050462,-0.00437418232,0.507898,0.567320049,-0.0185585488,0.488384396,0.506740928,-0.0205971152,0.459468305,0.48435232,-0.0218268204,0.43443644,0.480625331,-0.0223394837,c
0.57029134,0.741170466,-2.45974576e-07,0.514178336,0.723108888,0.0228757244,0.477567792,0.676969171,0.0292086359,0.445677,0.655697823,0.0261970554,0.418825269,0.636142612,0.023473097,0.533316314,0.571132243,0.0454954021,0.516989946,0.50572896,0.0423608,0.486787915,0.487950057,0.034636002,0.459148347,0.492273718,0.0302702971,0.545458674,0.561897755,0.0242244191,0.520051539,0.488771468,0.024778584,0.482412398,0.473323971,0.0206340849,0.454447538,0.481693208,0.0169963688,0.548388124,0.562572598,0.000340638275,0.521718323,0.486067116,0.000914725824,0.481836259,0.469762146,0.000152737892,0.452579737,0.475972861,-0.00143323594,0.539118826,0.568330824,-0.0235015284,0.517989218,0.503844559,-0.0225920714,0.489280105,0.482380599,-0.0218277462,0.464694351,0.479503065,-0.0222946517,c
0.601467669,0.744732499,-2.97826773e-07,0.543639064,0.719934,0.0232953466,0.512687445,0.669871449,0.0285241231,0.484055191,0.646386,0.0248515457,0.458966136,0.626131058,0.021333,0.580009758,0.568876505,0.0398240648,0.562682748,0.497024596,0.0337819457,0.528684616,0.479478478,0.0245796721,0.497677624,0.484953523,0.0197172221,0.592404485,0.562694848,0.0185707528,0.564319074,0.483337671,0.0175882671,0.522616804,0.467215598,0.0128084766,0.493094325,0.475553036,0.00835305545,0.591936707,0.566428781,-0.00485003646,0.564170182,0.48311016,-0.00504074525,0.522370875,0.464613855,-0.00647817692,0.492223501,0.468799055,-0.0090750074,0.576457441,0.574697137,-0.0278707631,0.557356238,0.505349338,-0.0277671982,0.529418,0.480668873,-0.0274654627,0.505256236,0.474251866,-0.0286077522,c
0.630857468,0.853954911,-2.12737064e-07,0.571271479,0.819640517,0.065887183,0.533795834,0.769199967,0.0912554935,0.502847,0.74263829,0.0959985182,0.469266176,0.719712317,0.0978432521,0.595069349,0.672137797,0.108090959,0.579735696,0.610157371,0.119897448,0.549816251,0.586163402,0.119648047,0.523484468,0.586303353,0.118558198,0.60810709,0.663976133,0.0622259155,0.58891809,0.584706366,0.0708441883,0.547066152,0.564041853,0.0675698817,0.515645742,0.571788192,0.0664727539,0.612496793,0.664182246,0.0148845995,0.593074203,0.582239509,0.0191564932,0.549523115,0.561362326,0.0219588038,0.516257226,0.564461708,0.0246961731,0.60594213,0.669846952,-0.0295547042,0.585703433,0.600138783,-0.0284278803,0.550964773,0.577489316,-0.0246684942,0.522513628,0.570423067,-0.0214803033,c
0.61270076,0.747861147,-2.7941141e-07,0.5553509,0.719912648,0.0306568835,0.52359885,0.668178141,0.039427571,0.493913472,0.643862605,0.0366784669,0.466808677,0.620314181,0.0336076,0.587603629,0.568771362,0.0553248711,0.572777927,0.499186158,0.0532312915,0.541603863,0.478193253,0.0463169366,0.513461709,0.48129946,0.0426234715,0.601022661,0.560341597,0.0291000586,0.577489495,0.479729891,0.0307874717,0.537348866,0.46110183,0.0275935736,0.50862211,0.468946755,0.0247282535,0.603245,0.561681688,0.000287892501,0.578939855,0.479017317,0.00177149416,0.536765039,0.459044844,0.00173928298,0.506441176,0.462748557,0.000450012391,0.591814399,0.567194641,-0.0280156154,0.573226154,0.497625887,-0.0266496874,0.543716073,0.472363055,-0.0254720356,0.518523,0.465971798,-0.0258678,c
0.586961,0.7418046,-1.57024488e-07,0.532745898,0.725118756,-0.000332995463,0.4936665,0.680069,-0.00505987694,0.460640132,0.654876,-0.0135045126,0.433320761,0.632958889,-0.0201698281,0.552622855,0.570262074,0.0129879303,0.540404618,0.49576962,-0.00236470229,0.507128179,0.477222204,-0.0173392054,0.477323532,0.484290183,-0.024930194,0.565595,0.563775659,0.0030476402,0.544786692,0.483644664,-0.0087892944,0.505357087,0.467444,-0.0179521199,0.47572431,0.476607978,-0.0226213317,0.569931567,0.56664747,-0.0102532869,0.546224177,0.487326533,-0.0183208436,0.507787943,0.469461739,-0.0220873673,0.478806376,0.473547697,-0.0233115852,0.563853145,0.578226566,-0.0248949639,0.545072794,0.515626848,-0.029111864,0.519605756,0.490036666,-0.0303397849,0.49793759,0.481275052,-0.030516969,c
0.534747303,0.748319924,-4.52909568e-08,0.480263501,0.742099047,-0.00335481972,0.430375576,0.705238223,-0.00639235042,0.389150709,0.68556869,-0.0143257044,0.355385095,0.66352576,-0.0200767424,0.463833898,0.584175348,0.0283702277,0.449368268,0.521982968,0.0166652519,0.422273248,0.504962742,0.0023459876,0.396604538,0.510488153,-0.00586732477,0.475629956,0.574878454,0.019184079,0.458325326,0.506144941,0.0103643881,0.426558167,0.491913617,0.00124268432,0.400299639,0.4993577,-0.00353434263,0.486339897,0.570745707,0.00487739,0.469748616,0.501488388,-0.00156951183,0.437651634,0.486302882,-0.00463104807,0.410782754,0.49104774,-0.00493933214,0.496287286,0.571856737,-0.0119254291,0.480524,0.510772705,-0.0160901584,0.454182625,0.489693,-0.0173144713,0.430282563,0.487431496,-0.0169184562,c
0.494501412,0.759419739,5.37467457e-08,0.435085297,0.765800893,0.000256198604,0.377768636,0.739391625,0.00160499092,0.332445711,0.724135876,-0.00331710372,0.294144243,0.704828858,-0.00630887179,0.402051091,0.609428287,0.0481776744,0.377091914,0.554388881,0.0475236923,0.350944579,0.539566875,0.0374191329,0.325453609,0.544071376,0.0300658327,0.415406,0.59485817,0.038029775,0.386537075,0.534758449,0.03881111,0.353823841,0.519578815,0.0287200399,0.328286171,0.528503239,0.0215702876,0.427919745,0.585910141,0.0224874783,0.401007354,0.52338165,0.0226292908,0.368062,0.507721603,0.0168079119,0.341213524,0.51586014,0.0133244107,0.441872716,0.581510544,0.0044818311,0.418503076,0.522631288,0.00285531883,0.389195323,0.503972,4.75764e-05,0.363536865,0.506452262,-0.00125568989,c
0.477342427,0.777688801,5.20381178e-08,0.409610748,0.783842683,0.00285777682,0.350425571,0.764604151,0.00473469961,0.302351713,0.753528178,-0.000811773061,0.260995746,0.734810233,-0.00515496451,0.367613882,0.628981173,0.0535260513,0.33927229,0.574391067,0.053579323,0.311254799,0.559718668,0.0430100895,0.284252077,0.563265681,0.0345002,0.382661223,0.612280726,0.0406657681,0.350837618,0.5493173,0.04060743,0.31544584,0.537062883,0.0289727952,0.28851667,0.548302174,0.0203526691,0.397868,0.602968097,0.0221432783,0.369165242,0.535819769,0.0211030338,0.333339304,0.522154689,0.0130373109,0.304447502,0.532135904,0.0074670543,0.415526479,0.599932849,0.00128498522,0.392914504,0.539299607,-0.00180000777,0.362743139,0.520987809,-0.00680551259,0.336179823,0.523511469,-0.0102786431,c
0.488784343,0.763656378,6.34945749e-08,0.424089223,0.771738946,0.0037346906,0.364018828,0.747522593,0.00838496443,0.3179636,0.734030128,0.00620057,0.278596073,0.715160191,0.00538327405,0.384194791,0.617265224,0.0558277071,0.357814521,0.562278867,0.0581237823,0.332120091,0.546448529,0.0487751849,0.306515962,0.549402058,0.0411670133,0.398662031,0.601760745,0.0444319956,0.369311273,0.541475952,0.0468469299,0.336630762,0.525106251,0.0353989899,0.311031282,0.533298969,0.0268071685,0.413312018,0.593544483,0.0276598781,0.385862231,0.529804885,0.0283610448,0.353232563,0.513832748,0.0201346092,0.325663388,0.521190584,0.0144723495,0.430363595,0.590378404,0.00883402489,0.406935364,0.531498075,0.00671149045,0.378010899,0.512789309,0.00196550018,0.351770639,0.512689769,-0.00120103499,c
0.517251492,0.752457261,3.87300823e-08,0.457021385,0.755375862,-0.00581070408,0.3987391,0.727566242,-0.00818035193,0.353084177,0.709948957,-0.0147756366,0.316102922,0.688048184,-0.0193707477,0.419011027,0.599402905,0.0328534134,0.395021945,0.540560186,0.0259010401,0.370827913,0.523087859,0.0122827813,0.346359432,0.525475085,0.00287100766,0.434058964,0.586048543,0.0255340766,0.40689975,0.523071885,0.0190901347,0.376959801,0.505473614,0.00573463,0.351922125,0.51265806,-0.00317496969,0.450013369,0.579450071,0.013053732,0.424316704,0.514596045,0.0074526635,0.394631177,0.495639622,-0.00168436591,0.36888653,0.500378,-0.00717663718,0.468677551,0.578095376,-0.00182457617,0.447650492,0.520538449,-0.00805378426,0.420652807,0.497582465,-0.0142944409,0.395267248,0.492987275,-0.0179698151,c
0.555486441,0.737154543,1.6045508e-08,0.497357,0.734877,-0.00710479915,0.442038387,0.703479707,-0.0104437098,0.39879638,0.681759536,-0.0170444753,0.36567229,0.654742181,-0.0218534786,0.466501057,0.584087491,0.024983706,0.445785344,0.526376188,0.0173562076,0.424278378,0.505328178,0.00439439388,0.401213109,0.501294315,-0.00454291143,0.483600736,0.5706352,0.0187939424,0.461240441,0.508138359,0.0126268193,0.435473233,0.486837089,0.00136211189,0.411604106,0.486780822,-0.00593746128,0.501499891,0.564689,0.00803290121,0.479760826,0.500302196,0.00323898159,0.454697609,0.47898373,-0.00287964987,0.431070328,0.477284104,-0.00649390835,0.521446586,0.565859258,-0.00510089612,0.504129052,0.509447634,-0.0106704049,0.481440127,0.486367077,-0.0146057485,0.458964,0.478606701,-0.0164635163,c
0.60796,0.73742795,-3.25329452e-08,0.54805845,0.727105141,-0.00880245678,0.495450377,0.691692,-0.0133916168,0.454310864,0.663619637,-0.0210005343,0.424018264,0.630246878,-0.0266640838,0.524410367,0.574293435,0.0226738788,0.506231,0.512648463,0.0124230227,0.485575199,0.48929286,-0.00281890761,0.46249193,0.482499361,-0.0131353224,0.542086,0.562390625,0.0169500355,0.521154642,0.495834291,0.00707995519,0.496108711,0.473367214,-0.00724387,0.472125709,0.471932024,-0.0162529815,0.560382724,0.558502555,0.00660328474,0.540422618,0.490787596,-0.00124163448,0.515192747,0.467417061,-0.0102208359,0.491138607,0.464325249,-0.015240564,0.581459522,0.561985,-0.00603466853,0.565342247,0.503450274,-0.0130443741,0.542052805,0.477051228,-0.0183567572,0.518722594,0.466802418,-0.0210298,c
0.638897061,0.739003778,-1.99407832e-08,0.578106463,0.725794435,-0.00946255866,0.526511908,0.688360512,-0.0139946556,0.486693084,0.657908142,-0.0211674068,0.45789212,0.622987,-0.0264324117,0.55753845,0.573150814,0.0217580963,0.540529966,0.511165202,0.0123535078,0.521493435,0.486677587,-0.00243542017,0.499331504,0.477255374,-0.012845017,0.576735795,0.560986042,0.0164923053,0.557737,0.494077921,0.00770479767,0.534693539,0.469473839,-0.00625888258,0.51165,0.465600818,-0.0155353332,0.59666115,0.557856739,0.00662320666,0.578609645,0.490041852,-0.000429925334,0.555775881,0.464860499,-0.0097092418,0.532916129,0.459114432,-0.0155513315,0.619492769,0.562505603,-0.00557001913,0.60538882,0.50439477,-0.0123194084,0.584167719,0.477972925,-0.0179259442,0.56220156,0.466296196,-0.0212296,c
0.617851555,0.867886,-2.1026527e-07,0.562667847,0.836697817,0.0499023236,0.524937034,0.781249642,0.0682308376,0.492820442,0.755086,0.0688299835,0.460365832,0.732354403,0.0674517527,0.590362251,0.681678772,0.0906358,0.575137734,0.616085112,0.098299481,0.544816077,0.592485964,0.0963068604,0.516755342,0.590820193,0.0941780582,0.604854405,0.673338115,0.051857926,0.582197428,0.591874,0.0569959469,0.540343,0.570039093,0.0529356301,0.508059144,0.57904011,0.0510873795,0.60964632,0.674936891,0.0105780922,0.585458577,0.58986342,0.0113770971,0.541256,0.569154263,0.0116281612,0.506184578,0.573771536,0.0127990143,0.601466477,0.683610857,-0.0290513746,0.578667819,0.611913562,-0.0306824371,0.54495281,0.587926328,-0.0297972504,0.51537025,0.582350492,-0.0288308952,c
0.670297861,0.741898894,3.37578605e-08,0.604270041,0.722101331,-0.00739876786,0.554925621,0.684693456,-0.0101254238,0.515642405,0.653111696,-0.0167482886,0.488919318,0.613854468,-0.0221925918,0.590416729,0.574281454,0.0336678289,0.574019,0.511718273,0.0282994024,0.556634068,0.483277977,0.0135274967,0.53545326,0.468034804,0.00150792452,0.611862779,0.561670423,0.0264424924,0.593526363,0.491681725,0.0183611158,0.570447683,0.464731306,9.97896277e-05,0.546685815,0.461527377,-0.0127394944,0.632753551,0.558300197,0.0143163847,0.616709232,0.487197667,0.00743243285,0.593003809,0.459319651,-0.00625789817,0.569349587,0.454704463,-0.0155694382,0.656782031,0.563568234,-7.16317663e-05,0.643651903,0.503635764,-0.00695045618,0.622852862,0.472881138,-0.0152462395,0.601315796,0.456950665,-0.0212273691,c
0.652575791,0.745324075,-1.68625047e-09,0.589973032,0.730073,-0.0124754095,0.53750515,0.692894,-0.0185042862,0.497971565,0.661090732,-0.0265856665,0.470959246,0.623586059,-0.0324981138,0.57008481,0.576850116,0.0195237398,0.554356337,0.512901664,0.00879622158,0.536172867,0.486881703,-0.00725307502,0.514263,0.476089299,-0.0185583644,0.590669632,0.564319611,0.0155178523,0.572797835,0.496096343,0.00440935651,0.550768793,0.471018106,-0.0114906728,0.527824223,0.46753481,-0.02161327,0.611960411,0.561074555,0.00671942,0.594246209,0.492340982,-0.00206050416,0.572281539,0.466270447,-0.0125892134,0.549798489,0.460632443,-0.0187596828,0.636908948,0.565494299,-0.00457607,0.622844517,0.507200241,-0.0122017497,0.602186561,0.479696721,-0.0183270853,0.580637753,0.467232555,-0.0216855351,c
0.606661439,0.755034924,-1.45902517e-08,0.543269932,0.746058702,-0.0104085514,0.489779174,0.714668274,-0.0156454742,0.44918865,0.687633276,-0.0234702434,0.420829356,0.653637528,-0.0293416418,0.518237591,0.594445288,0.0215560291,0.499902457,0.532505333,0.0113422638,0.480193019,0.508548737,-0.00443809386,0.458106607,0.500638187,-0.0154753458,0.537239313,0.580750465,0.0165489297,0.516176462,0.5132218,0.00620884355,0.492222697,0.49074018,-0.0090462761,0.469128758,0.490613222,-0.018788036,0.557222724,0.575565,0.00683266576,0.536866724,0.507213533,-0.0012634506,0.512460411,0.48366949,-0.0112107256,0.48933512,0.481632531,-0.0170699731,0.580883741,0.577611804,-0.00527920201,0.564310193,0.519728303,-0.0124478647,0.541565299,0.494329512,-0.0181404576,0.519246578,0.48533237,-0.0212052595,c
0.574365199,0.763990819,-4.21397761e-09,0.511415482,0.759440541,-0.0119778337,0.458056629,0.732035041,-0.017452253,0.41623494,0.708317935,-0.0252266843,0.38545388,0.677856266,-0.0311908424,0.48321718,0.61397016,0.0207909252,0.462599903,0.55452013,0.0106505686,0.441931635,0.531323075,-0.00511422707,0.419682115,0.524506688,-0.0161413737,0.502298653,0.59762758,0.0167889576,0.479066253,0.53251487,0.00661422452,0.454754531,0.510993063,-0.00895332918,0.432085812,0.511026323,-0.0189931188,0.522464633,0.59011817,0.0079939412,0.49949488,0.524185658,-0.000284422596,0.474829257,0.502449512,-0.0107432958,0.452387035,0.501242399,-0.0168065391,0.546060681,0.589623213,-0.0032864674,0.526764631,0.533099651,-0.0106680775,0.50291419,0.509384632,-0.016742846,0.480196089,0.50134784,-0.0200459175,c
0.56174612,0.768775344,2.07310276e-08,0.49719739,0.765815258,-0.00820974,0.443374544,0.740432501,-0.0104676094,0.400883168,0.717582226,-0.0160850454,0.368387461,0.689033031,-0.0202938411,0.466265202,0.622768879,0.0320272744,0.444045812,0.565750897,0.0276271123,0.423740774,0.543333054,0.0145153832,0.401114166,0.535131454,0.00400315691,0.485522,0.605574191,0.0261147711,0.460535169,0.542607546,0.0207366217,0.43543,0.520086586,0.00497076754,0.411745816,0.519486785,-0.00671850098,0.505319,0.597648203,0.015164216,0.482217222,0.53241092,0.00937784556,0.45661971,0.510119438,-0.00388975325,0.432456404,0.508717239,-0.0132324239,0.528652072,0.59640038,0.00198139646,0.508884549,0.541453779,-0.00476678694,0.485256255,0.517484188,-0.0133325,0.462072104,0.507509053,-0.0196264554,c
0.572780788,0.766668141,1.74578627e-08,0.51016593,0.762128651,-0.0105641959,0.456784874,0.733926415,-0.0155437784,0.414741457,0.710533559,-0.0231479537,0.383834392,0.679222524,-0.0288659018,0.481110632,0.613645911,0.0226688143,0.460656285,0.554356873,0.0134871462,0.439786643,0.531294346,-0.00166475028,0.417209864,0.52451849,-0.0124048889,0.499767154,0.59849304,0.017931914,0.476640344,0.533474088,0.00889802072,0.451390922,0.512234747,-0.00591148855,0.428155124,0.513028264,-0.0155961476,0.519142747,0.592041075,0.00843859,0.496696919,0.525577962,0.00121613243,0.470505983,0.504174411,-0.00874525867,0.446794599,0.504166722,-0.0147550767,0.541604638,0.592752516,-0.00352401845,0.523542166,0.535663545,-0.0103712212,0.499442279,0.511906,-0.0164308604,0.476545483,0.50451225,-0.0198784042,c
0.609031558,0.762134194,-7.51938956e-09,0.546459436,0.754386,-0.0109183779,0.492189169,0.722083509,-0.0159463044,0.450135678,0.694468141,-0.0232514646,0.421855688,0.659659326,-0.02864163,0.519447386,0.60231632,0.0203688312,0.498992145,0.540779114,0.00983223692,0.479034841,0.51574,-0.00624718936,0.456723303,0.507037401,-0.0176077969,0.538612545,0.588019371,0.0159443673,0.5166834,0.520370781,0.00451462576,0.49255991,0.497702479,-0.0116414363,0.468998194,0.49842608,-0.0217926092,0.558765411,0.583114445,0.006975,0.537689269,0.514735937,-0.00175033661,0.513249099,0.490823865,-0.0125988713,0.489899844,0.489068806,-0.0189883858,0.582422495,0.586107314,-0.00431913463,0.565872371,0.529125392,-0.0120627685,0.543379664,0.50285095,-0.0187046286,0.521106839,0.492046207,-0.0224464666,c
0.6410501,0.761742353,-3.89830497e-08,0.57627672,0.748938918,-0.0103653902,0.522575617,0.714859784,-0.0151871936,0.4825297,0.684246898,-0.0224983972,0.454930872,0.649180353,-0.0281274691,0.551838517,0.599514961,0.0212849472,0.534174323,0.537387908,0.0109623615,0.515814126,0.51297164,-0.00518524414,0.493993402,0.503575265,-0.0166784097,0.572204053,0.584494114,0.0165419467,0.551252306,0.516615629,0.00586605305,0.527769148,0.493418157,-0.0105435392,0.503887475,0.491583407,-0.0213768128,0.59376651,0.579631865,0.0072476347,0.573663533,0.510480702,-0.00178708439,0.550380349,0.486363292,-0.0132127581,0.526999593,0.483104348,-0.020121973,0.619420886,0.583532631,-0.0042340667,0.604269385,0.52506268,-0.0123243388,0.582185328,0.497602165,-0.0191347525,0.559049129,0.484865725,-0.0231727809,c
0.662564635,0.765990734,3.5708684e-08,0.597107828,0.757276893,-0.0150491903,0.542772353,0.727267265,-0.0234065484,0.502955198,0.697774827,-0.0330619,0.477726877,0.66000855,-0.0409563072,0.565237284,0.608928,0.0130272098,0.545828462,0.544327736,0.000157144343,0.528350115,0.516060293,-0.0174034555,0.507448316,0.502885401,-0.030011503,0.588397086,0.592575967,0.00968133,0.566073775,0.522311091,-0.00486357836,0.544809103,0.49783051,-0.0231958646,0.522683561,0.496068478,-0.0346170552,0.612361908,0.587389171,0.00189515727,0.590208948,0.517273903,-0.00975304749,0.567725599,0.491144836,-0.0219115093,0.545790613,0.48679781,-0.0287728515,0.640803516,0.591105521,-0.00827728212,0.62228924,0.532286406,-0.0184246581,0.59953469,0.504074,-0.0258161537,0.576777101,0.490091503,-0.0297999177,c
0.68224895,0.768549144,6.23269756e-08,0.615316272,0.756100476,-0.0166890379,0.562270343,0.727295816,-0.0256224386,0.524830937,0.69666183,-0.035558112,0.499689072,0.658588409,-0.0438254327,0.580469728,0.608210385,0.0130167212,0.561782718,0.542645574,0.000612698612,0.545568109,0.513139129,-0.0172821824,0.525424957,0.497772157,-0.0305802505,0.605372727,0.591219783,0.0100771552,0.583580792,0.519807816,-0.00476947054,0.563017428,0.494696021,-0.0243699607,0.540486753,0.492816806,-0.0368564241,0.630904436,0.586288095,0.00257131248,0.609663785,0.51451534,-0.00952559896,0.588019788,0.487264127,-0.0225423016,0.566129923,0.482011676,-0.0301668607,0.661588311,0.590499759,-0.007425786,0.643641829,0.53047663,-0.018001128,0.621886492,0.50131309,-0.0255412981,0.599717319,0.485263586,-0.0297622327,c
0.589601934,0.830270052,2.98978726e-08,0.524190366,0.838915706,0.0124282651,0.467107624,0.814805329,0.0220314674,0.423236,0.803027213,0.0225370545,0.383841723,0.790617526,0.0232679062,0.488697827,0.691212773,0.0701723322,0.46033892,0.640738606,0.07917732,0.434040308,0.625942707,0.0733404607,0.408450425,0.627163529,0.0673103929,0.501271069,0.673148096,0.054907795,0.469021,0.61703831,0.0639633,0.435556233,0.602722824,0.0547513068,0.410932124,0.612144113,0.0469413884,0.514277637,0.66211468,0.0346571952,0.483268529,0.602156758,0.0412270427,0.449152231,0.588537931,0.0352390856,0.421709836,0.597078443,0.0301920492,0.528856933,0.655721903,0.0127433538,0.500805259,0.602084816,0.0158486869,0.470369101,0.585946202,0.0140686529,0.443923205,0.587394238,0.0122451745,c
0.614595175,0.879252613,-2.1943967e-07,0.553635657,0.847408116,0.0695726573,0.513902724,0.796980083,0.0995839089,0.481301486,0.771698833,0.108086102,0.446670413,0.750654101,0.113629363,0.577123821,0.693383813,0.124219887,0.557594597,0.627457201,0.143063754,0.527256787,0.606100321,0.14561601,0.499505877,0.607667625,0.14571093,0.589142084,0.683310211,0.0783885196,0.563161731,0.602518797,0.0946514383,0.520655453,0.583209574,0.092393674,0.489814132,0.594102442,0.0905667245,0.590624869,0.682391107,0.0305983536,0.563827574,0.601350546,0.0413607098,0.519762337,0.583496451,0.0437112153,0.486545384,0.58922,0.0444354303,0.580765307,0.687188864,-0.0142445303,0.556330681,0.617566764,-0.00837560464,0.521580815,0.598688364,-0.00412604026,0.49295795,0.596199393,-0.00190873165,c
0.67949152,0.769516766,1.2452179e-07,0.617247224,0.760044634,-0.0235211961,0.567071,0.73639828,-0.0363679565,0.531824708,0.70986253,-0.0487800054,0.509110093,0.669935822,-0.0592213906,0.570868433,0.60710144,0.00712427497,0.554759562,0.543384731,-0.00431999145,0.541260779,0.513303936,-0.0226223767,0.522851825,0.494257182,-0.0373431183,0.598662436,0.589050055,0.00671649585,0.579250336,0.520628452,-0.00638534082,0.564004779,0.494249225,-0.026674632,0.544737399,0.487549037,-0.0410847589,0.626362324,0.584826291,0.00135137641,0.609270513,0.514968932,-0.0103629334,0.592355788,0.487116575,-0.0242641456,0.57307,0.479340106,-0.0334483087,0.659860611,0.589791715,-0.00702451449,0.643710494,0.528764844,-0.0184582286,0.625645518,0.500796854,-0.0265689325,0.60600245,0.484941155,-0.0317170657,c
0.602222204,0.879839778,-2.22289259e-07,0.541990697,0.852074385,0.0592402443,0.500470519,0.802597344,0.0835448876,0.46682924,0.778304756,0.0885829329,0.433318079,0.759822249,0.0912139341,0.562496126,0.696914375,0.106366463,0.543417335,0.630380809,0.119581141,0.511707246,0.610019326,0.120313704,0.482995689,0.612649918,0.119900152,0.575933039,0.68746531,0.0647566319,0.548627853,0.605899811,0.0751598403,0.50632906,0.586815476,0.0729412585,0.475573,0.598585606,0.0720579922,0.578988612,0.688251197,0.0208452847,0.549932361,0.605407774,0.0264499113,0.505756617,0.58803916,0.0281958207,0.471894264,0.594687819,0.0295731947,0.570127547,0.69573611,-0.0207497198,0.542937338,0.626666903,-0.0190446787,0.508434,0.606925845,-0.0167210773,0.479311377,0.603085518,-0.0152075393,c
0.584611058,0.879735112,-5.96011844e-08,0.522826672,0.863791347,0.0174863283,0.476017773,0.814612865,0.0239751935,0.436194956,0.794114351,0.0197215509,0.399155349,0.776664615,0.0159928352,0.520683885,0.69845432,0.0628341734,0.505103767,0.638089836,0.0625298396,0.477684438,0.619944155,0.0525057428,0.450482249,0.619534433,0.0449209213,0.534337401,0.689860165,0.0410634391,0.514179826,0.616275787,0.0403589606,0.477827728,0.599830031,0.0299783181,0.449104965,0.612011254,0.0231866781,0.545116842,0.688678086,0.0147339404,0.527008891,0.612233222,0.0142244138,0.488318622,0.59644568,0.0089814933,0.457539707,0.605939031,0.00585180707,0.55143106,0.693102479,-0.012898433,0.533620417,0.630115271,-0.0129035916,0.502074897,0.608428717,-0.0145497601,0.474463731,0.606511,-0.0159630794,c
0.579259157,0.881352246,-6.45835314e-08,0.516452432,0.866437674,0.00687989173,0.46624279,0.823170125,0.00772793265,0.423506379,0.803586245,0.00032108085,0.385462403,0.789014816,-0.00574404188,0.504008591,0.702481508,0.0469242521,0.485052854,0.642690659,0.0411470681,0.458705276,0.624466121,0.0283591617,0.433346659,0.625322342,0.019694984,0.518306136,0.691032946,0.0308633167,0.495416313,0.619560838,0.0253553279,0.461944878,0.603794217,0.0136296982,0.435387582,0.619570851,0.00667660078,0.531614542,0.686794579,0.0099983979,0.512702644,0.612129033,0.00672212755,0.476308018,0.596268475,0.000910236,0.446965456,0.608992457,-0.00195006724,0.543586493,0.688491881,-0.01285988,0.526571095,0.627451,-0.0151250912,0.496062756,0.605893,-0.0178665612,0.468678594,0.60716182,-0.0191764385,c
0.584734559,0.879435182,-5.1078846e-08,0.518488,0.866713,0.00646705693,0.465739459,0.826312,0.00672947289,0.421614259,0.808958888,-0.00134653843,0.382063597,0.794932485,-0.00841975212,0.499249309,0.701425612,0.0474407338,0.479095399,0.640192509,0.0413443744,0.452550739,0.623361886,0.0274013057,0.426172256,0.624249101,0.0173209235,0.515123785,0.689079881,0.030914532,0.491489589,0.614923596,0.0234324131,0.457518816,0.601689696,0.00901455712,0.430699587,0.618904531,0.000115851835,0.530503869,0.685465097,0.00961728301,0.509898901,0.60889411,0.00444887904,0.471926808,0.596651554,-0.00424897298,0.441405118,0.611452699,-0.00925156195,0.545538068,0.690270543,-0.0135277938,0.526733696,0.627946854,-0.0173920374,0.495596,0.608952343,-0.021997394,0.468090385,0.611722887,-0.0249764454,c
0.581458688,0.881383181,-3.04097e-08,0.519389451,0.872668505,-0.0076412987,0.464555174,0.835083425,-0.015191121,0.418757319,0.818882942,-0.027013259,0.378310025,0.808144569,-0.0380177721,0.489805967,0.70692271,0.0207821317,0.467095,0.643509746,0.00650811056,0.441811919,0.624240279,-0.0123500926,0.415383339,0.62502861,-0.0250428971,0.509596765,0.69467032,0.0112249563,0.485520184,0.620870173,-0.00393390516,0.45479393,0.605688512,-0.0227619354,0.427199304,0.618789554,-0.0343029425,0.5310449,0.692560196,-0.00288585271,0.511554539,0.615754426,-0.0146551505,0.479174584,0.59797442,-0.0283122193,0.450609148,0.606803775,-0.036093615,0.554432034,0.701554,-0.0191209968,0.536248147,0.637903571,-0.0283395592,0.50757885,0.613475,-0.0367212035,0.480113596,0.609928727,-0.041878581,c
0.577500939,0.877467871,6.71687133e-08,0.514851213,0.874924064,-0.0132752005,0.461063296,0.842615187,-0.0231807027,0.41768676,0.828898787,-0.0354203172,0.378717244,0.817103684,-0.0468661264,0.48016566,0.712056875,0.0135753276,0.458401322,0.644438267,-0.00146879617,0.436291128,0.623478353,-0.0220094975,0.412833512,0.625732362,-0.0358006395,0.503503442,0.698537886,0.00742423953,0.480703682,0.623452485,-0.00894950796,0.454560369,0.60457027,-0.0314838365,0.429225832,0.616531193,-0.0455379,0.527584851,0.696444452,-0.00311731827,0.50764364,0.622127175,-0.0145644415,0.480226785,0.599901676,-0.0316152684,0.454575151,0.605766654,-0.0422186814,0.555240691,0.704686761,-0.0159140844,0.53641367,0.644861758,-0.0255522709,0.511330307,0.61806,-0.0360212922,0.486624539,0.609526455,-0.042935,c
0.576771379,0.869516194,1.63149465e-07,0.515882492,0.871495545,-0.0177952312,0.464651227,0.842264593,-0.0306591261,0.423004776,0.827920258,-0.0446661822,0.384792954,0.814518809,-0.0576107726,0.479137212,0.712760389,0.00760935154,0.460553944,0.644176543,-0.00864075124,0.439437717,0.619305,-0.0303792469,0.417681307,0.620411158,-0.0449007303,0.503522754,0.697688699,0.00379254646,0.482748449,0.621418893,-0.0143064782,0.457832038,0.599630356,-0.0384667329,0.433888286,0.612143457,-0.0533038899,0.528853238,0.694090307,-0.00431454694,0.510199964,0.619278848,-0.0164654218,0.485410631,0.595921457,-0.0340602957,0.463119507,0.603956401,-0.0448297784,0.559641,0.700064242,-0.0149650946,0.542357683,0.640074074,-0.0248079989,0.519340813,0.612279892,-0.0354603827,0.497014493,0.603935,-0.0423166789,c
0.576017678,0.861967802,2.04933855e-07,0.517489195,0.866471529,-0.0227583349,0.468505949,0.839913,-0.0388214476,0.429501772,0.823685467,-0.0546981469,0.392919064,0.810205698,-0.0691631213,0.478765458,0.709615052,-0.000786671415,0.462753773,0.641005158,-0.0191836488,0.442634314,0.615694284,-0.040878173,0.421374589,0.616362393,-0.054970067,0.504290581,0.694946408,-0.00254781311,0.487216651,0.618303895,-0.0225221347,0.465232462,0.596970439,-0.0453092754,0.442664832,0.607341409,-0.0583555922,0.531141877,0.691615462,-0.00878316443,0.515111327,0.61662519,-0.0225265529,0.493627906,0.591941953,-0.0385922939,0.472943485,0.596716285,-0.0477469712,0.563064635,0.697999716,-0.0178832021,0.548247874,0.639492452,-0.029018797,0.528177261,0.610458553,-0.0389833562,0.508553267,0.599476039,-0.0447876938,c
0.577855945,0.854578853,1.55612341e-07,0.521037817,0.86095649,-0.0172744617,0.469640791,0.831734419,-0.0295994878,0.428364754,0.815318286,-0.0421280265,0.391560405,0.801987112,-0.0534961112,0.482160509,0.70554179,0.00141090155,0.465997249,0.637549937,-0.0151159912,0.446584195,0.611833453,-0.0345361605,0.425495,0.611035943,-0.0471145362,0.507200301,0.690786719,-0.00186080253,0.489384145,0.616791666,-0.0181673113,0.468191326,0.592158258,-0.0378680378,0.445315063,0.597207546,-0.0497990437,0.534316957,0.687313557,-0.00897457637,0.517205715,0.614377499,-0.0206437949,0.496959656,0.587936163,-0.0348725654,0.47627,0.588184834,-0.0434070341,0.565976143,0.693296075,-0.018331999,0.549869299,0.635884702,-0.0286051389,0.529911458,0.607050121,-0.03743558,0.509632,0.595403254,-0.0425308198,c
0,0,0,0,0,0,0,0,0,0,0,0,0,0,0,0,0,0,0,0,0,0,0,0,0,0,0,0,0,0,0,0,0,0,0,0,0,0,0,0,0,0,0,0,0,0,0,0,0,0,0,0,0,0,0,0,0,0,0,0,0,0,0,d
0,0,0,0,0,0,0,0,0,0,0,0,0,0,0,0,0,0,0,0,0,0,0,0,0,0,0,0,0,0,0,0,0,0,0,0,0,0,0,0,0,0,0,0,0,0,0,0,0,0,0,0,0,0,0,0,0,0,0,0,0,0,0,d
0,0,0,0,0,0,0,0,0,0,0,0,0,0,0,0,0,0,0,0,0,0,0,0,0,0,0,0,0,0,0,0,0,0,0,0,0,0,0,0,0,0,0,0,0,0,0,0,0,0,0,0,0,0,0,0,0,0,0,0,0,0,0,d
0,0,0,0,0,0,0,0,0,0,0,0,0,0,0,0,0,0,0,0,0,0,0,0,0,0,0,0,0,0,0,0,0,0,0,0,0,0,0,0,0,0,0,0,0,0,0,0,0,0,0,0,0,0,0,0,0,0,0,0,0,0,0,d
0,0,0,0,0,0,0,0,0,0,0,0,0,0,0,0,0,0,0,0,0,0,0,0,0,0,0,0,0,0,0,0,0,0,0,0,0,0,0,0,0,0,0,0,0,0,0,0,0,0,0,0,0,0,0,0,0,0,0,0,0,0,0,d
0,0,0,0,0,0,0,0,0,0,0,0,0,0,0,0,0,0,0,0,0,0,0,0,0,0,0,0,0,0,0,0,0,0,0,0,0,0,0,0,0,0,0,0,0,0,0,0,0,0,0,0,0,0,0,0,0,0,0,0,0,0,0,d
0,0,0,0,0,0,0,0,0,0,0,0,0,0,0,0,0,0,0,0,0,0,0,0,0,0,0,0,0,0,0,0,0,0,0,0,0,0,0,0,0,0,0,0,0,0,0,0,0,0,0,0,0,0,0,0,0,0,0,0,0,0,0,d
0,0,0,0,0,0,0,0,0,0,0,0,0,0,0,0,0,0,0,0,0,0,0,0,0,0,0,0,0,0,0,0,0,0,0,0,0,0,0,0,0,0,0,0,0,0,0,0,0,0,0,0,0,0,0,0,0,0,0,0,0,0,0,d
0,0,0,0,0,0,0,0,0,0,0,0,0,0,0,0,0,0,0,0,0,0,0,0,0,0,0,0,0,0,0,0,0,0,0,0,0,0,0,0,0,0,0,0,0,0,0,0,0,0,0,0,0,0,0,0,0,0,0,0,0,0,0,d
0,0,0,0,0,0,0,0,0,0,0,0,0,0,0,0,0,0,0,0,0,0,0,0,0,0,0,0,0,0,0,0,0,0,0,0,0,0,0,0,0,0,0,0,0,0,0,0,0,0,0,0,0,0,0,0,0,0,0,0,0,0,0,d
0,0,0,0,0,0,0,0,0,0,0,0,0,0,0,0,0,0,0,0,0,0,0,0,0,0,0,0,0,0,0,0,0,0,0,0,0,0,0,0,0,0,0,0,0,0,0,0,0,0,0,0,0,0,0,0,0,0,0,0,0,0,0,d
0,0,0,0,0,0,0,0,0,0,0,0,0,0,0,0,0,0,0,0,0,0,0,0,0,0,0,0,0,0,0,0,0,0,0,0,0,0,0,0,0,0,0,0,0,0,0,0,0,0,0,0,0,0,0,0,0,0,0,0,0,0,0,d
0,0,0,0,0,0,0,0,0,0,0,0,0,0,0,0,0,0,0,0,0,0,0,0,0,0,0,0,0,0,0,0,0,0,0,0,0,0,0,0,0,0,0,0,0,0,0,0,0,0,0,0,0,0,0,0,0,0,0,0,0,0,0,d
0,0,0,0,0,0,0,0,0,0,0,0,0,0,0,0,0,0,0,0,0,0,0,0,0,0,0,0,0,0,0,0,0,0,0,0,0,0,0,0,0,0,0,0,0,0,0,0,0,0,0,0,0,0,0,0,0,0,0,0,0,0,0,d
0,0,0,0,0,0,0,0,0,0,0,0,0,0,0,0,0,0,0,0,0,0,0,0,0,0,0,0,0,0,0,0,0,0,0,0,0,0,0,0,0,0,0,0,0,0,0,0,0,0,0,0,0,0,0,0,0,0,0,0,0,0,0,d
0,0,0,0,0,0,0,0,0,0,0,0,0,0,0,0,0,0,0,0,0,0,0,0,0,0,0,0,0,0,0,0,0,0,0,0,0,0,0,0,0,0,0,0,0,0,0,0,0,0,0,0,0,0,0,0,0,0,0,0,0,0,0,d
0.522469759,0.77015835,4.82316921e-07,0.575052381,0.734260559,-0.00572916865,0.614860773,0.681047142,-0.00795177836,0.640508771,0.637919605,-0.0151142692,0.638265312,0.596695125,-0.0223580077,0.558086693,0.619048297,0.0390613936,0.563345909,0.566537142,0.0361030586,0.57425642,0.528055191,0.027038008,0.581474543,0.50543344,0.0192501787,0.538407147,0.614998877,0.0304289889,0.545940399,0.551423,0.0212763324,0.573213339,0.532071173,0.00529337535,0.594730318,0.527998209,-0.00441466,0.514846504,0.616015732,0.0168688148,0.531900883,0.55182308,-0.000544704264,0.567697167,0.554067194,-0.0141028641,0.589782238,0.565234959,-0.0203588177,0.492919147,0.625431895,0.00252567697,0.515051723,0.580299675,-0.0143352905,0.539016068,0.595712602,-0.0203464366,0.550522685,0.619576097,-0.0227799881,d
0.568387091,0.799366593,2.56207869e-07,0.631160915,0.773893237,-0.00677370187,0.680793,0.734391093,-0.00493446412,0.710082769,0.699832857,-0.00623799395,0.705532432,0.671726227,-0.00632318202,0.646411896,0.657345057,0.0307919811,0.671595693,0.61867249,0.0230308902,0.683395147,0.633902073,0.0116589973,0.684292734,0.651533663,0.00470878975,0.622953475,0.643732309,0.0268761292,0.64606154,0.598150849,0.017567629,0.659758031,0.621276915,0.00313096796,0.663792849,0.645266235,-0.00546985352,0.595799685,0.637550056,0.0186444838,0.619358,0.593719542,0.00619513728,0.630393,0.627552867,-0.000468824728,0.630870163,0.657613158,-0.00230468414,0.566469789,0.638717473,0.00923161861,0.586728394,0.603520036,0.000352242903,0.595920503,0.627318621,0.000363387371,0.596875489,0.652268767,0.001972178,d
0,0,0,0,0,0,0,0,0,0,0,0,0,0,0,0,0,0,0,0,0,0,0,0,0,0,0,0,0,0,0,0,0,0,0,0,0,0,0,0,0,0,0,0,0,0,0,0,0,0,0,0,0,0,0,0,0,0,0,0,0,0,0,d
0,0,0,0,0,0,0,0,0,0,0,0,0,0,0,0,0,0,0,0,0,0,0,0,0,0,0,0,0,0,0,0,0,0,0,0,0,0,0,0,0,0,0,0,0,0,0,0,0,0,0,0,0,0,0,0,0,0,0,0,0,0,0,d
0,0,0,0,0,0,0,0,0,0,0,0,0,0,0,0,0,0,0,0,0,0,0,0,0,0,0,0,0,0,0,0,0,0,0,0,0,0,0,0,0,0,0,0,0,0,0,0,0,0,0,0,0,0,0,0,0,0,0,0,0,0,0,d
0,0,0,0,0,0,0,0,0,0,0,0,0,0,0,0,0,0,0,0,0,0,0,0,0,0,0,0,0,0,0,0,0,0,0,0,0,0,0,0,0,0,0,0,0,0,0,0,0,0,0,0,0,0,0,0,0,0,0,0,0,0,0,d
0.410016298,0.729996681,9.015465e-08,0.440688521,0.704824924,-0.00618040562,0.456626147,0.672737181,-0.00914193224,0.464312613,0.646853507,-0.0140419332,0.463388741,0.628702462,-0.0194050614,0.44218868,0.62899524,0.00364291458,0.44563067,0.597305536,-0.00861673,0.451376557,0.600714326,-0.0206815377,0.454625398,0.612192154,-0.0279904045,0.42498067,0.626855373,-0.000235157044,0.426973552,0.589925,-0.0151267294,0.433090538,0.600493193,-0.0303982887,0.436520755,0.619527578,-0.0392532051,0.406108737,0.630635619,-0.00597787043,0.40587616,0.59371841,-0.0208458,0.412754565,0.605804205,-0.0308065899,0.416099638,0.627725601,-0.0350765288,0.386583537,0.639808416,-0.0120358514,0.383925289,0.609807193,-0.023489939,0.388638288,0.615039051,-0.0282263942,0.392430931,0.628394067,-0.0300124921,d
0,0,0,0,0,0,0,0,0,0,0,0,0,0,0,0,0,0,0,0,0,0,0,0,0,0,0,0,0,0,0,0,0,0,0,0,0,0,0,0,0,0,0,0,0,0,0,0,0,0,0,0,0,0,0,0,0,0,0,0,0,0,0,d
0,0,0,0,0,0,0,0,0,0,0,0,0,0,0,0,0,0,0,0,0,0,0,0,0,0,0,0,0,0,0,0,0,0,0,0,0,0,0,0,0,0,0,0,0,0,0,0,0,0,0,0,0,0,0,0,0,0,0,0,0,0,0,d
0,0,0,0,0,0,0,0,0,0,0,0,0,0,0,0,0,0,0,0,0,0,0,0,0,0,0,0,0,0,0,0,0,0,0,0,0,0,0,0,0,0,0,0,0,0,0,0,0,0,0,0,0,0,0,0,0,0,0,0,0,0,0,d
0,0,0,0,0,0,0,0,0,0,0,0,0,0,0,0,0,0,0,0,0,0,0,0,0,0,0,0,0,0,0,0,0,0,0,0,0,0,0,0,0,0,0,0,0,0,0,0,0,0,0,0,0,0,0,0,0,0,0,0,0,0,0,d
0,0,0,0,0,0,0,0,0,0,0,0,0,0,0,0,0,0,0,0,0,0,0,0,0,0,0,0,0,0,0,0,0,0,0,0,0,0,0,0,0,0,0,0,0,0,0,0,0,0,0,0,0,0,0,0,0,0,0,0,0,0,0,d
0.536647856,0.783210218,-5.89818541e-08,0.615613759,0.772262275,-0.0261953771,0.675318956,0.746136606,-0.0367448926,0.704211712,0.691814244,-0.0443742834,0.686913073,0.638360739,-0.0464252345,0.673856676,0.646826208,-0.000957766,0.714350462,0.621251,-0.0273562856,0.690222859,0.648098469,-0.0472696647,0.661998391,0.669737577,-0.0565429106,0.636838675,0.610407233,0.00277239,0.670144379,0.56339103,-0.0284286607,0.646840334,0.624125421,-0.0448706597,0.629828453,0.661395073,-0.0497231893,0.596189797,0.59587723,0.00216465234,0.629946411,0.553674,-0.020472534,0.618328154,0.612726867,-0.0110889105,0.601696193,0.644779682,0.00111869245,0.553096056,0.59338522,-0.00116255402,0.581508875,0.55393064,-0.00787798781,0.581421,0.593774676,0.00763013,0.575679481,0.610301,0.0217155889,d
0,0,0,0,0,0,0,0,0,0,0,0,0,0,0,0,0,0,0,0,0,0,0,0,0,0,0,0,0,0,0,0,0,0,0,0,0,0,0,0,0,0,0,0,0,0,0,0,0,0,0,0,0,0,0,0,0,0,0,0,0,0,0,d
0,0,0,0,0,0,0,0,0,0,0,0,0,0,0,0,0,0,0,0,0,0,0,0,0,0,0,0,0,0,0,0,0,0,0,0,0,0,0,0,0,0,0,0,0,0,0,0,0,0,0,0,0,0,0,0,0,0,0,0,0,0,0,d
0,0,0,0,0,0,0,0,0,0,0,0,0,0,0,0,0,0,0,0,0,0,0,0,0,0,0,0,0,0,0,0,0,0,0,0,0,0,0,0,0,0,0,0,0,0,0,0,0,0,0,0,0,0,0,0,0,0,0,0,0,0,0,d
0,0,0,0,0,0,0,0,0,0,0,0,0,0,0,0,0,0,0,0,0,0,0,0,0,0,0,0,0,0,0,0,0,0,0,0,0,0,0,0,0,0,0,0,0,0,0,0,0,0,0,0,0,0,0,0,0,0,0,0,0,0,0,d
0.438329905,0.708335578,5.90336455e-08,0.465453535,0.680900633,-0.00355164311,0.483362883,0.644416392,-0.00379791064,0.488128304,0.612987876,-0.00576803042,0.482324034,0.592951298,-0.00742900046,0.468217641,0.598785043,0.00957069173,0.470879823,0.565857947,0.00338747329,0.475212246,0.573233962,-0.0037170744,0.477724761,0.587324679,-0.00735691516,0.449906349,0.594743192,0.0075360178,0.452995688,0.55980581,0.0011612341,0.458779514,0.572229564,-0.00656471,0.460410804,0.592888296,-0.0103097251,0.430769742,0.597314537,0.00393842161,0.432803214,0.563620389,-0.00234761299,0.440472931,0.578924656,-0.00518818293,0.443602979,0.601082504,-0.00526901195,0.411192536,0.607093394,-7.08520238e-05,0.411530852,0.577728868,-0.00395450601,0.417522669,0.585797429,-0.00270935614,0.421001017,0.601430178,-0.000222361778,d
0,0,0,0,0,0,0,0,0,0,0,0,0,0,0,0,0,0,0,0,0,0,0,0,0,0,0,0,0,0,0,0,0,0,0,0,0,0,0,0,0,0,0,0,0,0,0,0,0,0,0,0,0,0,0,0,0,0,0,0,0,0,0,d
0,0,0,0,0,0,0,0,0,0,0,0,0,0,0,0,0,0,0,0,0,0,0,0,0,0,0,0,0,0,0,0,0,0,0,0,0,0,0,0,0,0,0,0,0,0,0,0,0,0,0,0,0,0,0,0,0,0,0,0,0,0,0,d
0,0,0,0,0,0,0,0,0,0,0,0,0,0,0,0,0,0,0,0,0,0,0,0,0,0,0,0,0,0,0,0,0,0,0,0,0,0,0,0,0,0,0,0,0,0,0,0,0,0,0,0,0,0,0,0,0,0,0,0,0,0,0,d
0,0,0,0,0,0,0,0,0,0,0,0,0,0,0,0,0,0,0,0,0,0,0,0,0,0,0,0,0,0,0,0,0,0,0,0,0,0,0,0,0,0,0,0,0,0,0,0,0,0,0,0,0,0,0,0,0,0,0,0,0,0,0,d
0,0,0,0,0,0,0,0,0,0,0,0,0,0,0,0,0,0,0,0,0,0,0,0,0,0,0,0,0,0,0,0,0,0,0,0,0,0,0,0,0,0,0,0,0,0,0,0,0,0,0,0,0,0,0,0,0,0,0,0,0,0,0,d
0,0,0,0,0,0,0,0,0,0,0,0,0,0,0,0,0,0,0,0,0,0,0,0,0,0,0,0,0,0,0,0,0,0,0,0,0,0,0,0,0,0,0,0,0,0,0,0,0,0,0,0,0,0,0,0,0,0,0,0,0,0,0,d
0,0,0,0,0,0,0,0,0,0,0,0,0,0,0,0,0,0,0,0,0,0,0,0,0,0,0,0,0,0,0,0,0,0,0,0,0,0,0,0,0,0,0,0,0,0,0,0,0,0,0,0,0,0,0,0,0,0,0,0,0,0,0,d
0,0,0,0,0,0,0,0,0,0,0,0,0,0,0,0,0,0,0,0,0,0,0,0,0,0,0,0,0,0,0,0,0,0,0,0,0,0,0,0,0,0,0,0,0,0,0,0,0,0,0,0,0,0,0,0,0,0,0,0,0,0,0,d
0,0,0,0,0,0,0,0,0,0,0,0,0,0,0,0,0,0,0,0,0,0,0,0,0,0,0,0,0,0,0,0,0,0,0,0,0,0,0,0,0,0,0,0,0,0,0,0,0,0,0,0,0,0,0,0,0,0,0,0,0,0,0,d
0,0,0,0,0,0,0,0,0,0,0,0,0,0,0,0,0,0,0,0,0,0,0,0,0,0,0,0,0,0,0,0,0,0,0,0,0,0,0,0,0,0,0,0,0,0,0,0,0,0,0,0,0,0,0,0,0,0,0,0,0,0,0,d
0,0,0,0,0,0,0,0,0,0,0,0,0,0,0,0,0,0,0,0,0,0,0,0,0,0,0,0,0,0,0,0,0,0,0,0,0,0,0,0,0,0,0,0,0,0,0,0,0,0,0,0,0,0,0,0,0,0,0,0,0,0,0,d
0,0,0,0,0,0,0,0,0,0,0,0,0,0,0,0,0,0,0,0,0,0,0,0,0,0,0,0,0,0,0,0,0,0,0,0,0,0,0,0,0,0,0,0,0,0,0,0,0,0,0,0,0,0,0,0,0,0,0,0,0,0,0,d
0,0,0,0,0,0,0,0,0,0,0,0,0,0,0,0,0,0,0,0,0,0,0,0,0,0,0,0,0,0,0,0,0,0,0,0,0,0,0,0,0,0,0,0,0,0,0,0,0,0,0,0,0,0,0,0,0,0,0,0,0,0,0,d
0,0,0,0,0,0,0,0,0,0,0,0,0,0,0,0,0,0,0,0,0,0,0,0,0,0,0,0,0,0,0,0,0,0,0,0,0,0,0,0,0,0,0,0,0,0,0,0,0,0,0,0,0,0,0,0,0,0,0,0,0,0,0,d
0,0,0,0,0,0,0,0,0,0,0,0,0,0,0,0,0,0,0,0,0,0,0,0,0,0,0,0,0,0,0,0,0,0,0,0,0,0,0,0,0,0,0,0,0,0,0,0,0,0,0,0,0,0,0,0,0,0,0,0,0,0,0,d
0,0,0,0,0,0,0,0,0,0,0,0,0,0,0,0,0,0,0,0,0,0,0,0,0,0,0,0,0,0,0,0,0,0,0,0,0,0,0,0,0,0,0,0,0,0,0,0,0,0,0,0,0,0,0,0,0,0,0,0,0,0,0,d
0,0,0,0,0,0,0,0,0,0,0,0,0,0,0,0,0,0,0,0,0,0,0,0,0,0,0,0,0,0,0,0,0,0,0,0,0,0,0,0,0,0,0,0,0,0,0,0,0,0,0,0,0,0,0,0,0,0,0,0,0,0,0,d
0,0,0,0,0,0,0,0,0,0,0,0,0,0,0,0,0,0,0,0,0,0,0,0,0,0,0,0,0,0,0,0,0,0,0,0,0,0,0,0,0,0,0,0,0,0,0,0,0,0,0,0,0,0,0,0,0,0,0,0,0,0,0,d
0,0,0,0,0,0,0,0,0,0,0,0,0,0,0,0,0,0,0,0,0,0,0,0,0,0,0,0,0,0,0,0,0,0,0,0,0,0,0,0,0,0,0,0,0,0,0,0,0,0,0,0,0,0,0,0,0,0,0,0,0,0,0,d
0,0,0,0,0,0,0,0,0,0,0,0,0,0,0,0,0,0,0,0,0,0,0,0,0,0,0,0,0,0,0,0,0,0,0,0,0,0,0,0,0,0,0,0,0,0,0,0,0,0,0,0,0,0,0,0,0,0,0,0,0,0,0,d
0,0,0,0,0,0,0,0,0,0,0,0,0,0,0,0,0,0,0,0,0,0,0,0,0,0,0,0,0,0,0,0,0,0,0,0,0,0,0,0,0,0,0,0,0,0,0,0,0,0,0,0,0,0,0,0,0,0,0,0,0,0,0,d
0,0,0,0,0,0,0,0,0,0,0,0,0,0,0,0,0,0,0,0,0,0,0,0,0,0,0,0,0,0,0,0,0,0,0,0,0,0,0,0,0,0,0,0,0,0,0,0,0,0,0,0,0,0,0,0,0,0,0,0,0,0,0,d
0,0,0,0,0,0,0,0,0,0,0,0,0,0,0,0,0,0,0,0,0,0,0,0,0,0,0,0,0,0,0,0,0,0,0,0,0,0,0,0,0,0,0,0,0,0,0,0,0,0,0,0,0,0,0,0,0,0,0,0,0,0,0,d
0,0,0,0,0,0,0,0,0,0,0,0,0,0,0,0,0,0,0,0,0,0,0,0,0,0,0,0,0,0,0,0,0,0,0,0,0,0,0,0,0,0,0,0,0,0,0,0,0,0,0,0,0,0,0,0,0,0,0,0,0,0,0,d
0,0,0,0,0,0,0,0,0,0,0,0,0,0,0,0,0,0,0,0,0,0,0,0,0,0,0,0,0,0,0,0,0,0,0,0,0,0,0,0,0,0,0,0,0,0,0,0,0,0,0,0,0,0,0,0,0,0,0,0,0,0,0,d
0,0,0,0,0,0,0,0,0,0,0,0,0,0,0,0,0,0,0,0,0,0,0,0,0,0,0,0,0,0,0,0,0,0,0,0,0,0,0,0,0,0,0,0,0,0,0,0,0,0,0,0,0,0,0,0,0,0,0,0,0,0,0,d
0,0,0,0,0,0,0,0,0,0,0,0,0,0,0,0,0,0,0,0,0,0,0,0,0,0,0,0,0,0,0,0,0,0,0,0,0,0,0,0,0,0,0,0,0,0,0,0,0,0,0,0,0,0,0,0,0,0,0,0,0,0,0,d
0,0,0,0,0,0,0,0,0,0,0,0,0,0,0,0,0,0,0,0,0,0,0,0,0,0,0,0,0,0,0,0,0,0,0,0,0,0,0,0,0,0,0,0,0,0,0,0,0,0,0,0,0,0,0,0,0,0,0,0,0,0,0,d
0,0,0,0,0,0,0,0,0,0,0,0,0,0,0,0,0,0,0,0,0,0,0,0,0,0,0,0,0,0,0,0,0,0,0,0,0,0,0,0,0,0,0,0,0,0,0,0,0,0,0,0,0,0,0,0,0,0,0,0,0,0,0,d
0,0,0,0,0,0,0,0,0,0,0,0,0,0,0,0,0,0,0,0,0,0,0,0,0,0,0,0,0,0,0,0,0,0,0,0,0,0,0,0,0,0,0,0,0,0,0,0,0,0,0,0,0,0,0,0,0,0,0,0,0,0,0,d
0,0,0,0,0,0,0,0,0,0,0,0,0,0,0,0,0,0,0,0,0,0,0,0,0,0,0,0,0,0,0,0,0,0,0,0,0,0,0,0,0,0,0,0,0,0,0,0,0,0,0,0,0,0,0,0,0,0,0,0,0,0,0,d
0,0,0,0,0,0,0,0,0,0,0,0,0,0,0,0,0,0,0,0,0,0,0,0,0,0,0,0,0,0,0,0,0,0,0,0,0,0,0,0,0,0,0,0,0,0,0,0,0,0,0,0,0,0,0,0,0,0,0,0,0,0,0,d
0.453007251,0.677216649,-4.34421832e-09,0.482841104,0.640578449,-0.000669674948,0.497551799,0.601994097,-0.000239496658,0.502633572,0.567305148,-0.00311399205,0.494742692,0.546625078,-0.00516639836,0.484455287,0.56070441,0.0213586967,0.490662813,0.523763597,0.0103380373,0.492414296,0.543282688,-0.00196696329,0.490520507,0.567050636,-0.00794014707,0.466819793,0.556637943,0.0164416488,0.472166508,0.513328254,0.00528335711,0.476357788,0.538932681,-0.00660047121,0.475995,0.564023256,-0.0117547465,0.448107153,0.559698164,0.00910805073,0.450986773,0.518060803,-0.00090722,0.458072096,0.545541883,-0.00403670501,0.457966626,0.572290301,-0.00293485913,0.427236438,0.569067061,0.00136486592,0.432423174,0.533869743,-0.00345391151,0.438632816,0.55262351,-0.000498549722,0.439471662,0.574240685,0.00365274469,d
0,0,0,0,0,0,0,0,0,0,0,0,0,0,0,0,0,0,0,0,0,0,0,0,0,0,0,0,0,0,0,0,0,0,0,0,0,0,0,0,0,0,0,0,0,0,0,0,0,0,0,0,0,0,0,0,0,0,0,0,0,0,0,d
0,0,0,0,0,0,0,0,0,0,0,0,0,0,0,0,0,0,0,0,0,0,0,0,0,0,0,0,0,0,0,0,0,0,0,0,0,0,0,0,0,0,0,0,0,0,0,0,0,0,0,0,0,0,0,0,0,0,0,0,0,0,0,d
0,0,0,0,0,0,0,0,0,0,0,0,0,0,0,0,0,0,0,0,0,0,0,0,0,0,0,0,0,0,0,0,0,0,0,0,0,0,0,0,0,0,0,0,0,0,0,0,0,0,0,0,0,0,0,0,0,0,0,0,0,0,0,d
0,0,0,0,0,0,0,0,0,0,0,0,0,0,0,0,0,0,0,0,0,0,0,0,0,0,0,0,0,0,0,0,0,0,0,0,0,0,0,0,0,0,0,0,0,0,0,0,0,0,0,0,0,0,0,0,0,0,0,0,0,0,0,d
0,0,0,0,0,0,0,0,0,0,0,0,0,0,0,0,0,0,0,0,0,0,0,0,0,0,0,0,0,0,0,0,0,0,0,0,0,0,0,0,0,0,0,0,0,0,0,0,0,0,0,0,0,0,0,0,0,0,0,0,0,0,0,d
0,0,0,0,0,0,0,0,0,0,0,0,0,0,0,0,0,0,0,0,0,0,0,0,0,0,0,0,0,0,0,0,0,0,0,0,0,0,0,0,0,0,0,0,0,0,0,0,0,0,0,0,0,0,0,0,0,0,0,0,0,0,0,d
0,0,0,0,0,0,0,0,0,0,0,0,0,0,0,0,0,0,0,0,0,0,0,0,0,0,0,0,0,0,0,0,0,0,0,0,0,0,0,0,0,0,0,0,0,0,0,0,0,0,0,0,0,0,0,0,0,0,0,0,0,0,0,d
0,0,0,0,0,0,0,0,0,0,0,0,0,0,0,0,0,0,0,0,0,0,0,0,0,0,0,0,0,0,0,0,0,0,0,0,0,0,0,0,0,0,0,0,0,0,0,0,0,0,0,0,0,0,0,0,0,0,0,0,0,0,0,d
0,0,0,0,0,0,0,0,0,0,0,0,0,0,0,0,0,0,0,0,0,0,0,0,0,0,0,0,0,0,0,0,0,0,0,0,0,0,0,0,0,0,0,0,0,0,0,0,0,0,0,0,0,0,0,0,0,0,0,0,0,0,0,d
0,0,0,0,0,0,0,0,0,0,0,0,0,0,0,0,0,0,0,0,0,0,0,0,0,0,0,0,0,0,0,0,0,0,0,0,0,0,0,0,0,0,0,0,0,0,0,0,0,0,0,0,0,0,0,0,0,0,0,0,0,0,0,d
0.380988032,0.659619927,1.63325794e-07,0.403314054,0.610331,-0.00612548552,0.410204083,0.569493175,-0.00788096618,0.409514308,0.532345474,-0.0130292866,0.395701,0.507966101,-0.0181875918,0.380530417,0.532953441,0.0241542291,0.378892154,0.494734943,0.0144033479,0.390599191,0.498501867,0.000206385521,0.40019697,0.514017224,-0.00800371077,0.364366502,0.53643322,0.0210101772,0.360130787,0.493551165,0.00931032095,0.373610497,0.50597477,-0.00827657059,0.383089,0.529548764,-0.0177594665,0.347034365,0.54358685,0.0148381647,0.341999918,0.5022614,0.00427389191,0.356099904,0.518075228,-0.00482428,0.364100248,0.545228481,-0.00777207362,0.329205543,0.556864917,0.00764742261,0.324290693,0.521325,0.00191513589,0.333782256,0.530643165,0.00112143601,0.340708435,0.552162588,0.00254652184,d
0,0,0,0,0,0,0,0,0,0,0,0,0,0,0,0,0,0,0,0,0,0,0,0,0,0,0,0,0,0,0,0,0,0,0,0,0,0,0,0,0,0,0,0,0,0,0,0,0,0,0,0,0,0,0,0,0,0,0,0,0,0,0,d
0,0,0,0,0,0,0,0,0,0,0,0,0,0,0,0,0,0,0,0,0,0,0,0,0,0,0,0,0,0,0,0,0,0,0,0,0,0,0,0,0,0,0,0,0,0,0,0,0,0,0,0,0,0,0,0,0,0,0,0,0,0,0,d
0,0,0,0,0,0,0,0,0,0,0,0,0,0,0,0,0,0,0,0,0,0,0,0,0,0,0,0,0,0,0,0,0,0,0,0,0,0,0,0,0,0,0,0,0,0,0,0,0,0,0,0,0,0,0,0,0,0,0,0,0,0,0,d
0,0,0,0,0,0,0,0,0,0,0,0,0,0,0,0,0,0,0,0,0,0,0,0,0,0,0,0,0,0,0,0,0,0,0,0,0,0,0,0,0,0,0,0,0,0,0,0,0,0,0,0,0,0,0,0,0,0,0,0,0,0,0,d
0,0,0,0,0,0,0,0,0,0,0,0,0,0,0,0,0,0,0,0,0,0,0,0,0,0,0,0,0,0,0,0,0,0,0,0,0,0,0,0,0,0,0,0,0,0,0,0,0,0,0,0,0,0,0,0,0,0,0,0,0,0,0,d
0,0,0,0,0,0,0,0,0,0,0,0,0,0,0,0,0,0,0,0,0,0,0,0,0,0,0,0,0,0,0,0,0,0,0,0,0,0,0,0,0,0,0,0,0,0,0,0,0,0,0,0,0,0,0,0,0,0,0,0,0,0,0,d
0,0,0,0,0,0,0,0,0,0,0,0,0,0,0,0,0,0,0,0,0,0,0,0,0,0,0,0,0,0,0,0,0,0,0,0,0,0,0,0,0,0,0,0,0,0,0,0,0,0,0,0,0,0,0,0,0,0,0,0,0,0,0,d
0,0,0,0,0,0,0,0,0,0,0,0,0,0,0,0,0,0,0,0,0,0,0,0,0,0,0,0,0,0,0,0,0,0,0,0,0,0,0,0,0,0,0,0,0,0,0,0,0,0,0,0,0,0,0,0,0,0,0,0,0,0,0,d
0,0,0,0,0,0,0,0,0,0,0,0,0,0,0,0,0,0,0,0,0,0,0,0,0,0,0,0,0,0,0,0,0,0,0,0,0,0,0,0,0,0,0,0,0,0,0,0,0,0,0,0,0,0,0,0,0,0,0,0,0,0,0,d
0,0,0,0,0,0,0,0,0,0,0,0,0,0,0,0,0,0,0,0,0,0,0,0,0,0,0,0,0,0,0,0,0,0,0,0,0,0,0,0,0,0,0,0,0,0,0,0,0,0,0,0,0,0,0,0,0,0,0,0,0,0,0,d
0,0,0,0,0,0,0,0,0,0,0,0,0,0,0,0,0,0,0,0,0,0,0,0,0,0,0,0,0,0,0,0,0,0,0,0,0,0,0,0,0,0,0,0,0,0,0,0,0,0,0,0,0,0,0,0,0,0,0,0,0,0,0,d
0.369479895,0.669059634,1.1346566e-07,0.394084394,0.620080233,-0.00562870689,0.402876377,0.572329283,-0.00656120433,0.398553,0.534293294,-0.00956880488,0.384029716,0.511154234,-0.0122061512,0.374294192,0.536163747,0.0128244832,0.367256165,0.498245239,0.00365966535,0.371652365,0.505772889,-0.00625014305,0.376785457,0.522770047,-0.0112859653,0.352691412,0.540860355,0.010649058,0.342119098,0.499380112,0.00301232189,0.347238094,0.50824,-0.00595397782,0.353583694,0.526605964,-0.010665074,0.332720548,0.552744448,0.00579531211,0.320465147,0.510174334,-0.00124021352,0.327178866,0.518946409,-0.00391805358,0.335268527,0.537421942,-0.00393709633,0.313670814,0.572214961,-6.40293802e-05,0.3009215,0.536984146,-0.00381994923,0.305946767,0.538152337,-0.00225746515,0.31351909,0.548463166,0.000254719722,d
0,0,0,0,0,0,0,0,0,0,0,0,0,0,0,0,0,0,0,0,0,0,0,0,0,0,0,0,0,0,0,0,0,0,0,0,0,0,0,0,0,0,0,0,0,0,0,0,0,0,0,0,0,0,0,0,0,0,0,0,0,0,0,d
0.407384545,0.677582264,7.973604e-08,0.436666191,0.633353591,-0.00711733149,0.452289253,0.583133817,-0.00980695058,0.445210814,0.539004326,-0.0130120292,0.423972726,0.52007854,-0.0159210917,0.427105427,0.548215747,0.00362832239,0.421323329,0.504904747,-0.00352968858,0.425291181,0.515521467,-0.0112154223,0.430067629,0.53234005,-0.015250545,0.403874129,0.549730659,0.00376032852,0.398938954,0.504552126,-0.00296034641,0.407044113,0.518635511,-0.0104028527,0.41248697,0.541691,-0.01412505,0.38169688,0.559130788,0.00257241819,0.376660794,0.512061596,-0.00248997705,0.388099194,0.525933504,-0.00334863458,0.394666135,0.549542308,-0.00253086188,0.359747589,0.575805426,0.000782918825,0.353443801,0.534760296,-0.00128269498,0.362575591,0.542589962,0.00226268102,0.368561655,0.560180664,0.00608874392,d
0,0,0,0,0,0,0,0,0,0,0,0,0,0,0,0,0,0,0,0,0,0,0,0,0,0,0,0,0,0,0,0,0,0,0,0,0,0,0,0,0,0,0,0,0,0,0,0,0,0,0,0,0,0,0,0,0,0,0,0,0,0,0,d
0.567630887,0.751526356,1.18775063e-07,0.618706763,0.723665,-0.0256978832,0.64904362,0.686913133,-0.0396917202,0.660333395,0.643298388,-0.0541588701,0.637101352,0.612710118,-0.0680137649,0.614908814,0.612563372,-0.00665006693,0.623980522,0.566283107,-0.0330363959,0.627484798,0.590455294,-0.0551185124,0.627435625,0.620890379,-0.0665980056,0.58932358,0.610926032,-0.00604559621,0.597459614,0.556724429,-0.0357877277,0.605080187,0.592564821,-0.0590195619,0.608986497,0.626599848,-0.0702853054,0.564271152,0.615188,-0.0101729631,0.567949414,0.558127701,-0.0359417908,0.581213415,0.588142157,-0.0491605848,0.583613634,0.624777317,-0.0529860184,0.537592173,0.62363565,-0.016589256,0.540708542,0.576386571,-0.0326205641,0.551442,0.594390333,-0.038035769,0.554423869,0.622080863,-0.039535,d
0.531897783,0.719943047,6.71671359e-08,0.570499,0.694336653,-0.0201253165,0.600283206,0.653331161,-0.0307495128,0.603270113,0.608833,-0.0403359607,0.588984251,0.578035533,-0.0490162373,0.581222653,0.593471825,-0.0144202886,0.583960593,0.551738083,-0.0312186442,0.587379277,0.559868813,-0.0426196083,0.588306606,0.574451745,-0.048057396,0.5520491,0.587577164,-0.0127072213,0.5538221,0.537420869,-0.0304591898,0.560425401,0.556075752,-0.0404682942,0.56285733,0.5803141,-0.0440903865,0.524263442,0.590735555,-0.0137792854,0.523178577,0.540543795,-0.0296596438,0.53334862,0.562063277,-0.0314409062,0.536990047,0.590802431,-0.029140532,0.496708691,0.601412356,-0.0165179968,0.495709419,0.555794597,-0.0280440319,0.504573762,0.57062906,-0.026778033,0.508917034,0.593470037,-0.0230379645,d
0,0,0,0,0,0,0,0,0,0,0,0,0,0,0,0,0,0,0,0,0,0,0,0,0,0,0,0,0,0,0,0,0,0,0,0,0,0,0,0,0,0,0,0,0,0,0,0,0,0,0,0,0,0,0,0,0,0,0,0,0,0,0,d
0,0,0,0,0,0,0,0,0,0,0,0,0,0,0,0,0,0,0,0,0,0,0,0,0,0,0,0,0,0,0,0,0,0,0,0,0,0,0,0,0,0,0,0,0,0,0,0,0,0,0,0,0,0,0,0,0,0,0,0,0,0,0,d
0,0,0,0,0,0,0,0,0,0,0,0,0,0,0,0,0,0,0,0,0,0,0,0,0,0,0,0,0,0,0,0,0,0,0,0,0,0,0,0,0,0,0,0,0,0,0,0,0,0,0,0,0,0,0,0,0,0,0,0,0,0,0,d
0,0,0,0,0,0,0,0,0,0,0,0,0,0,0,0,0,0,0,0,0,0,0,0,0,0,0,0,0,0,0,0,0,0,0,0,0,0,0,0,0,0,0,0,0,0,0,0,0,0,0,0,0,0,0,0,0,0,0,0,0,0,0,d
0,0,0,0,0,0,0,0,0,0,0,0,0,0,0,0,0,0,0,0,0,0,0,0,0,0,0,0,0,0,0,0,0,0,0,0,0,0,0,0,0,0,0,0,0,0,0,0,0,0,0,0,0,0,0,0,0,0,0,0,0,0,0,d
